OBJECTID,Local Government Areas 2021 code,Local Government Areas 2021 name,Area in square kilometres,Uniform Resource Identifier,Personal income: Employee income earners (no.) (Data year: 2020),Personal income: Employee income earners: Median age (years) (Data year: 2020),Personal income: Total employee income ($m) (Data year: 2020),Personal income: Median employee income ($) (Data year: 2020),Personal income: Mean employee income ($) (Data year: 2020),Personal income: Employee income as main source of income (%) (Data year: 2020),Personal income: Own unincorporated business income earners (no.) (Data year: 2020),Personal income: Own unincorporated business income earners: Median age (years) (Data year: 2020),Personal income: Total own unincorporated business income ($m) (Data year: 2020),Personal income: Median own unincorporated business income ($) (Data year: 2020),Personal income: Mean own unincorporated business income ($) (Data year: 2020),Personal income: Own unincorporated business income as main source of income (%) (Data year: 2020),Personal income: Investment income earners (no.) (Data year: 2020),Personal income: Investment income earners: Median age (years) (Data year: 2020),Personal income: Total investment income ($m) (Data year: 2020),Personal income: Median investment income ($) (Data year: 2020),Personal income: Mean investment income ($) (Data year: 2020),Personal income: Investment income as main source of income (%) (Data year: 2020),Personal income: Superannuation and annuity income earners (no.) (Data year: 2020),Personal income: Superannuation and annuity income earners: Median age (years) (Data year: 2020),Personal income: Total superannuation and annuity income ($m) (Data year: 2020),Personal income: Median superannuation and annuity income ($) (Data year: 2020),Personal income: Mean superannuation and annuity income ($) (Data year: 2020),Personal income: Superannuation and annuity income as main source of income (%) (Data year: 2020),Personal income: Total income earners (excl. Government pensions and allowances)(no.) (Data year: 2020),Personal income: Total income earners (excl. Government pensions and allowances): Median age (years) (Data year: 2020),Personal income: Total income (excl. Government pensions and allowances) ($m) (Data year: 2020),Personal income: Median total income (excl. Government pensions and allowances) ($) (Data year: 2020),Personal income: Mean total income (excl. Government pensions and allowances) ($) (Data year: 2020),Personal income: Total income (excl. Government pensions and allowances): p80/P20 ratio (Data year: 2020),Personal income: Total income (excl. Government pensions and allowances): p80/P50 ratio (Data year: 2020),Personal income: Total income (excl. Government pensions and allowances): p20/P50 ratio (Data year: 2020),Personal income: Total income (excl. Government pensions and allowances): p10/P50 ratio (Data year: 2020),Personal income: Total income (excl. Government pensions and allowances): Gini coefficient (Data year: 2020),Personal income: Total income (excl. Government pensions and allowances): Income share of top 1% of earners (Data year: 2020),Personal income: Total income (excl. Government pensions and allowances): Income share of top 5% of earners (Data year: 2020),Personal income: Total income (excl. Government pensions and allowances): Income share of top 10% of earners (Data year: 2020),Personal income: Total income (excl. Government pensions and allowances): Lowest Quartile (%) (Data year: 2020),Personal income: Total income (excl. Government pensions and allowances): Second Quartile (%) (Data year: 2020),Personal income: Total income (excl. Government pensions and allowances): Third Quartile (%) (Data year: 2020),Personal income: Total income (excl. Government pensions and allowances): Highest Quartile (%) (Data year: 2020),Persons who reported gross capital gains (no.) (Data year: 2022),Total value of gross capital gains ($m) (Data year: 2022),Median value of gross capital gains ($) (Data year: 2022),Mean value of gross capital gains ($) (Data year: 2022),Government pensions and allowances: Age pension: Department of Veterans' Affairs (no.) (Data year: 2024),Government pensions and allowances: Persons: Service pension: Department of Veterans' Affairs (no.) (Data year: 2024),Government pensions and allowances: Income support supplement: Department of Veterans' Affairs (no.) (Data year: 2024),Total personal income: Persons earning $1-$499 per week (%) (Data year: 2021),Total personal income: Persons earning $500-$999 per week (%) (Data year: 2021),Total personal income: Persons earning $1000-$1999 per week (%) (Data year: 2021),Total personal income: Persons earning $2000-$2999 per week (%) (Data year: 2021),Total personal income: Persons earning $3000 or more per week (%) (Data year: 2021),Total personal income: Persons earning nil income (%) (Data year: 2021),Total personal income: Persons with a negative income (%) (Data year: 2021),Total personal income: Income inadequately described/not stated (%) (Data year: 2021),Median equivalised total household income (weekly) ($) (Data year: 2021),Equivalised total household income: $1-$499 per week (%) (Data year: 2021),Equivalised total household income: $500-$999 per week (%) (Data year: 2021),Equivalised total household income: $1000-$1999 per week (%) (Data year: 2021),Equivalised total household income: $2000-$2999 per week (%) (Data year: 2021),Equivalised total household income: $3000 or more per week (%) (Data year: 2021),Equivalised total household income: Nil income (%) (Data year: 2021),Equivalised total household income: Partial income stated (%) (Data year: 2021),Equivalised total household income: All incomes not stated (%) (Data year: 2021),globalid,Shape__Area,Shape__Length
1,10050,Albury,305.6386,https://linked.data.gov.au/dataset/asgsed3/LGA2021/10050,27801,39,1579.3,50957,56806,78.2,4062,48,103.5,10646,25479,6.1,20051,48,187.8,174,9366,13.2,989,59,30.3,20053,30614,2,31058,43,1843.1,50379,59344,4.47,1.74,0.39,0.15,0.44,7.7,19.4,29.7,24.7,27.4,28,19.8,3524,229.9,2900,65227,17,212,83,24.7,26.8,27.3,5.6,2.6,5.5,0.6,6.9,947,18,30.2,34.6,6.6,2.6,1.4,4.2,2.4,8461c72f-09b1-423c-84f4-613d7c2b9a53,0.03056041,1.321767624
2,10180,Armidale Regional,7809.4406,https://linked.data.gov.au/dataset/asgsed3/LGA2021/10180,13995,38,755,45738,53945,75.7,2948,54,1.7,1673,586,7,10393,49,86.5,270,8327,15.5,332,59,9.9,14938,29854,1.1,15630,43,812.8,43888,52003,6.27,1.91,0.3,0.09,0.533,7.8,20.6,32.5,31,27.7,23.1,18.2,2014,109.8,3558,54528,,50,25,25.4,24.9,23.1,5.9,2.8,6.2,0.7,11,924,19.3,30.2,31.6,7.8,3.2,1.5,4.6,1.8,cd087dd1-5e84-4430-a8bb-815cd9ee6cd9,0.732824737,6.034582716
3,10250,Ballina,484.9692,https://linked.data.gov.au/dataset/asgsed3/LGA2021/10250,21272,43,1141.1,45625,53642,67,5559,51,142.3,12388,25594,10.9,18932,52,203.8,389,10764,19.3,789,60,25.9,24015,32813,2,26498,48,1475.9,44182,55697,5.55,1.92,0.35,0.12,0.484,8,21.1,32.4,29.7,28.9,22.7,18.7,3426,213,4895,62184,31,255,131,26.6,27.7,24.3,5.6,3.4,4.6,0.6,7.3,926,17.4,31.9,32,6.9,3.6,1.4,4.7,2.2,9f6ce429-3ac9-43cc-823c-4cd48135a4af,0.044843437,1.511121272
4,10300,Balranald,21690.7493,https://linked.data.gov.au/dataset/asgsed3/LGA2021/10300,1271,35,60.2,44224,47370,74.7,332,52,6.7,8067,20137,12.2,805,48,9.6,167,11971,12.1,26,53,0.4,6006,14271,0.9,1355,42,71.6,47049,52831,4.41,1.66,0.38,0.13,0.515,10.4,22.4,32.9,26.7,29.8,29.1,14.4,105,10.4,6033,99093,,,,22.1,24.5,22.6,3.7,2,6.4,1,17.2,892,21.6,26.5,31.5,5,1.9,2.2,6.7,4.2,a9cf7d76-d40a-49ea-a163-a4c6c2b4aa37,2.115528087,11.48991195
5,10470,Bathurst Regional,3817.8645,https://linked.data.gov.au/dataset/asgsed3/LGA2021/10470,21565,39,1297.7,54111,60176,80.2,3655,51,59.4,7177,16255,7.1,14802,48,106,121,7160,11,521,56,15.8,18768,30355,1.2,23330,43,1421.9,53066,60946,4.71,1.78,0.38,0.15,0.432,5.5,16.7,27.4,24.1,25.2,26.7,23.9,2344,147.1,3863,62735,,70,35,23.5,24.4,26.7,7,2.5,6.2,0.6,9.1,1009,16.2,28.3,36.2,8.1,2.6,1.4,5.3,1.9,b918e468-268f-45de-9131-251013086a70,0.370148777,5.395114075
6,10500,Bayside (NSW),50.6204,https://linked.data.gov.au/dataset/asgsed3/LGA2021/10500,100498,35,6434,54170,64022,81.3,15722,40,348.1,13463,22138,8.2,72777,39,338.2,83,4647,9.3,1368,59,39.5,18426,28841,0.8,107275,37,6799.3,51718,63382,4.71,1.85,0.39,0.19,0.447,6.5,18.8,29.9,24.8,25.8,25.5,23.9,11227,415.6,1631,37015,,110,72,19.9,21.5,28.2,8.3,4.5,9.4,0.7,7.4,1187,14.1,21.9,37.3,12.8,5.7,2.7,4,1.5,a2bbc57b-b2fa-4a83-8e9f-6d79d50d4ce9,0.00493714,0.57641486
7,10550,Bega Valley,6278.5013,https://linked.data.gov.au/dataset/asgsed3/LGA2021/10550,15647,44,775.6,43608,49566,65.5,4183,54,76.9,9828,18375,10.9,14346,56,113.8,341,7933,18.2,1132,65,41.1,30172,36344,4.3,20163,51,977.8,40001,48494,6.22,1.91,0.31,0.1,0.486,6.4,19,30.6,33.6,28.8,22.8,14.9,2419,149.5,6914,61799,,166,49,29.9,27.5,22,4.1,1.9,5.6,0.7,8.1,794,22.6,33.8,27.3,4.9,2.2,1.8,5,2.4,bcb5a63e-affd-469c-8edb-bf4433c9d112,0.634170325,6.140820576
8,10600,Bellingen,1600.4338,https://linked.data.gov.au/dataset/asgsed3/LGA2021/10600,5580,45,281.7,42637,50476,64.9,1978,54,29.7,7447,15028,14.3,4844,55,37.1,427,7664,17.6,230,61,7.7,21705,33404,2.1,7136,50,344.1,38005,48227,7.12,2.04,0.29,0.08,0.514,7.4,20.6,32.5,35.6,28.1,21.3,15,786,41.3,5190,52598,,61,16,30.6,26.8,20,4.1,1.9,6.9,0.8,9,774,23.2,34.4,26.1,4.6,1.8,2.1,5.7,2.3,45113ad9-4d18-4049-bc0c-fae3c9699a6a,0.150235003,2.311477798
9,10650,Berrigan,2065.8878,https://linked.data.gov.au/dataset/asgsed3/LGA2021/10650,3839,42,188.5,44134,49092,69.3,1128,54,4.9,5616,4360,11.1,3102,54,30.9,297,9972,18.2,99,56,2.6,10000,26070,1.2,4669,49,217.5,40737,46589,6.26,1.89,0.3,0.07,0.509,5.6,18,29.7,32.6,29.1,24.1,14.2,561,38.5,4564,68614,,64,15,29.8,25.7,19.1,3.7,1.9,5.7,0.8,13.3,755,24.3,33.8,25.3,3.9,2.2,2.1,4.8,3.9,2f3283e3-3499-468b-b6f4-8047ec97aa7b,0.20581789,2.917699967
10,10750,Blacktown,238.8471,https://linked.data.gov.au/dataset/asgsed3/LGA2021/10750,,,,,,,,,,,,,,,,,,,,,,,,,,,,,,,,,,,,,,,,,,16669,483.8,1454,29026,20,421,161,20.2,21.1,28.6,7.7,3.1,11.5,0.9,7.1,1112,14.3,25,39.6,10.5,2.9,1.7,4.4,1.6,8e704b37-3190-4f93-9838-f820700b7d64,0.023238534,0.74129055
11,10800,Bland,8557.6536,https://linked.data.gov.au/dataset/asgsed3/LGA2021/10800,2557,39,137,45534,53590,67.6,1045,54,-5.9,2041,-5607,14.1,2270,50,13.4,235,5886,16.9,53,56,0.9,9600,16613,0.9,3195,46,137.2,38064,42953,10.32,2.12,0.21,0.01,0.707,7.7,22.1,36.1,36.5,26,20.7,16.8,319,25.6,4519,80254,,,13,25.8,24,23,6.4,2.8,5.2,1.1,11.7,876,21.8,26.3,29.1,6.6,2.3,2.2,7.8,3.8,b57e4857-5501-4573-b973-6003c78a2417,0.83408197,5.658587888
12,10850,Blayney,1524.647,https://linked.data.gov.au/dataset/asgsed3/LGA2021/10850,3508,43,216.1,53063,61597,74.7,1092,54,11.9,2273,10886,10.7,2687,50,22.1,188,8226,12.8,101,56,2.8,16777,27516,1.3,4059,47,240.1,49857,59159,5.38,1.87,0.35,0.11,0.493,8.4,19.9,31,26.7,25.9,24.8,22.6,406,23.8,4124,58731,,25,13,24.8,23.3,25.1,7.5,3.1,6.9,1,8.2,964,17.3,28.6,33.5,7.2,2.9,1.6,6.2,2.1,eed8040c-d955-4bc0-88f7-6058a4271bc7,0.148091419,2.286066213
13,10900,Blue Mountains,1431.1442,https://linked.data.gov.au/dataset/asgsed3/LGA2021/10900,40099,44,2729.7,58384,68075,75.3,7482,50,179,10588,23925,8.3,32359,50,201.2,193,6219,13.4,1401,62,49.1,25439,35062,2,46087,47,3012,53047,65354,5.81,1.93,0.33,0.12,0.466,6.7,18.8,30,26.3,23.1,23,27.6,5298,310.7,2621,58640,6,193,74,23.5,22.8,26.5,9.6,4.7,7.7,0.5,4.8,1086,14.7,27.3,35.6,11.3,4.6,1.4,3.8,1.3,05e52416-405f-42ee-8f1f-78e127f1aaa1,0.139172971,3.097879504
14,10950,Bogan,14599.8996,https://linked.data.gov.au/dataset/asgsed3/LGA2021/10950,1228,39,74,52754,60294,71,470,53,-16.8,-4721,-35727,10.5,948,49,7.5,228,7926,17.4,31,47,0.3,4975,8727,0.7,1482,46,59.7,43157,40263,11.07,2,0.18,,0.893,6.1,22.1,37.6,33.9,23.9,22.7,19.6,115,10.4,4339,90421,,,,24.2,21.3,24.7,6.2,3.5,6.3,1.6,12,941,20.8,23.6,29.3,7.9,4.8,1.7,7.7,4.8,40e1d1d7-919d-4249-9ea0-55a6fd4c3251,1.386614616,7.410677384
15,11150,Bourke,41598.3722,https://linked.data.gov.au/dataset/asgsed3/LGA2021/11150,1232,38,70.3,53320,57061,76.3,332,53,9.9,16597,29835,14.1,755,47,3.7,105,4955,8.8,22,54,0.3,9810,13789,0.5,1285,43,77.8,54690,60531,4.36,1.68,0.39,0.14,0.455,6.3,17.4,28.1,23.2,24.4,28.8,23.6,78,6.2,3093,79256,,,,18.5,19.7,24.1,6,3.8,5.3,1.6,20.5,1034,17.6,20.9,29.7,9.6,4.4,2.2,8.5,7.1,f68f1485-cc49-4f3e-913d-43e1d2e80253,3.885972907,10.61903493
16,11200,Brewarrina,19162.0296,https://linked.data.gov.au/dataset/asgsed3/LGA2021/11200,568,40,29.8,49678,52471,81,127,56,-1.9,-2207,-14856,7.5,250,50,1.1,118,4583,10.2,13,54,0.2,9432,18743,0.5,559,44,25.8,46458,46190,6.33,1.72,0.27,0.02,0.577,3.9,16.6,28.8,30.8,24,29,16.3,23,0.6,7003,25039,,,,28.3,20.2,17,4.4,2,6.7,3.7,18.4,635,34.9,22.6,19.2,5.7,4.2,3.8,5.9,3.6,51dfc3ec-6c6b-4978-a4ff-9a087a619184,1.78796379,9.889935468
17,11250,Broken Hill,170.1153,https://linked.data.gov.au/dataset/asgsed3/LGA2021/11250,8209,41,511.9,55146,62363,84.9,882,50,12.2,4627,13877,5,4819,48,21.7,62,4513,8.5,197,53,4.4,9999,22320,1.2,8378,44,523.4,54757,62469,4.84,1.81,0.37,0.16,0.427,4.7,15.5,26.3,23.6,24.3,25.9,26.2,652,15.6,3017,23893,,41,37,30.2,22.5,21.7,6.6,2.2,5.4,0.8,10.6,798,24.8,28.4,27.2,7.2,2,1.9,5.2,3.2,782ac6d5-b287-43c9-962a-b5fccb5045eb,0.016225819,0.610208146
18,11300,Burwood,7.1282,https://linked.data.gov.au/dataset/asgsed3/LGA2021/11300,22677,32,1302.2,43016,57422,77.4,3429,43,92.1,14073,26870,7.8,18199,38,114.1,92,6270,13.3,307,62,8.6,22196,27885,0.9,24795,36,1435.8,40937,57908,5.61,2.16,0.38,0.16,0.507,8.4,22.3,34.5,32.4,27.2,20.1,20.4,2997,131.7,2071,43949,,51,13,21.4,24.4,23.4,6.9,4.6,11.8,0.6,6.9,1078,14.8,24.7,33.7,11.2,5.7,4.1,4.7,1.2,647c88e4-eead-494c-8446-d6d1a0e7eb01,0.000694724,0.119165278
19,11350,Byron,565.8027,https://linked.data.gov.au/dataset/asgsed3/LGA2021/11350,18673,37,850.3,33196,45539,60.6,7556,47,163.5,11432,21635,17.9,16266,48,264.8,405,16278,18.9,460,59,13.6,18610,29641,1.3,23235,44,1254,36665,53971,5.75,2.07,0.36,0.15,0.549,13.4,28.2,39.7,35.5,30.3,19,15.2,2970,644.3,6400,216946,,71,38,22.4,26.9,23.3,5.2,4.7,5.4,0.5,11.6,996,15.4,28.9,32.4,7.9,5.3,1.6,7,1.6,72d89ad0-16b9-4650-9fa7-ea3f25b14bf8,0.052195978,1.559298389
20,11400,Cabonne,6022.3496,https://linked.data.gov.au/dataset/asgsed3/LGA2021/11400,6442,42,386,51381,59922,71.6,2383,54,5.9,1807,2491,12.3,5202,50,53.2,222,10220,14.8,141,56,3.1,9993,21696,0.8,7607,47,430,46144,56533,6.95,1.96,0.28,0.06,0.565,9.5,22.7,34.5,30.6,24.6,23.3,21.5,862,98.1,5538,113841,,29,12,24.1,22.7,24.5,6.8,4.3,6.7,1.1,9.8,967,18.5,26.4,31.8,7.7,4.4,2,6.6,2.7,8f5a9459-e63d-4dae-b378-acf6c816b908,0.58205995,6.716226121
21,11450,Camden,201.5278,https://linked.data.gov.au/dataset/asgsed3/LGA2021/11450,,,,,,,,,,,,,,,,,,,,,,,,,,,,,,,,,,,,,,,,,,5064,297.6,2136,58767,11,134,69,17.6,21.1,33.2,9.8,4,8.9,0.7,4.6,1258,9.6,22.4,44.6,13.1,3.7,1.3,4,1.2,f150db97-c5f6-4228-b414-135698c2635e,0.019667902,0.781939032
22,11500,Campbelltown (NSW),311.4117,https://linked.data.gov.au/dataset/asgsed3/LGA2021/11500,,,,,,,,,,,,,,,,,,,,,,,,,,,,,,,,,,,,,,,,,,5984,201,1664,33589,6,326,148,23.4,23.4,27.1,5.4,1.8,10.7,1,7.2,962,17.9,29.3,36,7,1.8,1.8,4.4,1.7,35827f99-208d-4db7-8e03-c6a99190da9a,0.030418343,0.992641695
23,11520,Canada Bay,19.9239,https://linked.data.gov.au/dataset/asgsed3/LGA2021/11520,51092,38,4343.4,66244,85011,76.2,8033,46,305,14125,37967,7,45176,43,533,318,11798,15.1,876,61,28.9,22652,32983,0.9,57450,41,4968.4,61661,86482,5.84,2.03,0.35,0.16,0.515,10.7,24.9,36.4,23.1,20.4,21.8,34.7,9529,601.7,2963,63142,,86,39,16.8,17.4,27.6,11.8,11.4,8.9,0.5,5.5,1518,10.6,16.7,33.3,18.4,13.8,2.3,3.7,1.2,4741898b-eb96-48e5-836b-e81aaf507f9e,0.001940895,0.438232041
24,11570,Canterbury-Bankstown,110.2374,https://linked.data.gov.au/dataset/asgsed3/LGA2021/11570,173160,37,9997.1,49494,57733,79.4,31036,42,654.8,15353,21100,10.3,117131,42,462.7,96,3951,9,2568,58,67.6,15567,26332,0.8,190809,39,10671.1,45875,55926,4.75,1.87,0.39,0.18,0.447,6.2,18.3,29.4,28.4,27.8,24.8,19,15560,580.6,1710,37313,8,1217,168,26.3,22.1,22.3,5,2.4,12.3,1.1,8.6,877,22,28.1,30.7,7.3,2.6,2.9,4.4,1.9,2a203798-9c4b-422a-9077-2145f7a3bf48,0.01074767,0.710778007
25,11600,Carrathool,18934.4853,https://linked.data.gov.au/dataset/asgsed3/LGA2021/11600,1560,35,71.5,40445,45827,74,479,52,3.6,4365,7551,12.2,1039,48,6.4,243,6185,12.3,26,45,0.2,119,8386,0.5,1709,42,76.5,41201,44762,6.01,1.81,0.3,0.05,0.598,6.8,20.1,32.4,33,27.3,25.6,14.1,121,10.8,3620,89134,,5,6,17.8,25.9,26.7,5,2.5,5.1,1.8,14.8,981,16.1,28.6,36.4,5.4,3.1,2.4,6.3,3.1,bf47bfbd-6418-4584-a42f-e54cb647b5ad,1.839495383,11.01039889
26,11650,Central Coast (NSW),1681.0059,https://linked.data.gov.au/dataset/asgsed3/LGA2021/11650,168815,41,10312.8,52211,61089,78,24972,47,655.2,13431,26239,7.4,119653,48,795,133,6644,12.2,5037,59,147.1,19392,29213,1.6,188251,44,11467.1,50037,60914,4.87,1.84,0.38,0.15,0.453,7.1,19.2,30.2,25.5,26.8,25.6,22.1,18426,1180.4,2930,64063,41,1138,554,26,25.1,24.7,6.3,3.4,6.9,0.7,6.9,947,18.1,29.7,33.1,7.7,3.2,1.7,4.3,2.1,4e8816b0-c56e-48f1-8845-3886e089796d,0.162751102,5.261146669
27,11700,Central Darling,53492.193,https://linked.data.gov.au/dataset/asgsed3/LGA2021/11700,597,42,30,42880,50212,68.8,236,50,6.5,11113,27533,17,384,50,3.5,473,9235,12.8,,,,,,,657,47,36.5,46581,55519,7.03,1.97,0.28,0.08,0.592,7.5,21.2,34.5,30.4,24.9,23.1,21.6,46,2.2,2502,47694,,7,,28.5,18.2,15.1,3.7,2.7,5.8,2.3,24,651,30.1,24.4,19.5,5.8,3.6,4.1,6.1,5.8,90a5cbbf-f885-4346-a3f8-72fdf4da5f16,5.097577467,16.1989596
28,11720,Cessnock,1965.1593,https://linked.data.gov.au/dataset/asgsed3/LGA2021/11720,28878,38,1782.4,52428,61723,84.6,3109,48,39.1,7849,12569,5,16828,45,82.5,75,4902,8.5,763,51,19.6,14399,25625,1.4,30182,40,1844.3,51320,61106,4.59,1.83,0.4,0.17,0.438,5.9,17.2,28.5,24.1,27,26.3,22.6,2156,149.6,4173,69399,17,164,54,27.1,24.8,23.1,5.9,2.5,6.8,0.7,9,917,19.3,29.9,33,6.7,2.2,1.7,5,2.1,2a17fbf1-1667-4295-ba1d-e4a775e753d1,0.189449689,2.982205934
29,11730,Clarence Valley,10428.6804,https://linked.data.gov.au/dataset/asgsed3/LGA2021/11730,21661,43,1115.9,45220,51517,71.2,5313,54,62.8,6503,11822,9.9,16934,53,101.6,214,6001,16,817,59,22.5,18999,27584,2.2,25997,48,1254.5,40710,48256,6.19,1.89,0.3,0.09,0.481,6.1,18.4,29.9,32.7,29.5,22.8,15,2429,138.3,5649,56952,23,282,126,33,26.1,18.6,3.4,1.5,5.8,0.9,10.8,729,25.2,35,24.6,3.9,1.7,1.8,5.2,2.6,b66cf8b5-c33a-4958-ad4d-299c86e5e201,0.972005782,7.205684396
30,11750,Cobar,45575.3512,https://linked.data.gov.au/dataset/asgsed3/LGA2021/11750,2131,38,149,58959,69921,79.8,475,53,1.9,3089,4005,9.6,1317,46,7.7,82,5871,9.4,45,52,1.2,9503,27429,0.9,2222,41,145.3,56479,65391,6.06,1.98,0.33,0.11,0.515,5.9,17.8,29.2,24.8,22.1,22.2,30.9,172,18.1,4629,105179,,,,20,17,23.6,9.8,4.4,6.4,1.5,17.5,1155,17.6,18.9,32.9,10.8,5,2.3,8,4.1,192cfe1e-f0e6-40a4-b584-bea6c191e128,4.34373576,13.68513595
31,11800,Coffs Harbour,1173.7435,https://linked.data.gov.au/dataset/asgsed3/LGA2021/11800,38327,40,1963,44053,51216,74.9,7330,49,185.7,12442,25332,9,27438,50,203.4,201,7413,13.5,1292,59,38.1,20815,29479,1.9,43705,45,2325.7,43423,53213,5.31,1.88,0.35,0.13,0.471,7.5,20,31.1,30.1,29.5,23.5,16.9,4362,215.1,3419,49319,30,362,153,28,27.5,23.2,4.8,2.3,5.6,0.7,7.9,864,19.9,33,30.4,5.8,2.3,1.4,5,2.2,e832aa0f-852b-40e9-a267-06e1ef82b373,0.10994544,2.557292623
32,12000,Coolamon,2430.9037,https://linked.data.gov.au/dataset/asgsed3/LGA2021/12000,1931,41,101.7,48480,52644,67.8,707,53,6,5808,8459,13.9,1657,51,12.1,258,7278,16.6,72,58,2.2,21297,30140,1.5,2441,47,118.5,44179,48558,6.94,1.81,0.26,0.04,0.538,5.8,18.5,30.7,31.8,25.5,26.2,16.4,236,15.8,4966,66863,,26,,28.5,24.4,24.2,4.9,2.3,6.2,1.2,8.5,819,22.6,30.5,28,5.3,2.1,1.8,6.4,3.4,c58e7c64-c429-46e1-8834-d1fe5d7ee85e,0.238980517,2.758712247
33,12150,Coonamble,9916.0535,https://linked.data.gov.au/dataset/asgsed3/LGA2021/12150,1514,39,72.6,44705,47957,68.5,589,55,-20.1,-1378,-34186,11.9,1068,51,13.2,346,12365,17.5,39,53,0.7,9719,16763,1.5,1792,46,63.1,39674,35203,13.09,1.86,0.14,,1.016,9.7,27.6,43.3,36.9,26.2,23.1,13.9,163,45.2,4085,277219,,12,,26.3,22.3,20.1,3.8,2.6,6,1.5,17.2,785,24.8,28.9,24.6,4.6,3.6,3,5.4,4.8,70b3aa67-272a-4345-8f1f-e545fa873656,0.935258481,5.702905058
34,12160,Cootamundra-Gundagai Regional,3981.4172,https://linked.data.gov.au/dataset/asgsed3/LGA2021/12160,4925,42,254.4,46088,51654,71.4,1377,54,22.4,8073,16262,10.9,4001,52,39.4,262,9840,15.4,171,58,5,18759,29138,1.9,5845,48,310.7,44692,53155,5.7,1.82,0.32,0.09,0.495,7.5,20.3,31.9,29.4,29.1,24.4,17.1,562,47.8,4974,85104,,55,20,30.5,25.6,20.4,3.7,3,6.6,0.9,9.2,754,26.5,31.2,24.8,4.5,3,1.9,5,3.1,9a9f701a-66a6-4cef-861b-7c4d9661ff74,0.392439131,5.274394201
35,12350,Cowra,2808.7821,https://linked.data.gov.au/dataset/asgsed3/LGA2021/12350,5367,41,262.2,45316,48859,69.1,1715,55,13.8,5230,8071,12.2,4480,52,44,193,9818,16.7,156,57,3.8,14704,24642,1.5,6497,47,308,41993,47411,6.35,1.76,0.28,0.06,0.528,9,21,32.3,32.5,28.7,25.3,13.5,585,42.9,5969,73264,,44,22,32.3,25.3,20.6,3.6,1.7,5.3,1.2,10,735,26.2,32.3,24.7,4.2,1.9,1.8,5.4,3.4,6b5fec37-4509-44a6-b6ee-22a64caa4802,0.2734522,4.305115247
36,12380,Cumberland,72.7496,https://linked.data.gov.au/dataset/asgsed3/LGA2021/12380,,,,,,,,,,,,,,,,,,,,,,,,,,,,,,,,,,,,,,,,,,9154,314.3,1611,34337,,371,90,24.3,23.2,22.6,5.2,2.1,12.3,1.1,9.2,920,20.1,27.7,32.9,7.4,2.1,2.8,4.9,2.1,99695ee7-42a2-44c1-ae9e-f15ebc091bb2,0.007086533,0.516181969
37,12390,Dubbo Regional,7534.5251,https://linked.data.gov.au/dataset/asgsed3/LGA2021/12390,27519,38,1596,53056,57998,80.9,5059,51,32.8,3750,6474,7.1,17912,46,134,116,7479,10.8,557,55,13.9,11688,24904,1,29357,41,1696.5,51952,57788,4.6,1.74,0.38,0.14,0.455,6.1,17.2,27.9,24.5,25.9,28.1,21.5,2636,139.1,3721,52784,,113,68,21.9,23.6,27.3,6.3,2.5,5.2,0.9,12.2,998,16.7,27.5,34.9,7.8,2.8,1.5,6.1,2.7,9e689a0b-6596-4e1a-bc45-33c2d5349f0b,0.722387283,5.629636364
38,12700,Dungog,2249.9983,https://linked.data.gov.au/dataset/asgsed3/LGA2021/12700,4422,43,278.3,53277,62939,72.7,1257,54,2.3,2832,1851,10,3531,52,29.8,303,8441,15.2,145,58,4.2,21328,28920,1.8,5252,48,297.5,46194,56636,6.12,2,0.33,0.08,0.508,6.8,19.3,31.2,29.3,26,23.1,21.6,537,47.2,6098,87899,9,30,9,27.7,24.8,24,6.3,3.7,6.6,0.8,6,934,17.9,29.7,31.6,7.2,3.7,1.7,6.4,1.9,cbf25be9-7907-408d-a0d0-ed879225f39c,0.21554515,2.627829769
39,12730,Edward River,8883.4463,https://linked.data.gov.au/dataset/asgsed3/LGA2021/12730,4269,42,214.9,47028,50343,71.9,1125,55,5.1,3934,4506,9.7,3369,52,29,295,8607,16.8,115,57,2.8,10000,24162,1.1,5020,48,242.6,44168,48318,5.91,1.8,0.3,0.08,0.524,6,18.2,29.8,31.4,27,25.9,15.8,562,35.1,5223,62451,,21,15,26.9,24.7,24.3,4.4,2.2,5,1.1,11.4,840,21.5,30.8,29.7,5,2.1,1.7,5.6,3.4,bb276ac0-ab31-4d46-acfb-90a5d4e31054,0.878986535,5.928874221
40,12750,Eurobodalla,3428.1695,https://linked.data.gov.au/dataset/asgsed3/LGA2021/12750,16169,45,768.5,40860,47531,63.4,4032,53,84.5,12306,20969,11,14456,57,109.9,330,7604,17.6,1879,67,70.9,31731,37733,7,21170,52,1003.3,38704,47394,5.99,1.86,0.31,0.1,0.491,7.5,20.6,32.1,34,30.5,22.6,12.9,2339,137.8,6279,58899,23,243,79,31.8,27,20.5,3.4,2.1,5.2,0.7,9.2,780,23.4,34.7,26.5,4.4,2.3,1.7,4.5,2.6,ba552984-0b2d-41fe-b9e7-d38b4d9a8272,0.342431228,4.595121868
41,12850,Fairfield,101.5072,https://linked.data.gov.au/dataset/asgsed3/LGA2021/12850,87340,37,4595.5,47534,52616,81.8,12581,45,285,16495,22654,8.6,55595,42,211.1,114,3797,8.4,1228,54,31.4,10899,25583,0.8,94132,40,4896.3,45569,52015,4.48,1.74,0.39,0.18,0.422,5.4,16.7,27.4,28.4,29,27.3,15.3,6818,384.1,1519,56332,,1986,36,33.1,22.4,18.3,2.9,1.1,12.9,1.4,7.8,732,26.2,32.6,26.1,4.1,1,3.5,4.4,2,736c99e2-50e6-439b-aba8-cde29174b557,0.009890073,0.652562025
42,12870,Federation,5684.9253,https://linked.data.gov.au/dataset/asgsed3/LGA2021/12870,6014,44,313.2,48461,52074,71.5,1401,53,14.6,6849,10421,8.9,4724,54,35.1,394,7440,17.3,242,60,6.4,19088,26281,1.9,7241,49,354.1,44959,48902,5.76,1.75,0.3,0.1,0.469,4.9,16.7,27.7,30.2,27.8,27.1,14.8,876,48.2,3117,55018,7,92,27,29.8,26.5,22.7,3.4,1.5,5.6,1,9.7,792,23.3,31.7,28.4,3.9,1.7,2.1,5.1,3.6,11d13f73-0bfa-4d9f-ad4f-0793824bbf8a,0.564731764,6.272956183
43,12900,Forbes,4710.128,https://linked.data.gov.au/dataset/asgsed3/LGA2021/12900,4282,39,233.9,49065,54624,72.5,1377,54,-9.3,1634,-6733,10.6,3422,50,33.1,183,9658,15.4,100,51,2.8,9134,27591,1,5057,45,249.6,45173,49356,6.15,1.79,0.29,0.06,0.588,7.9,21,33.2,30.6,26.6,26,16.7,438,31.9,3909,72845,,29,16,26.1,25.3,23.2,5.3,2.8,5.6,1.2,10.6,843,22.4,29.2,28.5,6.1,2.8,2,5.8,3.1,55042429-3d4c-4156-8d6d-3e3547b2e22e,0.456608601,5.126840901
44,12930,Georges River,38.3375,https://linked.data.gov.au/dataset/asgsed3/LGA2021/12930,85999,36,5548.5,52055,64518,77.7,13008,45,347.3,13861,26696,7.2,71387,42,516.9,168,7241,13.5,1419,60,42.2,21070,29755,0.9,97561,40,6192.7,48250,63475,5.19,1.97,0.38,0.16,0.485,8.4,21.8,33.2,27.3,26.4,23.2,23.1,12031,481.3,2504,40003,5,147,85,21.7,22.7,25.7,7.6,4.9,10.8,0.6,6,1131,14.6,24.1,36.5,11.6,5.3,2.3,4.2,1.4,d96cc55f-9e89-45dc-b86a-32f88be99ba8,0.003739931,0.566678252
45,12950,Gilgandra,4831.5057,https://linked.data.gov.au/dataset/asgsed3/LGA2021/12950,1695,41,84.3,44612,49761,69.1,740,55,-13.4,-3943,-18066,12.1,1340,53,7.4,241,5511,17.1,42,50,0.8,8846,18458,1.1,2121,47,74.7,35029,35219,13.36,2.01,0.15,,0.809,6.9,21.9,36.5,40.2,24.5,23.4,11.9,191,10.1,3805,53063,,,9,28.3,25.2,20.3,3.4,1.8,5.1,1.6,14.2,749,25.8,29.2,24.8,4.6,1.9,2.6,6.3,4.7,66619806-9b59-4e79-8208-8868df9e0211,0.459248564,3.878051938
46,13010,Glen Innes Severn,5479.977,https://linked.data.gov.au/dataset/asgsed3/LGA2021/13010,3443,42,160.6,41046,46633,67.6,1389,56,-11.7,400,-8411,13.2,2738,54,12.7,294,4641,16.7,118,57,2.7,17008,22892,1.8,4229,49,155.7,33044,36814,9.89,2.02,0.2,0.02,0.674,6.5,20.8,34.6,40.6,28,20.4,11,396,25.1,5730,63263,,32,17,35.4,23.8,16.6,3.1,1.5,5,1.3,13.5,637,32.2,30.4,21.3,3.5,1.7,2.4,4.8,3.7,a3285fd8-95d9-4ae4-ae75-570de6978ba8,0.510574838,4.838654237
47,13310,Goulburn Mulwaree,3220.0796,https://linked.data.gov.au/dataset/asgsed3/LGA2021/13310,15439,40,912.7,53264,59114,80.3,2577,51,28.6,4545,11112,6.7,10179,49,69.4,105,6817,10.7,540,59,17.7,20961,32846,1.9,16712,44,982.4,51104,58782,4.66,1.79,0.38,0.14,0.437,5.8,17,27.6,24.6,26.6,26.8,22,1423,89.5,3754,62912,9,87,46,25,24.3,25.4,6.3,2.4,6.4,0.8,9.3,950,19.3,28.2,33.9,7.3,2.7,1.7,4.4,2.5,6cca2f4e-6320-4917-907c-f1ccd265a59d,0.317481934,4.793090043
48,13340,Greater Hume Shire,5749.3875,https://linked.data.gov.au/dataset/asgsed3/LGA2021/13340,4910,43,256.2,47412,52186,68,1785,55,27.4,7474,15334,13.5,4193,51,43.8,320,10446,16.4,171,58,4.3,17695,25232,1.7,6116,48,320.2,45432,52360,5.67,1.8,0.32,0.07,0.499,7.1,19.6,30.8,29.3,27.7,25.9,17.1,700,43.3,4005,61870,,40,9,25.5,24,24.9,4.5,2.4,6.9,0.9,10.7,890,20.3,29.6,30.9,6.1,2.3,1.7,6,3,633d8907-20d2-4ac4-831e-d5027a9a2384,0.572906562,5.609114404
49,13450,Griffith,1639.1732,https://linked.data.gov.au/dataset/asgsed3/LGA2021/13450,16391,36,836.4,47239,51030,80.7,3068,52,76.3,12224,24864,8.3,10028,46,90.3,217,9001,9.9,222,54,5.3,10000,23769,0.6,17070,40,971.7,50400,56924,4,1.65,0.41,0.18,0.425,6.8,18.2,28.4,24,28.2,30.6,17.3,1344,79.8,2822,59386,,35,10,20.3,27.3,28,4.9,2.2,6.4,1,9.9,1022,15.8,27.5,37.1,7.6,2.6,1.6,5.4,2.4,815d1d06-c39f-40cb-b912-c1f54eb7f762,0.160517456,2.329086292
50,13550,Gunnedah,4987.0295,https://linked.data.gov.au/dataset/asgsed3/LGA2021/13550,6233,38,410.5,54625,65854,78.9,1555,52,-11.3,1,-7282,7.4,4485,46,30.5,125,6801,12.4,125,49,2.5,10000,19746,1,6856,42,413.9,51036,60374,6.28,2.04,0.32,0.09,0.524,5.9,18.7,30.8,27.3,24,23.5,25.1,636,64.3,4584,101100,7,26,13,23.7,23.3,23.5,7.6,3.9,5.5,1,11.6,980,18.2,27.2,31.9,9.5,3.7,1.4,5.2,2.8,e9443b2a-16b9-4b94-a7bc-bb39580a11be,0.471213294,5.252846741
51,13660,Gwydir,9259.6544,https://linked.data.gov.au/dataset/asgsed3/LGA2021/13660,1852,42,90.1,44526,48676,64.7,954,54,-44.6,-15548,-46713,10.4,1584,52,14.5,438,9130,22.5,57,54,0.9,9889,16072,1.3,2424,48,56.4,29873,23285,55.49,2.14,0.04,,1.559,11.9,35.2,56.8,45.4,23.6,21.1,10,278,24.9,5441,89594,,22,12,34.7,24,17.7,3.2,1.8,5.5,1.9,11,668,28.3,32,21.5,3.7,1.4,2.4,6.7,3.7,2af9d4b0-7eb7-417b-8c99-6cba04299d22,0.86231865,6.723119485
52,13800,Hawkesbury,2775.1378,https://linked.data.gov.au/dataset/asgsed3/LGA2021/13800,36224,40,2350.2,57364,64880,79.4,5914,48,136,13126,23004,7.8,26119,47,227.9,134,8726,11.1,924,58,25.7,21215,27836,1.2,39492,43,2596.6,55576,65751,4.27,1.76,0.41,0.19,0.432,6.7,18.4,28.9,21.6,25.5,27.5,25.4,3277,226.8,3175,69225,17,154,43,21,23.5,29.6,7.7,3.6,7.6,0.8,6.3,1137,13.7,24.5,39.4,10.7,3.6,1.7,4.7,1.7,08e1544e-bfdd-4fe7-a5d0-823a773f6e0a,0.268763595,3.910645287
53,13850,Hay,11325.9324,https://linked.data.gov.au/dataset/asgsed3/LGA2021/13850,1459,42,71.5,44993,49009,73.6,408,54,5.7,7984,13934,11.8,1098,52,5.7,291,5205,12.9,32,56,0.8,12189,26249,1.4,1662,48,80.4,45407,48381,5.75,1.74,0.3,0.1,0.482,4.3,16.2,27.6,30.4,26.9,27.9,14.8,159,20.3,2605,127905,,6,6,24.9,24.4,22.6,4.1,2.4,6.1,1.9,14,804,21.9,28,26.7,5.3,2.6,2.1,8.6,4.4,e56e72b3-496c-417c-a2f7-ce1e4520b27f,1.109320576,7.535043129
54,13910,Hilltops,7140.8865,https://linked.data.gov.au/dataset/asgsed3/LGA2021/13910,8427,40,415.5,45035,49308,70.7,2656,53,33.5,5830,12631,12.6,6817,51,63.5,190,9321,14.4,294,59,7.8,16354,26549,2,9913,46,497.9,44162,50230,5.48,1.77,0.32,0.09,0.498,6.2,19.3,30.9,30.1,29.2,25.1,15.5,920,56.9,5588,61858,,72,29,29,25.5,21.5,4,2.3,6.1,1.2,10.3,774,24.7,31.3,25.9,4.8,2.5,1.9,5.3,3.6,8349f1e6-6819-4c5d-9c85-b1ffe805a8f3,0.69970304,6.648651346
55,14000,Hornsby,455.0374,https://linked.data.gov.au/dataset/asgsed3/LGA2021/14000,83541,41,6763.6,65000,80962,76,11781,48,339.7,12157,28838,6.1,75390,47,602.4,296,7991,15.7,1830,65,58.8,23701,32131,1.2,96492,45,7470.2,58293,77418,6.19,2.04,0.33,0.13,0.496,8.1,21.5,33.2,25,21,21.5,32.6,15994,775.2,2706,48467,,182,86,19.6,18.4,25.6,11.5,9.5,10.6,0.5,4.3,1391,10.3,20,36.7,17.8,8.5,1.5,4,1,4e109f9e-aae3-45a8-8614-c9ef2c7d9a76,0.044193293,2.476488482
56,14100,Hunters Hill,5.7169,https://linked.data.gov.au/dataset/asgsed3/LGA2021/14100,6839,43,810.8,71880,118559,62.6,1273,53,101.1,16789,79451,6.6,7305,50,359.2,2585,49171,28.5,179,69,6.9,27323,38427,1,8626,49,1229.1,74274,142482,7.56,2.36,0.31,0.13,0.637,18.6,37.8,50.1,21.1,18.2,17.1,43.6,2082,507,6460,243505,,13,,15.7,14.6,21.2,10.1,19.7,10.1,0.4,8,1797,9.7,13.8,27.4,19.9,21.5,1.9,4.3,1.4,e4885548-d5e9-4bc1-adb8-278494c57eed,0.000556826,0.218158021
57,14170,Inner West,35.2115,https://linked.data.gov.au/dataset/asgsed3/LGA2021/14170,116178,37,10237.6,69219,88120,81.1,18734,43,733.1,12232,39130,7.3,90661,41,793.5,221,8752,10,1992,60,67.4,22634,33842,0.9,121601,40,11095.1,67422,91242,5.06,1.92,0.38,0.19,0.49,9.5,23.7,35.1,19.5,19.8,23.2,37.5,18952,1090.7,2002,57552,,180,42,16.2,17,28.1,12.9,12.6,6.7,0.4,5.9,1610,10,15.9,32.6,19.4,15.6,1.6,3.9,1,0c784332-c86b-4d0b-be77-47adb6f1da4e,0.003431601,0.427888137
58,14220,Inverell,9404.7564,https://linked.data.gov.au/dataset/asgsed3/LGA2021/14220,7533,40,368.8,46652,48951,73.6,2210,53,-20.2,741,-9126,9.9,5118,50,41.9,170,8193,14.3,168,55,3.3,10000,19380,1.1,8614,45,374.3,43005,43458,5.98,1.66,0.28,0.05,0.589,6.9,19.7,31.8,32.4,28.1,27.5,11.9,789,67.3,5240,85328,,72,36,31.1,25.9,20.3,3.3,1.5,5.9,1.2,10.8,744,25.6,32.6,25.8,4.2,1.5,2.1,5.1,3.1,9af07002-e538-4207-aaef-150fd23f436e,0.874347251,6.931103886
59,14300,Junee,2030.0222,https://linked.data.gov.au/dataset/asgsed3/LGA2021/14300,2633,39,147.4,51195,55987,74.2,751,52,7.2,5121,9524,11.1,1930,49,11.8,117,6118,12.3,81,57,2,19671,24454,1.6,3095,45,163,48868,52679,4.88,1.68,0.34,0.07,0.471,4.6,16.5,28.1,26.8,26.9,29,17.3,286,16.4,3578,57236,,16,,21.2,22.2,22.2,3.8,2,5.4,1,22.3,896,19.5,30.1,31.6,6.6,1.9,2,5.3,3,fa60888f-56c6-40de-b094-750b46e28902,0.200008071,2.629561723
60,14350,Kempsey,3375.6704,https://linked.data.gov.au/dataset/asgsed3/LGA2021/14350,11626,43,562.1,43584,48350,72.5,2848,54,29.2,5905,10259,10.2,8589,54,43.6,172,5072,14.4,439,59,13.4,21965,30632,2.3,13590,48,624.8,40083,45974,5.96,1.82,0.3,0.09,0.474,5.7,17.7,29.2,33.3,30.4,23.2,13.1,1120,81.7,6474,72980,12,169,69,34,25.5,17.2,2.8,1.2,5.6,1,12.7,699,27.2,35.3,23.5,3.1,1.3,1.8,4.8,3.1,7f9bb324-a40c-4abd-80be-5052af5ece7d,0.318647795,3.917000337
61,14400,Kiama,257.6638,https://linked.data.gov.au/dataset/asgsed3/LGA2021/14400,10857,43,729.7,54749,67213,67.2,2255,50,61.2,12837,27136,8.5,10499,53,119,496,11337,21.2,448,62,17.4,26398,38814,2,13767,49,906.6,49263,65850,6.67,2.09,0.31,0.11,0.5,7.7,21.1,32.8,28.9,23.2,20.6,27.2,2115,131.1,3339,62007,,68,17,23.3,23.4,25.8,8.9,5.7,6.5,0.4,5.9,1116,13.5,26.5,35.7,11,5.5,1.4,5,1.5,41a10f8c-9374-4b1b-925a-a814fb7946de,0.025344571,1.042493888
62,14500,Ku-ring-gai,85.4093,https://linked.data.gov.au/dataset/asgsed3/LGA2021/14500,64006,43,6836.3,69071,106807,65.2,10528,50,737.1,15070,70016,6.3,69428,49,1562.1,1192,22500,25.6,1799,71,66.1,25789,36769,1.2,82143,48,8971.5,62573,109218,8.41,2.45,0.29,0.11,0.6,14.4,32.1,44.5,25.8,18.7,17.1,38.4,19994,1694.6,4830,84756,,89,47,17.1,15.4,22.8,11,17.5,12.1,0.4,3.7,1722,7.8,14.9,31,21.3,17.2,2,4.7,1.1,ae45200c-3cae-48f3-acb1-97791f193760,0.008309124,0.503529274
63,14550,Kyogle,3584.1829,https://linked.data.gov.au/dataset/asgsed3/LGA2021/14550,3590,45,172.2,43187,47964,65.7,1587,56,-2.7,458,-1673,14,2981,55,18.3,273,6141,17.2,130,59,3.1,15597,24023,2.1,4511,51,180.8,33759,40073,8.95,1.96,0.22,0.02,0.576,8.2,21.5,34,40.6,28.6,20.3,10.6,424,27.9,7175,65791,8,47,19,35.9,25.1,16.3,2.8,1.7,6.3,1,10.9,647,31.3,33.6,20.5,3.2,1.8,1.8,5.2,2.6,72b90bbe-f8ed-44a3-b54e-8945b21dec75,0.330688511,4.013295783
64,14600,Lachlan,14968.2539,https://linked.data.gov.au/dataset/asgsed3/LGA2021/14600,2577,38,126.5,44560,49091,66.8,1119,55,-35.9,-6213,-32118,11.5,2118,50,17.8,313,8417,20.2,58,48,0.7,3406,12639,0.9,3206,45,101.9,36048,31772,16.14,1.97,0.12,,1.048,7.6,25.6,42.5,38.5,25.8,23.4,12.3,276,38.1,3717,138136,,8,,28.8,22.3,21,4.2,2.4,6.2,1.4,13.6,784,24.9,28.6,26.2,5.3,2.3,2.5,6.2,3.6,2fad6e21-8b95-4f02-b118-4cef8e687b0d,1.442959386,8.791080714
65,14650,Lake Macquarie,648.6393,https://linked.data.gov.au/dataset/asgsed3/LGA2021/14650,105021,40,6723.2,55228,64017,78.8,12531,47,341,13033,27214,5.7,76216,48,537.1,204,7047,13.5,2888,59,88.8,20349,30736,1.5,116651,44,7400.9,52631,63445,4.99,1.84,0.37,0.13,0.449,6.7,18.6,29.5,24.7,25,25.7,24.5,12208,808.2,3259,66199,40,638,293,26.1,24.5,26.1,7.2,3.5,6.4,0.6,5.6,996,17.3,28.1,34.8,8.8,3.1,1.5,4.6,1.8,e255b464-bba4-4d3f-9677-68548dc67b69,0.06261092,3.050710005
66,14700,Lane Cove,10.4789,https://linked.data.gov.au/dataset/asgsed3/LGA2021/14700,23284,38,2488.7,77994,106884,74.6,3606,46,256.6,14026,71167,6.4,21713,43,395.7,518,18223,17,447,67,17.8,27017,39899,0.9,26757,41,3039,74773,113579,5.9,2.04,0.35,0.16,0.547,13.4,29.6,41,19.5,17.3,20.2,43.1,5905,410,2995,69429,,19,15,13.1,14,27.6,14.1,18.5,8,0.3,4.4,1866,6.7,12.5,32.1,22.6,20.4,1.4,3.5,0.8,29aafc0f-8a2c-4519-9016-c8d29f4619b2,0.001020515,0.24966106
67,14750,Leeton,1167.1876,https://linked.data.gov.au/dataset/asgsed3/LGA2021/14750,5731,39,303.3,49897,52919,79.9,1169,51,20.9,8677,17877,9.1,3765,49,20.8,137,5536,9.7,99,52,3.1,9951,31250,0.9,6208,43,337.1,49492,54302,4.49,1.67,0.37,0.13,0.436,6.2,17.1,27.5,26.1,27.1,29.7,17.2,478,22.7,3700,47455,,22,21,23.5,25.7,25,4.6,1.8,7.8,1.2,10.2,904,20.1,30.4,32.8,5.5,2,2,4.8,2.2,eb1ebe16-7b61-4493-9ebf-4b092c81eb2c,0.114609553,2.028011955
68,14850,Lismore,1287.7042,https://linked.data.gov.au/dataset/asgsed3/LGA2021/14850,21112,42,1083.6,46615,51324,74.6,5406,52,82.1,6532,15192,10.5,15803,50,102.1,180,6462,12.8,568,59,14,17002,24593,1.5,24106,46,1233.8,44669,51182,4.87,1.74,0.36,0.12,0.452,6.7,18.4,29.1,29,29.7,26.4,14.9,2063,180.8,3642,87632,16,104,60,28.3,28,23.4,4.1,1.8,5.4,0.5,8.5,854,20.7,34,30.9,4.9,2.1,1.1,4.5,1.8,a2d73dff-462c-47f9-8a6a-0df89a96e547,0.11896162,2.508603251
69,14870,Lithgow,4512.2561,https://linked.data.gov.au/dataset/asgsed3/LGA2021/14870,9029,42,570.7,53088,63206,79.1,1555,52,18.3,4518,11738,7.2,6165,51,32.3,110,5244,11.2,287,59,7.8,16904,27015,1.9,10120,46,604.4,48396,59725,5.59,1.98,0.35,0.12,0.464,5.3,17.5,29.2,27.2,26.2,23,23.6,829,41.2,3608,49741,,66,26,30,23.3,20.7,5.4,2.9,6.6,0.9,10.3,791,25.5,28.9,27.3,6.3,2.8,2,4.6,2.7,a844d40a-a289-446e-9296-65ef7b0c952c,0.436718444,5.070606101
70,14900,Liverpool,305.7401,https://linked.data.gov.au/dataset/asgsed3/LGA2021/14900,107947,37,6575.1,55273,60911,84.7,14409,43,315.1,14933,21870,7.4,67236,41,239.5,51,3563,6.7,1654,53,46.9,14085,28339,0.8,113552,39,6868.2,53256,60485,4.15,1.7,0.41,0.2,0.409,5.7,16.6,26.9,22.9,26.1,29.3,21.6,8295,393.8,1684,47472,10,452,59,24.7,21.6,25.5,5.6,2.2,11.7,1.2,7.6,964,18.7,27.8,34.9,8,2.1,2.2,4.5,1.9,c9840bf8-8aef-4e9e-b804-f4e9c05ede37,0.029813336,1.346843599
71,14920,Liverpool Plains,5082.2398,https://linked.data.gov.au/dataset/asgsed3/LGA2021/14920,3254,42,174.4,46445,53586,71.3,1134,55,-14.3,-15,-12635,10.7,2429,53,19.1,282,7877,16,85,50,1.7,9742,19463,1.2,3883,48,171.8,40419,44232,8.47,1.91,0.23,0.02,0.642,7.2,21.4,34.7,34.3,27.4,23.5,14.8,371,59,6207,158939,,32,21,29.9,23.4,19.7,4.3,2.2,6,1.1,13.4,760,25.2,30.5,26,4.7,2.6,1.9,5.3,3.4,e2289290-b758-4487-8e1a-4326e0c689e0,0.48273379,4.919814033
72,14950,Lockhart,2895.8049,https://linked.data.gov.au/dataset/asgsed3/LGA2021/14950,1361,44,68.5,46267,50295,64.5,631,55,12.3,11079,19503,18.1,1235,53,7.4,365,5955,15.5,44,59,1.6,22356,35320,1.5,1754,50,86.8,44650,49476,5.51,1.81,0.33,0.08,0.527,5.7,18.4,30.5,30.5,27.5,25.3,16.7,198,26.1,2599,131747,,10,,28.6,26.1,22.1,4.4,1.9,6.3,0.9,9.6,804,22.9,31.3,27.6,5.3,2.1,1.2,7.1,2.8,3a29d1a9-2188-43ba-ae7b-1c1d3d71ffc5,0.287079772,2.776378828
73,15050,Maitland,391.5089,https://linked.data.gov.au/dataset/asgsed3/LGA2021/15050,45289,38,2976.3,56827,65719,84.5,4684,46,90.4,8683,19308,4.6,29140,44,151,90,5183,9.1,1194,56,34.3,17988,28706,1.3,47811,40,3132.2,55483,65511,4.49,1.81,0.4,0.17,0.428,5.7,17,27.9,22,25.1,26.6,26.3,4208,224.7,3343,53391,14,235,102,24.3,24.4,27.5,7.7,3.3,7,0.6,5.1,1042,15.6,27.7,37.1,8.8,2.8,1.3,5.2,1.6,a85a7948-d6b0-4c34-b029-e6050d67ae93,0.037653811,1.210587147
74,15240,Mid-Coast,10053.8633,https://linked.data.gov.au/dataset/asgsed3/LGA2021/15240,36158,45,1809.5,43871,50044,67.7,8461,54,119.1,7608,14077,9.6,30517,56,233.6,323,7654,19.4,1655,59,51.6,20482,31159,2.5,45477,51,2139.7,38800,47050,7,1.9,0.27,0.07,0.501,7.1,20,31.8,35,29.4,21.9,13.7,5090,281.2,6363,55236,18,649,249,34.4,26.9,18,3.2,1.8,5.6,0.9,9.2,704,26.4,35.5,22.8,3.5,1.9,2,4.7,3.3,22600aa6-1e6b-4338-af22-c79069241488,0.959687031,6.896035047
75,15270,Mid-Western Regional,8752.2589,https://linked.data.gov.au/dataset/asgsed3/LGA2021/15270,11912,41,791.6,52085,66451,76.9,3024,52,-2.1,376,-696,8.5,8567,49,55.4,127,6471,12.8,284,56,7.3,13011,25771,1.2,13264,45,801.7,47388,60441,6.68,2.19,0.33,0.09,0.524,6,18.5,31.1,28.7,25.7,20.4,25.2,1322,77.9,4004,58951,6,82,30,27.1,23.4,21,7.3,4.4,6.6,0.9,9.4,937,20.2,26.6,30.7,8.2,3.8,2.1,5.4,2.8,bbf90a35-d235-4ca7-b018-0e9429fe796d,0.840688114,7.040787837
76,15300,Moree Plains,17902.7033,https://linked.data.gov.au/dataset/asgsed3/LGA2021/15300,5892,39,317.4,49821,53863,75.3,1538,53,-76.7,-957,-49873,8,3862,49,57.4,306,14852,15.4,110,49,1.8,9715,16107,0.8,6501,44,278.2,47595,42787,6.14,1.73,0.28,0.04,0.928,11.9,28.1,41.9,29.6,25.1,27.9,17.4,698,41.2,4799,59009,,19,10,19.9,19.5,23.6,4.6,3.1,4.5,1.1,23.7,981,17.9,25.2,31.4,8.1,3.8,1.9,6.9,4.8,3c0ccd46-8252-4f02-915e-f7e056575ce2,1.661733844,9.26140471
77,15350,Mosman,8.6503,https://linked.data.gov.au/dataset/asgsed3/LGA2021/15350,15774,41,2413,75788,152975,61,2966,51,274.7,17043,92608,6.7,17208,50,840.9,2448,48866,28.8,483,70,23.4,29008,48385,1.3,20422,48,3512.2,78073,171980,7.81,2.42,0.31,0.13,0.671,23.2,43.6,55.5,20.4,17.1,16.9,45.6,5344,1178.9,7585,220611,,27,6,12.4,13.4,23.6,12,24.2,9.1,0.4,4.8,1977,6.5,12.3,27.3,20.9,25.8,1.9,4,1.2,9844650c-5519-44bd-84e4-5744d8fd329c,0.00084254,0.216078495
78,15520,Murray River,11863.0162,https://linked.data.gov.au/dataset/asgsed3/LGA2021/15520,5398,43,273,43805,50583,68.2,1469,54,14.9,6742,10137,10.6,4506,51,51.6,346,11447,19.3,126,59,3,14548,24058,1.1,6575,48,329.5,42523,50110,6.06,1.88,0.31,0.08,0.522,6.8,19.8,31.7,32.1,26.9,24.6,16.3,873,86.6,8821,99219,,55,16,29,25.2,22.5,4.2,2.5,5.9,0.9,9.9,810,21.8,32,27.7,5,2.5,1.9,5.5,3.5,e8a4865f-9e84-4793-bebc-1eda4236c58f,1.175991344,11.6945637
79,15560,Murrumbidgee,6880.7902,https://linked.data.gov.au/dataset/asgsed3/LGA2021/15560,1799,39,87.7,45323,48776,71,573,54,3.4,5615,5959,11.5,1400,50,17.3,471,12361,16.3,38,53,0.5,9237,13611,0.9,2106,46,103.7,45140,49263,5,1.7,0.34,0.09,0.572,8.3,21.8,33,29.1,28.2,28.1,14.7,203,23,6980,113305,,,,24.4,25,26.3,3.7,2.8,5.2,0.7,11.9,925,18.4,29.4,31.8,5.5,2.8,1.5,6.7,3.9,e773c1ee-7b18-4fd9-b3db-885d7ffe3fa7,0.679012694,5.747455225
80,15650,Muswellbrook,3404.8841,https://linked.data.gov.au/dataset/asgsed3/LGA2021/15650,8471,38,614.5,58846,72542,86,1000,51,-0.2,740,-206,4.3,5059,46,24.6,78,4867,8.3,170,53,4.8,11466,28161,1.1,8600,41,606.5,56356,70521,5.62,2.09,0.37,0.14,0.458,5.6,16.4,27.7,23.1,23.6,21.6,31.7,677,25,3608,36925,,42,21,23.6,21.6,22.4,9.6,4.2,7.8,1,9.8,1025,17.9,24.9,32.6,10.5,3.8,1.9,5.9,2.6,db48f6d9-757a-47a2-bd56-05220879b36b,0.326501004,3.992228727
81,15700,Nambucca Valley,1491.3431,https://linked.data.gov.au/dataset/asgsed3/LGA2021/15700,7579,44,356.7,41469,47066,68.8,2097,55,27.6,7945,13139,11.9,5864,56,30,288,5120,15.5,368,59,12,23203,32494,3.1,9384,50,411.6,36849,43863,7.13,1.9,0.27,0.07,0.5,6.5,19.1,30.9,37.2,28.9,21.8,12.1,885,49.6,5767,56070,11,152,42,36.8,26.5,16.4,2.9,1.4,5.9,0.8,9.2,648,29,35.3,20.6,3.2,1.5,2,4.9,3.5,9bb9dfe7-f461-4b2e-9d8d-a5cd8f760765,0.140397682,2.066516052
82,15750,Narrabri,13014.9937,https://linked.data.gov.au/dataset/asgsed3/LGA2021/15750,6182,40,364.7,51672,58989,75.4,1774,54,-31.9,-511,-18007,8.2,4441,49,36.2,200,8141,14.5,147,51,3,9892,20719,1.2,7086,45,349.5,46590,49324,6.97,1.88,0.27,0.03,0.622,5.4,18.7,31.9,30.8,24.6,24.5,20.1,648,45.7,5003,70554,,22,15,23,23.2,24.3,6.5,2.8,5.5,1.2,13.4,966,19,25.8,32.2,8.3,3.2,1.9,5.6,3.7,33a88f58-c9a6-42cd-b1b7-80b426b769d6,1.221174328,6.259647747
83,15800,Narrandera,4116.3458,https://linked.data.gov.au/dataset/asgsed3/LGA2021/15800,2532,42,129.7,48359,51238,72,763,55,5.3,5023,6940,11.2,1933,53,12.6,206,6501,15.2,63,52,1,9964,15279,1.1,3050,48,144.4,44800,47336,6.3,1.77,0.28,0.06,0.497,5.9,17.4,28.6,31.5,27.2,27.2,14.1,242,12.7,3725,52569,,13,13,28.6,26.3,22,3.6,1.8,5.7,0.8,10.9,777,24,32.2,27.4,3.9,2.1,1.7,5.4,3.3,9b4426d9-2e26-435c-ab12-5c6fa8b8c21d,0.404575529,3.965932623
84,15850,Narromine,5261.5165,https://linked.data.gov.au/dataset/asgsed3/LGA2021/15850,2817,40,149.9,47502,53195,70.8,945,54,-16.4,91,-17344,10.2,2151,51,21.4,300,9928,17.9,82,47,1.4,9502,16616,0.9,3399,46,147.6,42088,43414,7.88,1.92,0.24,0.03,0.685,7.6,21,33.9,33.3,26.3,24.4,16,297,29.5,4738,99478,,12,5,24.3,22.3,23.5,4.6,2.2,6.5,1.6,15.1,835,23.1,27.1,28.7,5.5,2.3,2.3,7,3.7,6f85aaca-eacb-45e8-a5bf-e5b479d6b51f,0.503371589,4.154636595
85,15900,Newcastle,186.7255,https://linked.data.gov.au/dataset/asgsed3/LGA2021/15900,89196,37,5858.3,56000,65679,80.7,11316,44,433.4,12592,38302,5.8,64679,44,550.1,186,8504,11.7,2272,58,67.7,19356,29781,1.3,96241,40,6665.5,55311,69259,4.96,1.85,0.37,0.15,0.463,8.5,20.9,31.7,23.6,23.6,25.4,27.3,11635,603.3,2628,51851,17,287,194,23.7,22.9,27.5,8.4,4.9,5.8,0.4,6.3,1127,15.5,24.1,36.2,11.4,4.9,1.4,5,1.4,eee73860-628b-48b5-a7a2-9848f8d36eff,0.017992021,1.269069457
86,15950,North Sydney,10.491,https://linked.data.gov.au/dataset/asgsed3/LGA2021/15950,45072,37,5060.9,83612,112285,74.9,6736,46,399.3,13117,59283,5.9,41834,42,802.9,571,19192,16.9,912,67,39.1,27126,42892,1,51442,41,6033.9,80266,117294,5.46,1.97,0.36,0.16,0.532,12.9,28.5,39.7,17.8,16.1,20.2,45.9,11467,1304.2,3396,113731,,20,20,10.3,13.4,28.5,16.3,19.9,6.2,0.3,5.1,1959,6.3,11.8,29.4,22.2,24.4,1.8,3,1.1,2cd1fa3d-68cb-4156-bf86-026a9cc82e1f,0.001021758,0.265366757
87,15990,Northern Beaches,254.2072,https://linked.data.gov.au/dataset/asgsed3/LGA2021/15990,153276,41,13752.5,61735,89724,72.2,26865,47,972.7,14895,36207,7.7,136087,47,2433.8,525,17884,17.9,3191,65,107.2,24100,33580,1,177107,45,16655.5,60749,94042,5.85,2.12,0.36,0.17,0.546,13.1,28.8,40.6,22.4,21.8,21.4,34.4,30747,3414.7,3814,111057,7,360,198,16.8,19,27,10.6,13.6,7.6,0.5,4.9,1557,8.8,17,34.2,19.1,13.8,1.4,4.5,1.3,3a2e37c6-bf1e-40c5-94ce-6e0250c0f9cc,0.02471853,1.964650936
88,16100,Oberon,3625.047,https://linked.data.gov.au/dataset/asgsed3/LGA2021/16100,2532,44,154,55531,60826,73.9,808,55,6.7,2985,8315,11.2,1892,53,12.3,135,6510,13.2,69,59,2,22471,28355,1.3,3000,49,166.4,50112,55454,5.66,1.79,0.32,0.09,0.467,5.2,16.4,27.7,28.2,23.8,26.5,21.5,300,27.4,6739,91193,,13,,24.7,21.9,24.8,5.4,2.4,5.2,0.9,14.5,951,20.4,25.9,33.2,7.8,3,1.6,5.4,2.6,8347b27f-8f3e-459d-b552-182ed37d3777,0.353273719,4.840997752
89,16150,Orange,284.2159,https://linked.data.gov.au/dataset/asgsed3/LGA2021/16150,22119,38,1394.1,55138,63029,81,3362,49,85.3,9210,25371,6.6,15263,46,131.7,138,8629,11,487,58,10.8,12499,22159,1,23564,42,1562,55024,66288,4.64,1.81,0.39,0.16,0.445,7.2,19,29.6,22.8,24.6,26.9,25.7,2674,104.8,2679,39198,,72,53,23,23.5,27.7,8.1,3.9,6.1,0.6,7.1,1054,16.6,25.9,35.5,9.7,4,1.4,4.8,2.2,f3a8655e-a130-4eff-a7d8-9ac49565559c,0.027522175,0.962256223
90,16200,Parkes,5957.6137,https://linked.data.gov.au/dataset/asgsed3/LGA2021/16200,6679,39,388.8,50751,58210,76.4,1614,54,-18.3,117,-11360,7.8,5029,49,24.7,123,4904,14,181,53,3.9,12208,21762,1.2,7603,44,379.8,45724,49950,7.12,1.91,0.27,0.04,0.581,5.5,18.5,31.1,30.6,26.3,23.2,19.9,614,69,4727,112315,,37,23,28,23.8,23.3,6.2,2.4,6.1,1,9.3,873,22.9,28.3,30.4,6.7,2.4,1.5,5.1,2.6,309e1386-c07a-4d5c-95c5-df8274cc438b,0.574062181,4.302856368
91,16260,Parramatta,83.8303,https://linked.data.gov.au/dataset/asgsed3/LGA2021/16260,,,,,,,,,,,,,,,,,,,,,,,,,,,,,,,,,,,,,,,,,,19471,633.4,1992,32529,,288,106,18.9,19.6,28.2,10.1,5.1,11.2,0.6,6.3,1225,12.5,21.9,38.8,13.9,5.6,2.3,3.9,1.2,c270e72e-d673-4caf-af31-2fa8e73749a4,0.008161725,0.569111282
92,16350,Penrith,404.7021,https://linked.data.gov.au/dataset/asgsed3/LGA2021/16350,116219,38,7493.7,59089,64479,86.4,12266,43,272.3,12493,22200,5.4,72077,42,301.3,46,4181,6.8,2383,56,67.5,18656,28344,1.1,120166,39,7775.6,57740,64707,3.75,1.66,0.44,0.21,0.395,5.6,16.1,26.1,19.7,24.7,31,24.7,8227,556.6,1865,67653,18,407,163,20.4,22.3,30.4,7.3,2.6,8.6,0.8,7.6,1104,13.7,26.1,40.5,9.7,2.4,1.6,4.3,1.6,018cad9d-61d6-4cd9-a2f8-b107e76538e3,0.039386128,1.068869352
93,16380,Port Macquarie-Hastings,3682.3915,https://linked.data.gov.au/dataset/asgsed3/LGA2021/16380,36583,43,1988.7,46688,54360,70,7644,51,166.7,10996,21812,9,30850,53,227.4,264,7372,17.5,1698,60,54.8,24168,32247,2.5,45036,48,2374.4,42675,52722,6.22,1.91,0.31,0.09,0.488,7.7,20.3,31.7,31.4,28.4,22.9,17.2,5360,317.5,4523,59231,27,463,183,30.7,27.6,22.1,4.7,2.5,5.6,0.6,6.2,822,21.3,34.4,28.4,5.5,2.4,1.6,4.1,2.3,5bec02ab-69e1-4252-aff9-9acd34e4f2c5,0.349254003,3.907298377
94,16400,Port Stephens,858.4357,https://linked.data.gov.au/dataset/asgsed3/LGA2021/16400,34260,42,2013.2,50399,58761,74.8,5010,49,101.5,11375,20265,6.8,26148,51,205.8,204,7871,14.7,1782,60,60.4,26259,33897,2.9,39660,47,2301.4,46676,58028,5.53,1.89,0.34,0.12,0.474,8.4,20.3,31.4,28.6,26.7,24.4,20.3,4196,254.7,4987,60696,55,407,134,28.6,25.6,23.3,5.7,2.5,6.8,0.7,6.7,878,19.2,32,30.8,6.3,2.4,1.9,5.3,2.2,d6a4f1f4-a728-4bb6-8adc-6eef1ce20504,0.082571141,2.965040795
95,16490,Queanbeyan-Palerang Regional,5319.0075,https://linked.data.gov.au/dataset/asgsed3/LGA2021/16490,35916,40,2750.5,69836,76582,81.2,4566,50,86,6489,18845,4.8,25866,46,179.6,112,6945,8.2,3257,62,139.4,35080,42803,5.3,38701,43,3025.3,67840,78170,3.74,1.66,0.44,0.21,0.415,6.7,18,28.3,16.7,20.3,28.3,34.6,4462,243.2,2587,54495,9,126,26,16.4,18.1,32.8,13.1,7.1,6,0.5,6,1447,9.2,17.6,40.3,17.8,8.2,1.1,4.7,1.2,c7316475-d928-43cc-a38e-351171d451de,0.527897748,6.094164485
96,16550,Randwick,36.331,https://linked.data.gov.au/dataset/asgsed3/LGA2021/16550,81222,36,6912.2,63802,85102,76.8,13489,44,602.4,14683,44662,7.6,66007,42,943.6,334,14296,13.9,1458,60,46.3,21923,31732,0.9,87604,40,8096.1,63696,92417,5.57,1.98,0.36,0.17,0.527,12.5,27.7,38.8,21.7,20.4,22,35.8,13890,1165.5,2712,83912,,87,51,16.8,16.9,27.4,11.3,11.4,8,0.5,7.6,1524,11.7,16.1,32,18.7,13.3,2.1,4.5,1.5,e0d740ff-487b-4e92-a1d0-51eb28fcc389,0.003543294,0.472235125
97,16610,Richmond Valley,3047.3748,https://linked.data.gov.au/dataset/asgsed3/LGA2021/16610,10079,41,500.4,46985,49652,76.7,2268,53,19.2,2978,8454,8.7,7065,51,34.8,136,4926,12.5,302,58,9,16991,29703,1.7,11419,46,539.9,43985,47279,4.93,1.62,0.33,0.1,0.446,5.9,17,27.8,29.8,30.6,27.8,11.8,808,57.9,4976,71622,9,139,41,31.4,28,19.4,2.7,1.2,5.4,0.8,11.2,735,25.3,35.6,25.9,2.9,1.1,1.5,4.9,2.9,6f3bc29f-e8ec-40d6-b0c8-43e35e86cda3,0.2823321,3.431958558
98,16700,Ryde,40.4746,https://linked.data.gov.au/dataset/asgsed3/LGA2021/16700,72402,37,5487.2,61604,75788,78.3,10455,43,289.7,12936,27708,6.7,62625,41,433.1,197,6915,13.3,1283,63,38.4,23061,29940,1,81259,39,5986.4,56105,73671,5.81,1.97,0.34,0.14,0.497,9.2,22.5,33.8,25.7,21.6,22.8,29.9,13269,590.4,2219,44497,,135,55,19,18.5,27.9,10.8,7.6,10.5,0.5,5.2,1320,11.8,19.9,36.5,16,8.3,2.7,3.6,1.2,fbe705db-ca55-44b1-83c9-f4d9724df58c,0.003940404,0.384066746
99,16900,Shellharbour,147.4208,https://linked.data.gov.au/dataset/asgsed3/LGA2021/16900,37494,39,2342.9,54467,62488,83.1,4128,45,95.3,12545,23093,5.6,25602,46,116.7,99,4560,9.7,870,57,25.7,18020,29518,1.3,40525,42,2500.1,52593,61692,4.55,1.83,0.4,0.18,0.42,5.1,16.2,27,23.3,26.5,26.1,24.2,3403,153,3085,44958,,204,57,26.6,24.6,25.5,6.8,2.6,7.4,0.7,5.8,977,18,28.3,35.7,7.8,2.2,1.6,4.6,1.8,b85a30f9-a161-4de7-93a5-675b62973422,0.014484287,0.998827331
100,16950,Shoalhaven,4567.2011,https://linked.data.gov.au/dataset/asgsed3/LGA2021/16950,44609,41,2369.6,45844,53119,70.4,9186,51,210,13322,22865,9.7,35946,52,265.2,237,7376,15.6,2741,61,90.6,26732,33063,3.5,53902,47,2843.2,43309,52747,5.47,1.88,0.34,0.12,0.47,7.1,19.5,30.7,30.2,29.4,23.4,17,6038,412.2,4178,68272,51,675,211,30.5,26.4,21.4,4.5,2.3,5.9,0.8,8.3,803,22.4,33.5,27.6,5.3,2.4,1.9,4.4,2.5,56aec6ca-7fdb-4265-b51e-d63d5201eea9,0.451483938,5.471721849
101,17000,Singleton,4892.7168,https://linked.data.gov.au/dataset/asgsed3/LGA2021/17000,12939,39,1002.7,61362,77491,83.1,1991,50,-10.7,-22,-5376,4.6,8998,46,50.5,117,5609,10.7,308,55,8.5,18689,27699,1.1,13617,43,1000.3,56839,73460,6.08,2.2,0.36,0.15,0.476,6,17.7,28.9,23.5,23.2,19.7,33.6,1342,71.8,4690,53500,,61,22,22.5,22.4,22.7,10.2,6,7.4,1,7.7,1157,14.2,23.1,34.8,13.1,5.2,1.6,6.3,1.6,539bbab6-f104-4d1d-970e-79badc92914f,0.470305862,4.660729865
102,17040,Snowy Monaro Regional,15164.7904,https://linked.data.gov.au/dataset/asgsed3/LGA2021/17040,11202,41,624.1,47121,55715,73.8,2999,53,38.7,6162,12893,10.7,8249,50,64.7,194,7845,11.7,578,62,18.3,25148,31741,3.1,12422,46,707.5,47050,56957,4.92,1.86,0.38,0.15,0.475,7.2,19.7,30.8,26.9,28.2,24.9,19.9,1160,76.3,4631,65757,,42,21,21.5,25.1,27,6.6,3.8,5.3,0.7,10,1026,16.9,26.3,33.8,9.2,4.3,1.7,5.6,2.2,bb74b818-9341-4bf1-a4cb-0bea939f5c2e,1.523392335,7.749202984
103,17080,Snowy Valleys,8958.9215,https://linked.data.gov.au/dataset/asgsed3/LGA2021/17080,7081,42,401.2,49718,56659,75.7,1828,57,35.3,8962,19294,11.1,5078,51,31,202,6100,11.2,205,59,4.8,15487,23435,1.7,7959,47,451.7,49019,56754,4.88,1.84,0.38,0.13,0.45,5.4,16.9,28,25.9,27.3,25.7,21.1,701,47.3,4762,67449,,41,17,27.8,24.3,22.8,5.5,2.4,6.2,1,10.1,854,21.9,29.4,29.4,6.3,2.6,1.7,6.2,2.6,64645491-8d16-4489-90f2-c88c3c6b4a53,0.892560042,8.202351609
104,17100,Strathfield,14.0008,https://linked.data.gov.au/dataset/asgsed3/LGA2021/17100,28424,32,1757.2,49270,61822,79.9,4436,40,173.8,14531,39185,7.7,21169,37,250.6,82,11838,11.4,271,60,6.9,17773,25491,0.5,30731,34,2094.9,48294,68168,5.09,2,0.39,0.2,0.509,12,25.6,36.7,27.3,26.2,22.7,23.8,3608,332,2184,92005,,55,8,17.7,23,26.8,8.3,5.9,11.2,0.6,6.5,1220,12.2,21.8,37.3,13.3,7,2.2,4.7,1.4,67541080-ef5c-4482-9335-b1cbd7705e1e,0.001364379,0.207187234
105,17150,Sutherland Shire,333.5806,https://linked.data.gov.au/dataset/asgsed3/LGA2021/17150,,,,,,,,,,,,,,,,,,,,,,,,,,,,,,,,,,,,,,,,,,19726,1179.2,2768,59779,,290,219,18.9,20,29.2,11,8,7.6,0.5,4.7,1366,11,19.7,38.1,16.7,7.7,1.5,4.1,1.2,d6e52186-0913-4647-9fc0-d23d5e43da38,0.032580405,2.466962804
106,17200,Sydney,26.6762,https://linked.data.gov.au/dataset/asgsed3/LGA2021/17200,159243,32,12421.2,55123,78001,81.7,21639,37,874.9,11198,40432,6.7,107838,36,1169.8,124,10848,10.1,1948,59,68.5,19888,35152,0.8,153691,34,13603.7,59401,88513,6.32,2.08,0.33,0.16,0.546,13.8,28.4,39.7,25.3,20.1,20.4,34.2,23719,2391,1987,100803,,111,25,13.3,17.4,28.3,13.2,12.4,6.9,0.5,8.1,1673,10.1,13.8,30.5,18.8,18.8,3.2,3.6,1.3,4aae650b-cd1e-455e-be61-0f23a3da1462,0.002599851,0.416790906
107,17310,Tamworth Regional,9884.3505,https://linked.data.gov.au/dataset/asgsed3/LGA2021/17310,30979,39,1747.3,51725,56403,79.3,6315,51,20.9,2555,3312,7,20353,48,143.2,153,7036,12,711,55,17.5,13635,24677,1.1,33899,43,1856.8,49606,54775,4.85,1.71,0.35,0.11,0.468,6.2,17.8,28.9,26.5,26.6,28.6,18.4,3113,209.3,3978,67220,16,169,89,25.5,25.8,25.8,5.4,2.3,5.6,1,8.6,915,19.4,30.1,32.9,6.1,2.4,1.6,4.7,2.6,e6623087-b9a9-473a-bb73-8fbcc07e91c6,0.9324889,7.725290436
108,17350,Temora,2802.0159,https://linked.data.gov.au/dataset/asgsed3/LGA2021/17350,2657,42,129,44131,48562,64.9,1016,54,8.5,3033,8386,12.8,2477,52,17.4,385,7033,20.5,64,59,2.6,18006,39855,1.2,3348,49,151.4,39285,45207,8.34,1.95,0.23,0.03,0.564,5.7,19.6,31.9,35.1,27.1,22.3,15.4,380,18.5,4213,48718,,25,10,30.8,27.1,22.8,4,2.4,5.2,0.9,6.7,786,23.7,32.3,26.6,5.1,2.3,1.9,5.1,2.9,71bb0a3d-16f4-466e-8ce9-0dfb921d2c54,0.274671137,3.037417398
109,17400,Tenterfield,7324.3072,https://linked.data.gov.au/dataset/asgsed3/LGA2021/17400,2566,44,112.5,36174,43852,62.4,1189,59,-10.1,-2318,-8495,12.6,2162,58,17.7,317,8167,21.2,95,60,2.5,21041,26117,2.1,3148,54,115.3,29372,36615,13.03,2.17,0.17,0.01,0.661,10.3,24.2,37.4,44.1,28.1,17.6,10.2,389,29.1,6976,74857,,37,9,38.9,24.2,14.7,2.6,1.6,5.7,1,11.2,609,34.3,32.3,18.1,2.7,2.1,2.5,4.4,3.8,7e90b535-e7d9-4b04-85ca-359bbab77ca3,0.677841796,6.593465662
110,17420,The Hills Shire,386.1583,https://linked.data.gov.au/dataset/asgsed3/LGA2021/17420,101222,41,8311.4,66378,82111,77.2,14459,47,449.2,13037,31064,6.4,88308,45,852.2,199,9650,14.7,1608,60,54,21691,33596,0.8,114546,44,9295.9,60756,81155,5.9,1.99,0.34,0.14,0.499,9.6,22.8,34.1,23.7,20.6,21.6,34.1,17805,1158.8,3036,65084,6,183,75,18,17.2,27.1,12.2,9.8,11.4,0.5,3.8,1487,8.3,17.7,38.4,19.1,9.4,1.5,4.5,1,3a905f9f-fc0e-4290-835c-673f0c8cb92e,0.037505795,1.439973814
111,17550,Tweed,1307.7853,https://linked.data.gov.au/dataset/asgsed3/LGA2021/17550,42887,42,2281,45179,53187,69.9,9712,49,202.2,11152,20819,10.3,35246,50,331.2,233,9396,16.7,1736,60,50.6,21045,29149,2.2,52066,47,2778.1,42883,53357,5.33,1.88,0.35,0.13,0.474,7.7,20.4,31.6,30.2,29.6,23.3,16.9,5941,328.9,4321,55360,26,557,249,29,26.9,22,4.6,2.4,5.6,0.7,8.9,835,20.3,33.5,29,5.5,2.3,1.7,5.1,2.6,cdafb10b-91b6-4152-be9d-eba7122aa504,0.120371841,2.459370901
112,17620,Upper Hunter Shire,8096.0889,https://linked.data.gov.au/dataset/asgsed3/LGA2021/17620,7512,39,477.8,52000,63604,79.5,1832,52,-34.8,-1980,-18972,7,4960,48,54.1,151,10912,12.2,129,53,3.4,10000,26125,1,7940,43,577.4,49007,72714,5.47,1.98,0.36,0.1,0.592,21.8,32.1,42.6,26.4,26.9,23.5,23.2,790,69.3,5572,87747,,19,18,25.2,23.5,23.3,7.5,3.5,6.8,1.1,8.9,946,19.8,26.2,32.2,7.8,3,2.2,6.1,2.5,a02a5094-a69e-423a-a51f-acd7ab7ef9f3,0.772421436,7.338415756
113,17640,Upper Lachlan Shire,7127.3957,https://linked.data.gov.au/dataset/asgsed3/LGA2021/17640,3734,44,210.8,48581,56442,64.8,1799,56,24,5659,13359,17,3348,54,22.9,284,6850,14.5,220,60,7.6,25503,34448,2.8,4757,50,254.7,46010,53537,5.95,1.9,0.32,0.07,0.509,5.9,18.8,30.5,29.8,26.3,24.2,19.8,463,31.5,5929,68054,,18,,24.9,22.3,25.5,5.6,3.9,6.8,1.1,9.7,939,19.8,27.4,30.4,7.8,4.6,1.9,6.2,2,7681272f-40ff-4550-b0e6-a37c915feb1b,0.698920654,7.516963677
114,17650,Uralla,3226.5327,https://linked.data.gov.au/dataset/asgsed3/LGA2021/17650,2765,44,148,48111,53533,70.9,939,54,-9.3,912,-9923,10.6,2177,52,16.4,287,7527,16.1,77,59,2.3,22100,29528,1.4,3364,48,150,41246,44592,7.34,1.86,0.25,0.04,0.615,6.9,20.5,33.1,34.5,27.1,23.3,15.1,333,24,6941,72194,,18,,29.3,25.4,23.3,5,2.2,6.5,0.5,7.7,868,22.6,31.2,30.3,5.5,2.7,1.3,4.7,1.5,b4f4b598-fe56-4adc-9a5b-7117b3e5b251,0.303198637,4.085404592
115,17750,Wagga Wagga,4824.4888,https://linked.data.gov.au/dataset/asgsed3/LGA2021/17750,34268,38,2015.5,53648,58815,79.4,5615,49,142.9,11413,25451,6.9,24373,46,235.1,137,9647,11.9,925,58,27.9,22385,30208,1.4,37649,41,2350.6,54054,62436,4.23,1.71,0.4,0.17,0.43,7.1,18.3,28.6,22.5,25.7,29.4,22.4,3947,209.5,3315,53084,18,165,95,23,25.2,29,6.6,2.9,5.6,0.6,7.2,1035,15.9,27.3,37,8.1,3,1.2,5.2,2.2,b6913d3c-ffd5-4368-9fe9-0581d5d1ea80,0.477504289,4.614224997
116,17850,Walcha,6261.0243,https://linked.data.gov.au/dataset/asgsed3/LGA2021/17850,1282,41,63.4,44861,49484,60.7,743,57,-10.4,-1267,-13931,13.4,1263,56,14.2,518,11205,24.1,29,58,0.9,8864,30037,0.7,1771,51,64.9,33903,36671,18.61,2.07,0.11,,0.878,10.4,28.6,43.5,40.7,26.5,21,11.8,221,28.5,5814,128981,,,,26.7,24.7,22,3.6,3.2,6.1,1.7,11.8,795,24.3,29.4,25.8,4.1,4.4,2.9,5,3.9,fa56cf83-d35c-4fe6-9fb1-9d5c592ae26c,0.592307579,5.18755359
117,17900,Walgett,22308.2528,https://linked.data.gov.au/dataset/asgsed3/LGA2021/17900,2216,41,107.9,42888,48672,73.3,712,53,-52.8,-5942,-74201,8.6,1269,50,8.8,166,6965,14.9,56,48,0.6,9718,11481,1.4,2436,45,56.5,36855,23192,11.75,1.98,0.17,,1.877,11.3,36.4,59.9,38.4,25.9,22.2,13.5,159,18.8,2885,118522,,20,,27,17.5,15.8,3.1,2,5.7,1.3,27.6,679,29.5,27.8,22.1,4.9,3,3.1,6.7,3.1,b9523792-6ecb-411e-b9e6-f53dc6c4bf35,2.082008903,9.799766713
118,17950,Warren,10753.7672,https://linked.data.gov.au/dataset/asgsed3/LGA2021/17950,1137,40,57.5,45308,50528,66.2,453,53,-13.7,-3999,-30234,11.2,914,50,12.4,441,13515,20.5,38,51,0.4,2661,11313,1.2,1366,47,53,40017,38764,14.67,1.99,0.14,,0.94,10.6,27.4,42.6,35.3,25.9,23.4,15.4,153,17.6,6387,114991,,,,24.4,23.8,24.1,4.7,2.3,4.4,2.1,14.4,881,20.5,28.6,29.6,5.6,2.9,1.7,6.6,4.5,4415358d-e8a3-41e8-aa17-84aed8d9cd61,1.019064882,7.786892827
119,18020,Warrumbungle Shire,12372.12,https://linked.data.gov.au/dataset/asgsed3/LGA2021/18020,3494,42,167.4,42295,47913,67.4,1568,55,-16.5,-102,-10554,13.3,2718,53,21,305,7737,17,132,55,2.6,10000,19498,1.7,4307,48,165.4,35480,38411,11.13,1.98,0.18,,0.705,7,21.6,35.7,39.5,27.1,20.4,13,402,21.6,4543,53686,,35,17,30.4,22.7,17.4,3.2,1.8,6.8,1.3,16.3,694,28.9,30,23.3,3.7,2.3,2.8,5.1,4,7fa0a796-2066-442a-8421-7f863697a0cc,1.174104049,8.240682216
120,18050,Waverley,9.3506,https://linked.data.gov.au/dataset/asgsed3/LGA2021/18050,47757,34,4573.9,60890,95775,73.5,9284,42,498.2,15100,53658,9.4,37221,40,851.4,424,22874,15.4,607,60,21.3,20232,35060,0.6,50285,38,5675,67914,112857,6.26,2.17,0.35,0.18,0.575,15.3,32.6,44.2,21,19.8,19.8,39.5,9093,1353,3967,148791,,31,8,11.5,14.9,27.4,13.1,18.5,6.5,0.4,7.7,1894,7.2,12.5,28.8,21,22.7,1.8,4.6,1.5,ec41a6a8-cf84-4356-8995-862d102cb224,0.00091132,0.199179617
121,18100,Weddin,3414.8566,https://linked.data.gov.au/dataset/asgsed3/LGA2021/18100,1329,43,61.5,41695,46264,60.7,678,56,-8.3,-1617,-12208,13.5,1345,54,9.7,411,7195,23,58,58,1.8,11900,31487,1.8,1812,51,62.7,32817,34628,15.84,2.03,0.13,,0.789,7.8,23.4,38,41.7,26.7,20.8,10.8,222,12.2,5784,54806,,15,,33.7,24.6,19.1,3.7,2.2,6.1,1.1,9.3,700,26.5,33,22.5,3.9,2.5,3.1,5.3,3.9,4093e188-1305-447d-bb77-0b08559c3631,0.332745745,4.171076333
122,18200,Wentworth,26255.9338,https://linked.data.gov.au/dataset/asgsed3/LGA2021/18200,4467,35,191.7,30006,42908,72.5,909,54,9.4,6487,10347,11.4,2419,50,30.3,236,12528,14.3,63,55,1.3,10000,20275,1,3748,46,199.6,43490,53244,5.87,1.99,0.34,0.12,0.575,8.9,23,34.8,30.8,27.4,22.5,19.4,458,24.2,3443,52834,,26,10,26.4,22.3,22.6,5,2.9,5.4,1,14.3,883,20.5,28.2,29.5,5.7,3.5,2.4,7,3.1,95175c89-e334-43b4-96e8-2f5ccbcb8ce1,2.549646672,11.27207422
123,18250,Willoughby,22.4257,https://linked.data.gov.au/dataset/asgsed3/LGA2021/18250,41795,39,4336.8,69230,103763,70.2,6666,47,395,15809,59250,6.6,41446,45,807.2,762,19476,21.1,787,68,28.3,23904,35898,0.9,50434,43,5426.9,63847,107603,7.48,2.32,0.31,0.12,0.589,14.6,31.7,43.8,24.6,18.7,18.4,38.3,10806,1192.1,3812,110317,,33,23,16.4,15.7,23.7,11.7,16.5,11,0.4,4.5,1653,9.4,15.3,30.4,19.8,17.5,2.5,4.1,0.9,29f1b6a3-6eed-47c8-aedb-71fa4d8c21a5,0.002183484,0.351358304
124,18350,Wingecarribee,2689.3415,https://linked.data.gov.au/dataset/asgsed3/LGA2021/18350,24408,43,1591.5,50524,65205,67,5830,52,116.7,11203,20021,9.7,21945,53,350.5,391,15973,20.2,937,65,33.9,26471,36185,1.8,30515,49,2017.1,46826,66101,5.94,2.03,0.34,0.12,0.545,13,26.9,38.3,28.8,25.9,22.3,23,4520,1568.6,6958,347031,9,127,57,23.5,24,25.1,6.9,5.9,6.9,0.7,7,1041,15.4,27.4,33,9.4,6.2,1.8,4.8,1.9,d0d5a49a-9307-4aa1-93de-d2b47bbf07fa,0.263902869,3.367325352
125,18400,Wollondilly,2555.4341,https://linked.data.gov.au/dataset/asgsed3/LGA2021/18400,28479,40,1949,59828,68436,82.4,3968,48,79.7,11458,20079,6.7,20062,45,136.8,90,6819,9.5,574,58,18,19371,31387,1,30473,42,2080.1,57942,68259,4.25,1.79,0.42,0.2,0.424,6,17.3,27.9,20.4,24.7,26.5,28.3,2529,197.5,4224,78079,,120,36,20.5,22.5,29,8.8,4,8.1,0.8,6.2,1167,12.4,24.4,39.5,11.5,3.8,1.5,5.2,1.7,1451d82e-6b17-4193-b2e9-6316801374a6,0.249664527,3.850332161
126,18450,Wollongong,684.3076,https://linked.data.gov.au/dataset/asgsed3/LGA2021/18450,107302,39,7061.9,55639,65814,79.6,14127,44,407.7,12447,28857,6.3,80551,46,573.8,197,7123,12.6,2399,58,69.7,18302,29041,1.2,118420,42,7812.7,53164,65975,5.25,1.91,0.36,0.15,0.458,7.1,19.2,30.2,25,24.4,24.1,26.6,13138,671,2570,51073,7,355,147,26.1,23.1,25.3,7.8,4.2,7.3,0.6,5.7,1031,17.9,26.1,34.4,10.2,3.8,1.6,4.3,1.7,4d495f93-b24f-40cb-b196-5b736758a6fc,0.067065189,2.15330908
127,18500,Woollahra,12.2584,https://linked.data.gov.au/dataset/asgsed3/LGA2021/18500,30809,38,4025.3,72997,130652,60.7,6660,50,578.2,17003,86824,8,32333,48,2098.9,2716,64914,28.7,691,70,35.9,27325,51885,0.8,38896,45,6707.9,81096,172458,6.84,2.3,0.34,0.16,0.693,24.5,45.2,56.8,18.7,16.4,17.9,47,9738,3863.1,8246,396701,,15,11,10.4,12.5,24.4,12.8,24.8,7.9,0.5,6.7,2097,5.9,11,25,20,29.2,2.1,5.3,1.5,122546cf-3ceb-4210-94e8-4b0f5281c9ba,0.001194288,0.299721154
128,18710,Yass Valley,3995.017,https://linked.data.gov.au/dataset/asgsed3/LGA2021/18710,9225,42,682.7,63930,74011,73.4,2280,53,21.2,2722,9284,7.7,7546,49,73.8,188,9774,11.9,983,64,40.5,36164,41192,6.2,10675,47,781.9,60549,73245,5.08,1.82,0.36,0.14,0.469,7.5,19.9,30.7,22.3,21.3,24.3,32.2,1243,93.6,3607,75335,,58,28,18.8,19.2,29.9,11.7,7.3,6.4,0.9,5.7,1356,9.9,21.2,37,15.5,8.2,1.2,5.3,1.4,5799729f-5bf3-49b8-b5ce-2f7b44d702d6,0.394254372,3.985128851
129,19399,Unincorporated NSW,93208.9194,https://linked.data.gov.au/dataset/asgsed3/LGA2021/19399,442,41,20.5,39335,46354,67.8,174,52,2.2,7425,12872,14.3,368,50,3.5,968,9472,16.6,12,60,0.4,27774,32346,0.8,534,47,25.7,42221,48043,5.74,1.82,0.32,0.1,0.668,10.8,24.8,37.5,32.2,27.7,25,15.1,52,2.8,10291,53797,,,,18,24.3,31.1,4.9,4,5.1,2.5,10.4,1088,13.9,21.2,38.2,7.4,4.5,2,9.9,2.5,6c219a76-e8b9-414d-93c2-0362a2ef7554,8.773705995,19.36895939
130,19499,No usual address (NSW),,https://linked.data.gov.au/dataset/asgsed3/LGA2021/19499,,,,,,,,,,,,,,,,,,,,,,,,,,,,,,,,,,,,,,,,,,,,,,,,,,,,,,,,,,,,,,,,,,64447b0f-54a3-4549-aa6b-2f8807bebf98,,
131,19799,Migratory - Offshore - Shipping (NSW),,https://linked.data.gov.au/dataset/asgsed3/LGA2021/19799,,,,,,,,,,,,,,,,,,,,,,,,,,,,,,,,,,,,,,,,,,,,,,,,,,,,,,,,,,,,,,,,,,6116dad4-6b24-4f43-9117-c8725bb0b1b8,,
132,20110,Alpine,4788.157,https://linked.data.gov.au/dataset/asgsed3/LGA2021/20110,6490,44,325.4,42526,50135,69.4,1903,53,27.6,7311,14522,11.9,5569,52,47.6,332,8546,16.3,195,59,5,18089,25893,1.5,7743,49,392.6,41010,50698,5.49,1.93,0.35,0.12,0.472,6.3,18.9,30.4,31.1,30.1,22.9,15.9,1026,50.6,3786,49290,,46,5,26.8,27.4,23.8,5,2.9,4.8,0.8,8.5,887,19.6,32.1,30.4,6.2,3.1,1.6,4.8,2.2,76dc5602-ba11-48cb-869c-ee061f450511,0.483800792,4.532210335
133,20260,Ararat,4211.1172,https://linked.data.gov.au/dataset/asgsed3/LGA2021/20260,5333,41,275.7,46711,51689,73.4,1292,54,41.6,11861,32222,11,4003,52,30.5,229,7631,14,141,56,3.7,17569,26462,1.3,6209,47,341.3,46504,54969,5.2,1.84,0.35,0.13,0.461,6.6,18.7,29.6,28.1,28.2,24.9,18.8,587,29.2,4307,49714,,25,14,26.7,25.2,21.6,3.8,1.6,4.8,0.7,15.5,832,22.1,31.6,29.8,5,2,1.5,5.2,3,480e57af-8ea0-44ff-a960-7fc3462d2b05,0.428937464,3.977756986
134,20570,Ballarat,739.0321,https://linked.data.gov.au/dataset/asgsed3/LGA2021/20570,55362,39,3252.3,51302,58747,79.2,7582,46,177.2,9000,23372,5.8,40660,45,379.4,101,9330,13.2,1350,58,33.3,15067,24694,1.3,61059,42,3721.7,50767,60953,4.72,1.8,0.38,0.15,0.449,7.5,19.4,30,25.2,26.3,26.5,21.9,6422,306.2,2934,47678,24,289,140,25.8,26.1,25.6,5.9,3.2,6.2,0.7,6.5,935,18.5,30.7,33.4,7.2,2.8,1.4,4.1,1.9,d63aa9b8-08b7-4cda-b42e-f306da0c6a68,0.075296378,1.651780942
135,20660,Banyule,62.5402,https://linked.data.gov.au/dataset/asgsed3/LGA2021/20660,68156,40,5012.9,61256,73550,75.8,10059,44,284.1,10546,28245,6.3,57776,45,646.7,290,11193,15.8,1863,62,59.3,25700,31843,1.5,76933,43,5717.3,58553,74315,5.21,1.88,0.36,0.15,0.473,8.4,21.1,32.3,23.2,22.1,24.1,30.6,11388,668.9,2506,58740,11,245,105,21.8,20.1,27.8,10.1,6.9,8.1,0.7,4.6,1239,12.9,22.4,36.3,14.7,6.4,1.8,3.9,1.5,5e62086b-304f-441e-9062-3c60e5d83788,0.00639217,0.582851775
136,20740,Bass Coast,865.8094,https://linked.data.gov.au/dataset/asgsed3/LGA2021/20740,16051,44,819.3,42814,51046,66.5,4440,51,95.2,13534,21430,12.6,14060,53,128.6,243,9150,18.2,597,59,17.8,19381,29772,1.9,20333,49,1026.6,40532,50491,5.67,1.92,0.34,0.12,0.478,6.9,19.9,31.5,32.4,30.2,21.9,15.5,2703,157.5,5031,58280,,182,55,30.5,26.5,20.5,4.2,2.7,5.8,0.8,8.9,776,23.3,33.6,25.9,5,2.8,2.1,4.5,2.8,a1df92b5-55ca-44a4-be44-160a444fd6ae,0.089420896,2.908079783
137,20830,Baw Baw,4027.6287,https://linked.data.gov.au/dataset/asgsed3/LGA2021/20830,26816,40,1563.8,50344,58316,74.5,6136,52,113.1,9041,18429,9.7,20817,48,180.3,131,8663,14.1,715,59,16.7,12305,23405,1.2,31204,45,1809.5,48180,57988,4.91,1.85,0.38,0.15,0.456,6.3,18.5,29.7,26.6,27.7,24.8,20.9,3490,186.2,4256,53366,9,188,48,26.2,25.5,24.8,5.5,3,6.9,0.7,7.3,932,18,30.6,33.2,6.7,2.8,1.6,4.6,2.4,566715fd-8ce8-4a31-b708-ddbb1f8b0688,0.413041546,4.359656355
138,20910,Bayside (Vic.),37.2111,https://linked.data.gov.au/dataset/asgsed3/LGA2021/20910,52583,44,5274.9,64379,100316,63.9,9230,50,469.3,13827,50850,6.5,54536,50,1702.8,1629,31223,27,1622,68,57.2,26166,35235,1.4,66168,49,7212.6,64459,109004,7.27,2.31,0.32,0.13,0.584,15.2,32,43.8,23.6,19.3,18.5,38.6,14400,1483.6,4907,103026,,101,97,19,16.4,23.2,10.5,16.4,8.9,0.6,5,1597,10.3,16.7,29.9,19.3,15.8,1.8,4.5,1.5,51ec196f-4cad-4d49-8ad7-17ae537bb60b,0.003813855,0.329052268
139,21010,Benalla,2352.6398,https://linked.data.gov.au/dataset/asgsed3/LGA2021/21010,6554,44,351.1,48364,53564,71,1788,56,17.2,5842,9640,10.1,5401,54,46.2,236,8563,16.6,235,59,6.5,22338,27481,1.8,7961,50,406.4,43992,51046,5.84,1.82,0.31,0.1,0.475,6.2,18.3,29.5,31,27.1,25.7,16.1,821,37.7,4336,45942,,54,15,29.5,26,22,4.2,1.8,5.4,0.8,10.3,796,22.5,32.8,27.2,5.2,2.4,1.4,5,3.3,b2c8c053-2793-41ed-91c8-5b91b2be3ca7,0.236905021,2.819376103
140,21110,Boroondara,60.1776,https://linked.data.gov.au/dataset/asgsed3/LGA2021/21110,92859,39,8392.8,61699,90383,64.6,15995,47,1058,13442,66148,6.2,97601,47,2469.5,1218,25302,26.9,2410,68,91.5,27938,37973,1.2,116179,45,11716.1,60701,100845,7.5,2.28,0.3,0.11,0.589,14.5,31.8,43.8,25.8,19.3,18.7,36.2,26171,2674.6,4306,102195,,117,56,18.4,16.6,25,10.2,14.7,10.2,0.5,4.4,1570,9.6,16.7,31.7,19.1,14.7,2.3,4.7,1.1,9fd534cd-c6ff-40af-bad0-949964cae2ed,0.006157766,0.481249917
141,21180,Brimbank,123.3991,https://linked.data.gov.au/dataset/asgsed3/LGA2021/21180,99610,37,5377.3,48382,53983,82,15064,37,280,12933,18589,8.2,63704,40,266.4,56,4182,8.4,1561,56,34,10000,21808,0.8,106200,38,5672.6,46673,53414,4.31,1.73,0.4,0.19,0.419,5.2,16.6,27.4,27.1,29.2,27.4,16.3,7801,271.4,1985,34794,,914,45,28,22.8,22.6,4.1,1.7,11.9,1.2,7.7,861,21.7,29.7,31.1,6.3,1.7,2.9,4.8,1.9,01991f9c-aa77-4dd2-bf59-5afea662d5e3,0.012614803,0.69548644
142,21270,Buloke,7998.247,https://linked.data.gov.au/dataset/asgsed3/LGA2021/21270,2697,43,124.4,40576,46127,62.1,1216,56,50.3,22100,41401,21.5,2532,54,16.7,417,6602,14.5,75,58,1.2,8342,15901,1.1,3465,50,186.1,43642,53706,6.36,1.92,0.3,0.12,0.488,6.2,19.6,31.1,31.2,26.3,24.2,18.3,415,29.4,2846,70829,,13,9,30.3,25.3,20.8,3.3,1.8,6.2,1,11.4,735,26.1,32.1,25.2,4,1.9,1.8,4.7,3.8,631aabf9-2720-4212-9f18-a260364dcbfb,0.798610322,5.491304195
143,21370,Campaspe,4519.073,https://linked.data.gov.au/dataset/asgsed3/LGA2021/21370,18685,41,970.5,47020,51938,73.7,4458,54,71,8137,15919,10,14496,50,117.2,166,8088,14.6,446,55,9.3,10000,20787,1.1,21807,47,1125.8,45203,51625,5.01,1.78,0.36,0.12,0.458,6.1,17.8,28.7,28.9,28.7,26,16.3,2166,134.5,4044,62117,5,125,62,28.8,26.4,23,3.9,1.9,5.8,1,9.2,823,22.6,31.3,29.3,4.9,1.8,1.7,5,3.4,456ac2f7-4dfc-47f2-b6b7-4e064137361b,0.453666799,5.408267748
144,21450,Cardinia,1282.5671,https://linked.data.gov.au/dataset/asgsed3/LGA2021/21450,60238,37,3583.7,53106,59493,82,9377,42,175,10190,18663,7.5,39169,41,264.7,41,6758,9.1,1045,55,26.9,13329,25734,0.9,64411,39,3881.2,52595,60257,4,1.71,0.43,0.2,0.412,5.6,16.8,27.2,22.2,27.6,29.1,21.1,5363,403.3,2338,75194,,173,51,21,24,29.8,6.3,2.6,8.8,0.8,6.8,1060,13.2,28.7,40.2,7.7,2.2,1.4,4.7,1.8,e3bf03eb-e6ea-4c96-82df-eaa4e527b9ea,0.131704412,2.126605643
145,21610,Casey,409.4287,https://linked.data.gov.au/dataset/asgsed3/LGA2021/21610,181814,37,10594.5,52717,58271,82.8,29333,39,591.5,13417,20166,8.5,116060,40,570.7,28,4917,7.5,2666,55,63.9,12215,23972,0.7,196042,39,11404.2,51167,58172,3.9,1.69,0.43,0.22,0.404,5.5,16.5,26.9,22.5,28.8,29.6,19.1,15272,641.4,2180,41996,7,395,134,21.5,23.7,28.7,5.5,2.2,11.5,1,6,1030,13.8,29.7,39.4,7.3,1.8,1.6,4.9,1.5,2cbf5ca1-7068-427f-96c7-31ccf50a8b3d,0.042055656,1.212426107
146,21670,Central Goldfields,1532.7843,https://linked.data.gov.au/dataset/asgsed3/LGA2021/21670,5099,44,243.3,43801,47723,74.5,1053,56,16.1,8084,15245,9.6,3679,52,18.1,142,4908,12.9,211,56,5.3,18050,25242,2.3,5901,48,271.8,40585,46066,5.38,1.77,0.33,0.12,0.454,5.5,17.3,28.4,32.1,31.3,24.7,11.8,516,19.6,3694,38034,,63,42,38.4,26.5,15.7,2.1,1.1,5.7,1,9.6,615,33.1,33,20.1,2.3,1.2,1.9,3.8,4.5,c425495f-1ca0-4681-ad99-0b3398fdf0df,0.155181575,2.525171933
147,21750,Colac Otway,3437.47,https://linked.data.gov.au/dataset/asgsed3/LGA2021/21750,11329,39,571.3,45992,50431,72.1,2895,54,51.3,7491,17720,10.8,8859,50,78.1,208,8814,15.5,258,59,6.2,11797,24198,1.1,13301,46,681.7,44863,51249,4.72,1.73,0.37,0.14,0.45,6.2,18,28.8,28.5,29.6,27.1,14.8,1313,69.5,4806,52926,,58,15,27.7,27.5,24.4,3.7,2.1,5.4,1,8.1,855,20.8,32.3,30.9,4.5,2.3,2,4.6,2.5,579721f9-3e2c-43d9-9a86-9a033aca096d,0.354757303,3.991963288
148,21830,Corangamite,4407.492,https://linked.data.gov.au/dataset/asgsed3/LGA2021/21830,7460,41,374.6,45175,50210,65.2,3029,55,98.4,15647,32499,18.5,6577,51,58.5,249,8892,14.7,178,57,4,11058,22193,1,9482,48,516.9,45675,54518,5.48,1.81,0.33,0.11,0.495,7.7,20.6,31.8,29.5,27,25.9,17.6,1237,99.9,5326,80724,,46,29,28.3,25.5,23.5,4,2.7,5.3,1,9.7,834,21.6,31.1,28.7,5.1,2.8,1.8,5.1,3.7,08dd8cb6-6d8a-4f9d-8d9a-5f8bc5b1e01f,0.45334192,5.727873653
149,21890,Darebin,53.4712,https://linked.data.gov.au/dataset/asgsed3/LGA2021/21890,86313,36,5851,56652,67788,81.2,14785,39,336.7,9609,22770,7.5,64066,40,444.5,138,6938,9.8,1451,58,39.3,16582,27084,0.9,90648,38,6279.1,55636,69269,4.66,1.85,0.4,0.2,0.449,7.1,19.5,30.6,22.5,24.6,25.6,27.3,11228,521.3,1720,46425,,183,72,23,20.3,27.6,9.1,5.9,7.4,0.7,5.9,1190,15.9,21.5,34.8,13.9,6.4,2,4,1.5,4015f1be-c3df-4fd2-ad44-d79adda51352,0.005465225,0.463812952
150,22110,East Gippsland,20939.5016,https://linked.data.gov.au/dataset/asgsed3/LGA2021/22110,20891,44,1058.2,43752,50654,70.4,5370,55,79.1,7902,14734,10.6,16686,54,134.8,252,8077,16.3,792,59,22.2,19036,28058,2,25252,50,1249.4,41133,49479,5.73,1.87,0.33,0.1,0.479,6.7,19.3,30.7,31.8,29.9,23.5,14.8,2947,192,5629,65156,,284,64,32,27,19.9,3.2,1.9,5.4,0.9,9.9,742,24.8,34.4,24.9,4,1.8,2,4.9,3.2,b7486c91-f111-4644-8869-fdf41d610256,2.130249463,9.193561602
151,22170,Frankston,129.5981,https://linked.data.gov.au/dataset/asgsed3/LGA2021/22170,74223,40,4550.8,54633,61312,81.5,9862,44,224.6,12766,22771,6.7,49751,44,271.5,58,5457,9.8,1801,58,45.7,16693,25374,1.3,79513,42,4837.5,52932,60839,4.1,1.72,0.42,0.19,0.411,5.4,16.6,27.1,22.3,27.1,28.7,22,6881,311.8,2180,45312,13,403,147,23.2,24.1,28.1,6.9,2.8,7.4,0.6,6.9,1034,15.6,28,37.4,8.7,2.5,1.7,4.2,2,7c6df8d9-102f-4d21-b616-94829313714e,0.013317475,0.505340317
152,22250,Gannawarra,3737.5979,https://linked.data.gov.au/dataset/asgsed3/LGA2021/22250,4537,44,214.3,43187,47237,65.8,1541,56,30.6,10000,19879,14.6,3943,53,35.5,311,8996,17.6,125,58,2.6,10329,20468,1.4,5605,50,270.5,42157,48255,5.94,1.79,0.3,0.08,0.484,6.4,18.4,29.8,31.8,29,25.3,13.9,861,48.8,5542,56625,,27,28,32.6,26.7,19.4,2.9,1.6,5.3,1.2,10.3,723,26.7,33,24.4,3.4,1.8,2.2,4,4.5,2359de80-527b-4c73-8f1a-8bcfd291c2d1,0.372444061,4.282819046
153,22310,Glen Eira,38.6908,https://linked.data.gov.au/dataset/asgsed3/LGA2021/22310,84016,38,6424.3,59228,76465,73.2,14085,44,474.3,11880,33672,7,73879,43,1133.1,427,15338,18,1642,63,51.5,22596,31389,1,95325,42,7755.2,59170,81355,5.63,2,0.36,0.16,0.503,9.8,23.7,35.3,23.3,21.7,22.2,32.7,16373,1117.9,2741,68279,,107,70,19,18.4,27.1,10.9,10.1,8.9,0.4,5.2,1379,11.4,19.3,35,17,9.7,2.3,3.9,1.5,02ff273e-55c5-4169-8557-c4214c1d29d9,0.003963469,0.292677639
154,22410,Glenelg,6218.7884,https://linked.data.gov.au/dataset/asgsed3/LGA2021/22410,9622,43,531,48634,55185,73.8,2433,56,52.4,9736,21521,11.3,7261,52,51.1,176,7044,12.8,279,57,7.1,12391,25444,1.5,11131,48,617.9,46580,55509,5.64,1.89,0.34,0.11,0.469,6.4,18,29,29.2,26,24.6,20.3,1138,60.9,5447,53500,,63,28,30.3,25.4,21.5,5.2,2,6.1,1,8.5,805,23.7,31,27.8,5.6,2.4,1.7,4.9,3,48f07ea9-47dc-48ec-b69e-70111bb3b71a,0.636786136,4.795037601
155,22490,Golden Plains,2703.3899,https://linked.data.gov.au/dataset/asgsed3/LGA2021/22490,12466,42,756.3,53822,60672,77.9,2343,49,47,9017,20069,8.4,9007,46,75,91,8326,12,288,56,8.4,20024,29133,1.2,13953,44,856,52636,61345,4.39,1.75,0.4,0.17,0.434,6.3,17.7,28.3,23.3,26.4,27.5,22.7,1291,100.5,3806,77850,,51,13,24.5,22.6,27.5,6.9,3,7.7,0.8,6.9,1049,14.4,27.7,37.8,8.1,2.8,1.3,6.1,1.8,f1cc2b30-9774-4049-88de-dae0da7d7f05,0.276860028,3.600410377
156,22620,Greater Bendigo,2999.9717,https://linked.data.gov.au/dataset/asgsed3/LGA2021/22620,59292,39,3423.6,51481,57741,78.5,8209,49,187.1,9831,22796,6.1,43773,47,196.5,137,4489,13.3,1840,59,48.9,19456,26560,1.6,66437,43,3716.5,50380,55941,4.62,1.76,0.38,0.15,0.515,6.7,18.9,30.2,25.1,27,27.5,20.4,7047,540.4,2922,76689,24,336,185,26.3,26.2,25.7,5.6,2.5,5.9,0.6,7.2,931,18.4,31,33.9,6.7,2.3,1.3,4.4,2.1,11c130f1-8e8b-4eab-967a-c2d1758f7414,0.302658612,3.700658097
157,22670,Greater Dandenong,129.5466,https://linked.data.gov.au/dataset/asgsed3/LGA2021/22670,79884,35,3930.5,44670,49203,80.8,14576,36,274,13714,18797,9.9,49398,38,183.8,39,3722,8.1,1101,56,24.7,9984,22462,0.8,86201,37,4230,43220,49072,4.12,1.7,0.41,0.2,0.416,5.6,16.8,27.4,28.7,32.5,26.3,12.5,6259,204.1,1806,32616,,702,51,27,25.6,22.2,3.2,1.2,12.5,1.2,7.2,834,21.5,32.7,30.6,4.7,1.2,2.7,4.8,1.8,4a4e53d3-7556-4b2c-8738-a37c83b805fe,0.013289159,0.523487095
158,22750,Greater Geelong,1247.9872,https://linked.data.gov.au/dataset/asgsed3/LGA2021/22750,133179,39,8115.7,52125,60938,77.5,19496,43,476.2,11255,24423,6.5,100555,45,939.8,130,9346,14,3556,59,102.8,20340,28907,1.4,149312,42,9307.1,51228,62334,4.8,1.83,0.38,0.16,0.45,7.1,19.2,30.1,25,26.1,25.9,23.1,17674,948.5,2672,53669,49,741,274,25.2,24.2,26.1,6.9,3.7,6.5,0.6,6.9,1009,16.7,28.2,34.8,9,3.5,1.6,4.3,1.9,3331512e-6b46-410d-a82d-79d08e7d15f5,0.128129574,3.152530371
159,22830,Greater Shepparton,2421.9092,https://linked.data.gov.au/dataset/asgsed3/LGA2021/22830,34083,39,1795.2,47001,52673,78.8,5997,50,87.7,8173,14630,7.5,23460,47,202.4,110,8629,12,793,54,16.8,10000,21171,1.2,37197,43,2035.6,46821,54724,4.64,1.77,0.38,0.16,0.442,6.7,18.4,29,27.3,28.4,27,17.3,3520,168.3,3379,47804,15,154,76,26.3,25.8,24.3,4.4,2.1,6.7,1,9.4,885,20,31.1,31.7,5.7,2.4,1.8,4.6,2.7,241ea1b1-ae5d-47bd-a7bf-17bf7ce98b74,0.243292101,3.100548911
160,22910,Hepburn,1472.9843,https://linked.data.gov.au/dataset/asgsed3/LGA2021/22910,7165,46,408.3,47603,56990,66.5,2322,53,37,9127,15924,13.9,6108,53,65.1,229,10666,16.8,252,60,8.2,19042,32569,1.6,8927,50,495.1,43129,55459,6.01,1.95,0.32,0.11,0.505,9.1,22.3,33.7,31.1,27.2,23.5,18.2,1119,63.7,5181,56920,,38,17,28.6,24.4,21.3,4.9,3.8,6.5,0.8,9.7,847,22.2,30.7,27.7,6.1,4.5,1.9,4.5,2.4,d40c0522-7d63-4c12-aeba-761c0c0438a9,0.149728904,2.801180214
161,22980,Hindmarsh,7524.1823,https://linked.data.gov.au/dataset/asgsed3/LGA2021/22980,2392,42,118.2,46797,49409,63.9,990,56,56.4,27916,56974,19.1,2242,53,22.1,484,9842,15.3,76,58,1.5,12992,19113,1.4,3104,50,193,49326,62179,5,1.76,0.35,0.12,0.504,9.6,24.4,35.5,26.6,26.7,27.2,19.5,353,38.2,5161,108202,,12,5,30.1,25.6,21.9,3.9,2,6.2,1.3,9,764,25.6,30.2,27.2,5.1,2.7,2,3.8,3.5,61d6552f-2753-4145-95bc-165c3cf2e7b0,0.752586093,4.32909317
162,23110,Hobsons Bay,64.2405,https://linked.data.gov.au/dataset/asgsed3/LGA2021/23110,50772,39,3784.4,62143,74537,80.4,7029,42,178.3,11361,25371,6.4,37860,43,320.1,145,8455,11.4,1061,59,33.3,21099,31379,1.1,54215,41,4077.9,60480,75218,4.79,1.86,0.39,0.19,0.451,7.1,19.4,30.5,21.2,22.1,25.1,31.5,6704,322.4,2570,48096,6,168,56,22.1,18.9,26.3,10.1,7.4,8.3,0.6,6.3,1220,15,21.5,33.7,14.8,7.4,2,3.9,1.7,0c1c568e-5511-4ff7-8ec5-d51613fe47a8,0.006576621,0.559519819
163,23190,Horsham,4266.769,https://linked.data.gov.au/dataset/asgsed3/LGA2021/23190,10303,40,544,48516,52803,73,2388,53,96.8,16033,40539,10.7,8552,49,79.1,283,9247,15.1,206,58,3.6,9173,17512,0.7,12076,45,706.7,49572,58520,4.8,1.77,0.37,0.14,0.443,6.2,18.6,29.4,26,26.6,27.5,20,1457,65.5,2920,44930,,40,19,25.2,26.8,27,5.2,2.7,5.2,0.7,7.3,910,19.5,30.9,32.4,6.1,2.9,1.3,4.4,2.6,216cea36-ed16-4352-8070-f1d192447a9b,0.430967376,4.568811261
164,23270,Hume,503.8488,https://linked.data.gov.au/dataset/asgsed3/LGA2021/23270,110521,36,6322.9,51202,57210,81.6,18353,37,340.1,13170,18529,9.1,68645,39,331.2,36,4825,7.8,2042,55,52,14050,25443,1,119544,38,6782.2,49410,56734,4.17,1.73,0.41,0.2,0.413,5.2,16.4,27.1,24.8,28.3,28.2,18.7,8676,399.1,2130,46002,5,228,75,26.6,22.5,24.8,4.9,1.9,10.9,1.3,7,930,18.4,30.1,34.3,6.9,1.7,2.1,4.6,1.8,c1e4eca9-1c67-4bb5-8bab-ac293160ed60,0.05140004,1.320076321
165,23350,Indigo,2040.471,https://linked.data.gov.au/dataset/asgsed3/LGA2021/23350,8566,45,491,52000,57322,73,2420,54,26.5,3897,10954,9.7,7019,52,52.8,220,7526,14.5,360,59,12.1,25369,33665,2.2,10102,49,558.7,48510,55305,5.18,1.8,0.35,0.11,0.452,5.6,17.2,28.1,27.2,26.4,26.8,19.6,1265,55.1,3726,43533,6,80,23,24.6,25,27,6.1,2.6,5.5,0.6,8.4,970,16.7,29.4,34.6,7.2,2.5,1.4,5.5,2.5,0c391527-a5d8-4af2-859b-c23c0d5d3bbf,0.204532455,4.297513438
166,23430,Kingston (Vic.),91.3676,https://linked.data.gov.au/dataset/asgsed3/LGA2021/23430,86938,40,6015.1,58631,69189,77.9,12886,44,294.2,11737,22827,6.8,70133,45,569.2,166,8117,13.3,1964,61,56.9,21268,28961,1.2,96675,43,6625.3,55562,68532,4.89,1.86,0.38,0.16,0.452,7,19.2,30.3,23.4,23.8,25.3,27.5,12523,471.3,2231,37637,9,275,142,22.3,21,27.7,9.4,5.6,8.3,0.6,5.2,1176,14.3,23.2,36.7,13.5,5.1,1.9,3.7,1.6,3ebd40d7-be37-4ffd-8653-6599d5c816b8,0.009370483,0.537643661
167,23670,Knox,113.9114,https://linked.data.gov.au/dataset/asgsed3/LGA2021/23670,88531,40,5603.3,55096,63292,79.9,11611,44,262,11909,22563,6.2,69741,44,362.4,118,5196,12.1,1737,60,46.6,17268,26828,1.1,97645,43,5989.5,52301,61339,4.6,1.78,0.39,0.16,0.431,5.7,17.3,28.2,24.2,25.8,27.1,22.9,11544,373.1,2149,32319,7,294,105,23.5,22.6,28.2,7.5,3.5,9.4,0.6,4.7,1093,14.3,26.5,38.7,10.4,2.9,1.7,4.1,1.5,b1fa1fb4-2987-4045-adcc-84d47da8c085,0.011667013,0.757042993
168,23810,Latrobe (Vic.),1425.613,https://linked.data.gov.au/dataset/asgsed3/LGA2021/23810,36375,40,2252.4,52010,61923,82,4382,49,68,7473,15512,5.4,24728,47,144,98,5822,10.9,950,57,22.3,10410,23521,1.3,39308,43,2401.7,50361,61101,4.96,1.88,0.38,0.15,0.448,5.6,17.8,29.2,25.2,26.7,25,23.1,3753,147.3,4514,39255,10,191,84,28.8,24,21.9,5.1,2.8,6.8,0.9,9.8,833,23.3,29.7,28.6,6.4,2.5,2,4.6,3,43a64740-3fd9-4bc9-a8b3-43900fd7f7b9,0.146772644,3.029882717
169,23940,Loddon,6696.4447,https://linked.data.gov.au/dataset/asgsed3/LGA2021/23940,2890,44,136.6,42408,47279,60.7,1395,56,44,19201,31520,21.2,2680,54,17.9,398,6672,15.7,117,57,3.1,10000,26419,1.9,3897,51,194.2,41106,49841,6.46,1.84,0.29,0.07,0.513,7.8,21.6,33.2,33.4,27.5,24.6,14.6,433,26,6296,60031,,23,12,32.7,23.8,18.2,2.6,1.2,6.5,1,13.9,694,29.1,33.2,22,3.2,1.7,2.2,4.9,3.9,b06d5d12-8f86-48aa-8b98-72e7894e44b5,0.67241352,4.807481263
170,24130,Macedon Ranges,1748.284,https://linked.data.gov.au/dataset/asgsed3/LGA2021/24130,25812,43,1851.3,58106,71721,73.8,5199,49,91.8,8151,17653,8.2,21238,48,254.7,188,11993,15.8,758,60,27,25892,35559,1.5,29787,46,2122.2,54922,71247,5.3,1.96,0.37,0.16,0.48,8.1,20.8,32.3,24,23.9,23.2,28.9,3777,268.9,4243,71200,6,121,36,21.7,20.9,25.6,9.5,6.8,8.2,0.6,6.7,1190,12.5,23.7,36.2,12.6,6.4,1.6,5.3,1.6,827b1c8c-516e-4fb8-8894-d9d06fd3d16a,0.177756683,2.720759215
171,24210,Manningham,113.3479,https://linked.data.gov.au/dataset/asgsed3/LGA2021/24210,61224,41,4257.9,53142,69547,66.9,10497,47,291.4,12748,27762,7,61765,48,941.8,691,15248,24,1422,67,45.4,24201,31953,1.2,76788,46,5309,48090,69138,6.66,2.16,0.32,0.12,0.529,10,24.3,36.4,29.5,23.6,20.5,26.4,13023,774.8,3359,59491,,141,59,24.6,20,24,8,6.8,11.4,0.7,4.4,1121,15.1,24,33.1,12.5,6.5,2.8,4.5,1.5,0d4bf4f9-cbb0-4d58-b2ad-819dcc11f110,0.011589605,0.898695081
172,24250,Mansfield,3843.8535,https://linked.data.gov.au/dataset/asgsed3/LGA2021/24250,4365,44,218.5,41562,50062,65.1,1474,53,22.1,8132,15011,13.4,3892,53,46,385,11809,18.9,154,60,4.5,19169,29042,1.8,5429,50,280.6,40763,51692,5.45,1.92,0.35,0.12,0.488,7.2,20.5,32.2,31.7,29.2,23.1,15.9,822,48.2,5386,58581,,32,,26,25,23.7,4.9,3.4,6.2,1.2,9.7,878,19.8,30.1,30.3,5.8,3.2,2.1,6.3,2.5,c37b7d35-c1a9-4ae1-ab19-44156749128f,0.390139637,4.42842795
173,24330,Maribyrnong,31.2258,https://linked.data.gov.au/dataset/asgsed3/LGA2021/24330,53031,35,3580.1,57084,67509,84.5,8291,37,178.8,9681,21564,7,36603,37,163.3,74,4460,7.4,688,56,17.8,16847,25936,0.7,53991,36,3686.1,56241,68273,4.71,1.84,0.39,0.2,0.436,5.8,17.9,29,22.6,23.9,25.5,28,6462,215.8,1391,33399,,453,17,20.4,19.6,28.5,10.4,6.5,7.3,0.7,6.5,1297,13.5,20.1,35.8,15.6,8,1.8,3.8,1.3,8db16aad-fe9b-46cd-ad87-b4e120904453,0.003194299,0.291031763
174,24410,Maroondah,61.4097,https://linked.data.gov.au/dataset/asgsed3/LGA2021/24410,62430,40,4113.6,56712,65892,79.5,8414,43,179.9,10471,21385,6,49291,44,317.6,133,6442,12.5,1471,61,44.6,21598,30318,1.3,69044,42,4454.3,54001,64514,4.73,1.83,0.39,0.17,0.434,5.5,17.3,28.4,23.4,25,26.1,25.5,8474,317.2,2128,37430,14,223,82,22.4,22.7,28,8.9,4.5,8.2,0.5,4.8,1136,13.5,25.6,38,11.8,3.9,1.7,3.9,1.6,97218770-c42b-4778-8e05-7bd52c584be0,0.006282768,0.390701325
175,24600,Melbourne,37.5452,https://linked.data.gov.au/dataset/asgsed3/LGA2021/24600,104551,30,6380.8,41393,61030,80.4,13056,34,436.6,8528,33439,6,69124,34,856.8,110,12396,12.3,1109,59,45.1,21382,40637,0.6,99941,32,7252.5,48302,72568,7.18,2.14,0.3,0.12,0.556,14,28.5,39.8,31.6,21.1,20.5,26.8,14605,1323.8,1654,90642,,57,11,16.7,20.1,27.7,9.6,7.1,10.1,0.5,8.3,1267,11.7,19.3,34.5,14.4,10,5.7,3.4,0.9,43086b60-3b9f-4952-bcc7-53d7289deddf,0.003841263,0.414391844
176,24650,Melton,527.5374,https://linked.data.gov.au/dataset/asgsed3/LGA2021/24650,83174,37,5055.6,55067,60783,85.1,10753,39,205.3,11874,19094,6.7,51149,40,200.4,28,3917,6.9,1398,52,36.4,12125,26010,0.8,87946,39,5314.5,53913,60429,3.94,1.69,0.43,0.22,0.396,4.6,15.4,25.8,21.6,26.7,29.8,21.9,6255,254.6,2084,40706,,200,42,21.3,22,28,6.1,2.3,11.1,1,8.2,1025,15,28.8,38.4,7.9,2,1.7,4.5,1.7,27874525-f26e-468e-92e2-c5b1fbcc616b,0.05389042,1.086546157
177,24780,Mildura,22081.9206,https://linked.data.gov.au/dataset/asgsed3/LGA2021/24780,30494,37,1479.5,43068,48518,79.2,5368,51,91.5,10058,17052,8.2,19176,47,140.3,105,7316,11,626,57,14.7,11782,23555,1.1,32069,42,1651.6,45037,51501,4.9,1.78,0.36,0.16,0.452,5.8,17.6,28.5,28.7,29.2,26.2,15.9,2816,129.2,3243,45863,12,181,84,26.7,26.5,23.7,4.1,1.7,6.2,1,10.2,862,20.9,31,30.7,5.2,1.8,1.7,5.1,3.5,b92805a4-2831-4207-987d-459f50d9814f,2.176986739,9.060018269
178,24850,Mitchell,2862.0837,https://linked.data.gov.au/dataset/asgsed3/LGA2021/24850,24242,39,1471.7,54704,60707,82.3,3475,45,52.4,9600,15093,6.8,15614,44,86.9,45,5566,8.8,711,58,20.1,20738,28292,1.5,26014,41,1561.4,53184,60020,4.06,1.69,0.42,0.19,0.411,5.1,16.1,26.6,22.3,26.9,29.2,21.6,1948,129.9,3208,66685,12,120,44,22.8,23.5,28.1,6,2.4,8.1,0.9,8,1010,15.2,28.7,37,7.2,2.3,1.6,5.5,2.4,d2b7ab5d-238f-474b-846e-26601b2fb3b4,0.290252183,4.266858759
179,24900,Moira,4045.9201,https://linked.data.gov.au/dataset/asgsed3/LGA2021/24900,13870,41,696.1,45447,50184,72.8,3491,53,46.7,6569,13366,10.2,10545,51,87.1,156,8258,14.8,435,58,10.2,11400,23494,1.7,16213,47,811.4,43701,50049,5.4,1.8,0.33,0.11,0.471,6.1,18.1,29.2,30.4,29.3,25.2,15.1,1694,94.5,3981,55788,15,143,58,30.4,26.7,21.4,3.5,1.7,6,1,9.3,776,23.6,32.7,27.1,4.3,1.9,2,4.7,3.7,6c81f478-6e76-4944-85d4-febd0ebff6a6,0.404724112,5.853812152
180,24970,Monash,81.4829,https://linked.data.gov.au/dataset/asgsed3/LGA2021/24970,98812,37,6296.4,51173,63721,72.8,16259,41,385.4,10497,23706,7,88792,44,791.4,267,8913,18.2,2106,67,65.7,24223,31182,1.2,115268,41,7230.6,46746,62729,6.32,2.08,0.33,0.12,0.5,7.9,21.2,33.2,30.3,24,21.4,24.2,18321,776.7,2644,42396,,242,97,23.7,20.5,24.5,8,5.3,11.6,0.6,5.7,1109,15.5,23.7,34.5,12,5.3,3,4.6,1.4,621448d2-0539-4b20-953d-f2fd4a616ad6,0.008346387,0.52107723
181,25060,Moonee Valley,43.1384,https://linked.data.gov.au/dataset/asgsed3/LGA2021/25060,70169,38,5279.5,61287,75240,77.8,9533,42,281.5,11026,29532,5.8,57818,43,718.6,269,12428,14.6,1611,62,52.5,24007,32579,1.3,76949,41,6036.9,60555,78454,5.07,1.89,0.37,0.17,0.475,8.8,21.7,33,21.9,21.9,24,32.2,10936,1053.2,2464,96302,,174,50,21.8,18.7,27.5,10.3,8.1,7.8,0.6,5.3,1299,13.8,20,35,15.8,8.2,1.9,3.6,1.6,f19cf317-4aa6-4116-87c7-26082f63bde7,0.0044103,0.395385916
182,25150,Moorabool,2110.5504,https://linked.data.gov.au/dataset/asgsed3/LGA2021/25150,18973,40,1222.5,57005,64434,80.1,2843,47,47,8923,16517,6.8,13350,45,100.7,68,7546,11.3,433,58,13.9,22221,32164,1.3,20657,43,1320.9,55040,63944,4.36,1.76,0.4,0.18,0.428,5.5,16.9,27.7,22.3,25.5,27.1,25.1,1718,212.4,3333,123647,,80,27,23.3,23,27.5,7.4,3.5,8,0.8,6.4,1057,15.4,26.7,36.8,9.5,3.2,1.8,4.6,2.1,69700a43-74c9-43d7-9883-f275ea51f67d,0.215431127,2.888920014
183,25250,Moreland,50.9522,https://linked.data.gov.au/dataset/asgsed3/LGA2021/25250,103656,35,6900,57077,66566,82.8,16562,37,355.7,9872,21478,7.3,73958,38,405.1,102,5477,8.6,1602,59,44,18430,27493,0.8,107665,36,7254.4,55965,67379,4.62,1.83,0.39,0.2,0.433,5.9,17.7,28.6,22.4,24.5,25.5,27.5,12731,470.2,1454,36931,,115,79,21.5,20.5,28.8,10,5.3,7.3,0.7,5.8,1246,14.4,20.9,36.2,14.9,6.3,1.9,4,1.4,45570afa-376b-460e-bfce-f70d7ebf6d21,0.005207446,0.429650265
184,25340,Mornington Peninsula,723.992,https://linked.data.gov.au/dataset/asgsed3/LGA2021/25340,78069,43,4881.7,50063,62531,67.9,15035,49,410.8,14330,27320,8.7,68517,51,1175.4,317,17154,20.5,2694,62,82.8,23528,30753,1.7,95789,48,6333.7,48352,66121,5.41,1.99,0.37,0.14,0.504,10.4,24,35.4,27,26.5,22.9,23.6,13412,1336.9,4907,99679,19,601,239,24.8,24,24.3,6.8,5.4,6.5,0.7,7.5,995,16.6,28.4,32.2,9,5.1,1.8,4.6,2.4,bf2044a9-8ae3-44e8-beb9-1e9b725bfd98,0.074605898,2.199145891
185,25430,Mount Alexander,1529.6183,https://linked.data.gov.au/dataset/asgsed3/LGA2021/25430,8470,46,470.1,48211,55507,67.3,2588,53,43.2,8164,16681,12.3,7490,53,63.7,300,8502,17.6,297,60,8.1,17591,27357,1.8,10577,50,562.5,43234,53181,6.15,1.95,0.32,0.11,0.481,6.6,19,30.5,31.4,26.9,23.2,18.4,1418,87.9,4427,61954,,55,31,28.1,24.3,21.7,5.3,2.8,5.2,0.7,11.9,837,22.3,31.6,28.8,6,3,1.6,4.5,2.3,de556aa5-a8d4-4b3e-9ccc-f801413ca413,0.154948158,2.671141011
186,25490,Moyne,5481.686,https://linked.data.gov.au/dataset/asgsed3/LGA2021/25490,8104,40,419.4,45286,51748,64.4,3260,54,119.8,18235,36743,18.6,7240,51,77.4,338,10688,15.5,182,59,3.9,14416,21395,0.9,10301,47,600.5,47001,58300,5.03,1.86,0.37,0.13,0.48,7.9,21,32,27.5,27.3,25.5,19.8,1233,71.1,4710,57676,,38,9,24.5,25.6,26.3,4.8,3.5,5.6,0.9,8.8,952,17.5,29.7,33,6.1,3.9,1.2,5.8,2.8,b4ee0ddb-adc6-454d-ac4c-2fe2fcb09768,0.563204974,5.298696496
187,25620,Murrindindi,3879.7505,https://linked.data.gov.au/dataset/asgsed3/LGA2021/25620,6793,45,376.2,47170,55385,69.3,2072,54,27.5,7647,13265,12.7,5514,53,49.2,187,8919,15.7,226,58,6.6,20549,29072,1.6,8224,49,434.6,43040,52851,5.77,1.92,0.33,0.11,0.489,6.8,19.8,31.4,30.6,28.6,23.6,17.2,879,60.5,4983,68794,,58,12,26.6,23.9,22.8,4.5,2.9,7.1,1,11.1,856,20.8,29.5,29.7,5.4,3.2,2.4,5.9,3.1,db73e35b-561c-4a0f-a5bf-a1e2f936cb54,0.394344098,4.34035628
188,25710,Nillumbik,432.3373,https://linked.data.gov.au/dataset/asgsed3/LGA2021/25710,35203,44,2610.9,59749,74166,74.4,5693,48,142.9,11776,25101,7,30672,48,410,313,13368,16.6,842,60,28.7,25581,34114,1.2,40348,47,3054.3,58670,75698,5.2,1.94,0.37,0.16,0.471,7.9,20.5,31.9,22.5,23,22.7,31.8,5706,383.3,2945,67167,,72,31,20,19.7,28,10.6,7.9,8.8,0.5,4.4,1373,8.9,20.2,39.8,16.2,7,1.4,5.3,1.3,b49a4994-9989-4094-ac56-ee6153191875,0.044124293,1.534927623
189,25810,Northern Grampians,5729.8765,https://linked.data.gov.au/dataset/asgsed3/LGA2021/25810,5542,42,280.4,46352,50599,71.9,1431,56,44.1,14585,30836,12.2,4291,53,28.6,281,6670,14,173,58,4.5,10740,25868,1.6,6519,48,345.2,45838,52957,5.3,1.77,0.33,0.11,0.466,6.4,18.8,29.9,28.7,28.5,26.3,16.6,614,38,4179,61961,,34,15,28.7,27.2,21.2,3.7,1.6,5.4,0.9,11.3,762,24.3,33.2,26.3,4.5,1.9,2,4.5,3.3,f34fd426-908f-4369-adc4-aa9820d88371,0.578889678,5.876240882
190,25900,Port Phillip,20.6141,https://linked.data.gov.au/dataset/asgsed3/LGA2021/25900,72460,35,6045.6,63189,83434,77.1,11852,41,451.7,10682,38109,7,55511,40,954.2,242,17190,14,1282,60,47.6,20929,37114,0.9,75243,38,7066.9,65804,93921,5.27,1.95,0.37,0.17,0.519,12.2,27.1,38.2,20.5,20,23,36.6,12061,979.4,2984,81205,,52,22,14.2,16.3,29.9,12.8,13.1,5.5,0.4,7.8,1602,10.2,15.1,33.9,18.7,15.5,1.8,3.4,1.3,1d9e7cbd-6a4c-40a9-bab3-1c3f2fee7084,0.002110367,0.317319088
191,25990,Pyrenees,3434.5687,https://linked.data.gov.au/dataset/asgsed3/LGA2021/25990,3080,45,155.9,44955,50618,69.6,1008,54,13,4656,12933,12.8,2423,51,16.3,192,6717,15.1,105,56,2.5,10000,23877,1.7,3738,49,179.3,41643,47967,6.31,1.87,0.3,0.08,0.497,5.4,18.2,30,33.3,28,24,14.7,358,20.6,4564,57663,,39,,31.4,22.9,19,3.2,1.6,5.7,1,15,728,26.5,32.7,24.3,3.8,1.9,1.8,4.9,3.9,8c613189-f838-4352-8299-99ee93591df2,0.349124695,3.99740255
192,26080,Queenscliffe,8.6166,https://linked.data.gov.au/dataset/asgsed3/LGA2021/26080,1307,49,82.5,48817,63098,51.5,336,58,8.1,10238,24078,7.9,1715,61,40.8,2358,23788,36.5,96,65,3.9,28211,41099,3,2030,59,132.4,45063,65222,7.82,2.16,0.28,0.1,0.548,11,25.8,37.7,33.6,21.6,20.7,24.1,494,60.1,7874,121693,,15,,21.9,24.9,25.5,7,6.9,5.5,0.3,8.1,1065,13.3,28.2,31.9,9.2,8.3,1.8,5.1,2.5,46df742f-f62d-414d-9a0d-c52b57e4f544,0.000887013,0.381777483
193,26170,South Gippsland,3296.3307,https://linked.data.gov.au/dataset/asgsed3/LGA2021/26170,13179,43,699.8,45484,53099,65,5036,54,110,12217,21835,16.2,11850,52,102.5,263,8652,16.5,395,59,10.1,17366,25653,1.5,16972,49,892.8,43165,52604,5.52,1.92,0.35,0.12,0.481,6.4,19.1,30.5,30.5,28.1,23.5,17.8,2320,117.4,5235,50618,9,91,35,28.9,25.4,22.4,4.6,2.6,6.7,0.9,8.6,824,21.3,32.5,28.2,5.3,2.6,2.1,4.9,3.1,0ab4551e-06c8-40db-bae6-f774aad1203f,0.340980227,6.070737315
194,26260,Southern Grampians,6654.0186,https://linked.data.gov.au/dataset/asgsed3/LGA2021/26260,7765,42,385.8,45418,49690,67.6,2703,55,67.2,12256,24853,14.7,6931,52,64.5,400,9309,16.1,228,57,4.8,9973,21053,1.2,9548,48,502.9,45432,52668,5.03,1.77,0.35,0.11,0.473,6.7,19.2,30.4,29.1,28.6,26.2,16.1,1263,94.9,4460,75106,,41,25,28.1,26.8,24.5,4.2,2.5,5.7,0.8,7.5,849,21.1,32.5,29,5.2,2.7,1.7,4.8,3.1,9d7d24ca-9d23-4236-8b94-9d4607b5c343,0.678338643,5.289690803
195,26350,Stonnington,25.651,https://linked.data.gov.au/dataset/asgsed3/LGA2021/26350,66485,34,6034.2,64813,90760,70.3,10994,43,675.8,11804,61474,6.2,60542,40,2181.5,645,36033,21.6,1187,63,46.8,25223,39424,0.8,76253,38,8625.2,68889,113113,5.71,2.03,0.36,0.16,0.582,18.2,34.8,45.7,20.3,18.9,21.9,38.9,15988,2550.4,4149,159517,,45,28,14.4,15.7,29,12,15.4,6.9,0.4,6.2,1672,9.2,14.5,32.5,19.1,17.4,2.1,3.9,1.4,8c89a11d-fc8b-481c-b948-03d976259ed0,0.002626207,0.30739096
196,26430,Strathbogie,3303.2568,https://linked.data.gov.au/dataset/asgsed3/LGA2021/26430,4927,44,262.9,47188,53352,67.7,1695,58,10.5,2825,6179,11.7,4206,55,43.4,227,10318,18.1,186,60,5.7,23085,30834,1.8,6092,51,308.1,43302,50568,6.16,1.84,0.3,0.08,0.5,6.8,19.6,31.1,32.3,27.1,24.7,16,760,54,5366,71113,,65,23,28.6,24.6,21.8,4.2,3,5.7,1.1,11.1,804,23.1,31.1,27,4.9,3.5,2.2,4.8,3.5,a90c185f-c880-4713-b8b7-a03f1b077616,0.333366101,3.953888695
197,26490,Surf Coast,1552.944,https://linked.data.gov.au/dataset/asgsed3/LGA2021/26490,17711,41,1175.7,53102,66383,67.5,4329,48,110.9,10962,25626,9.7,16480,48,289,432,17536,20.8,505,60,17.7,22925,34976,1.3,21994,46,1552.5,52224,70586,5.59,1.99,0.35,0.14,0.504,10.4,23.3,34.7,26.2,23.9,22.2,27.7,3601,306.1,4164,85011,,61,20,20.3,21.9,27.4,9.5,7.4,6.1,0.6,6.9,1231,11.5,23.2,36.8,12.6,7.4,1.3,5.7,1.5,79fd61f0-04f6-4df8-98f4-7869548a1306,0.159963519,2.317789003
198,26610,Swan Hill,6115.5373,https://linked.data.gov.au/dataset/asgsed3/LGA2021/26610,11809,37,537.8,40397,45544,75.1,2509,52,77.5,14015,30883,10.8,7756,47,82,259,10573,12.9,197,53,3.3,9266,16628,0.7,12690,42,664,44327,52327,4.9,1.79,0.37,0.16,0.459,6.9,19.1,30,29.6,29,25.7,15.7,1159,53.4,3634,46062,,39,29,24.9,27.9,23.6,3.5,1.9,6.3,1,10.7,877,20.3,30.9,31.8,5.1,2.1,2,5,3,7db0c7dd-028d-4e5e-9a71-51123ca388d8,0.604730735,6.646714469
199,26670,Towong,6675.1725,https://linked.data.gov.au/dataset/asgsed3/LGA2021/26670,2741,45,143.6,45840,52398,64.4,1241,58,22.8,9902,18402,18,2531,55,29,310,11460,15.1,115,58,3.3,23790,29053,1.8,3560,52,192.7,42687,54138,5.7,1.89,0.33,0.11,0.516,10.5,22.6,33.7,31.4,26.6,25.5,16.5,458,27.1,4860,59143,,32,5,28.7,24.2,23.5,4.5,2.4,5.4,0.7,10.8,846,22.4,30.6,29.8,4.9,3.3,1.2,5.1,2.6,3dbb5872-5a9b-4e1c-bc38-14bd48272f53,0.670190785,5.512986565
200,26700,Wangaratta,3645.1096,https://linked.data.gov.au/dataset/asgsed3/LGA2021/26700,14639,42,797.3,49046,54466,74.8,3392,54,56.3,7000,16586,9,11476,51,90.1,222,7855,14.6,387,59,8.4,12408,21788,1.2,16800,47,915.3,46850,54480,4.93,1.77,0.36,0.13,0.453,6.9,18.7,29.4,27.6,28.4,26.5,17.5,1872,100.1,4566,53496,,106,41,26.8,27.2,25,4.9,2.1,5.3,0.7,7.9,872,20.1,32,31,5.5,2.2,1.6,4.9,2.6,b0d359e1-7e4f-4a31-8b12-9d176bca55cd,0.367056625,4.081170266
201,26730,Warrnambool,120.9487,https://linked.data.gov.au/dataset/asgsed3/LGA2021/26730,19186,39,1041.2,48627,54270,77.5,2833,49,82.2,13448,29003,6.9,14144,47,144.1,169,10188,14.4,416,59,9.5,14555,22824,1,21207,43,1241.2,50144,58529,4.43,1.73,0.39,0.17,0.431,6.5,18.4,28.9,24.9,27.5,28.1,19.5,2441,129.1,3909,52869,,96,41,25.8,26.9,26.9,5,2.7,5,0.7,7,937,17.6,31.3,34.2,6.6,2.4,1.6,3.9,2.4,fdaeea0c-6b70-42ce-8735-0b6b45bed023,0.012468527,0.715800782
202,26810,Wellington,10817.4231,https://linked.data.gov.au/dataset/asgsed3/LGA2021/26810,20622,41,1234.8,49656,59879,74.7,4983,53,40.2,4423,8067,9.5,15688,50,142,135,9050,13.4,752,60,21,21555,27880,1.8,23837,46,1396.9,46503,58601,5.57,1.91,0.34,0.12,0.507,8.9,21.9,33.3,28.5,27.1,24,20.3,2802,175.4,4630,62591,9,166,58,27.7,23.9,21.8,4.9,2.9,7.1,0.9,10.8,834,22.3,30.5,28.5,6,2.6,2.2,5.2,2.7,024f098a-414e-4d68-a2ea-51a43411bac0,1.108047416,12.10594593
203,26890,West Wimmera,9108.6794,https://linked.data.gov.au/dataset/asgsed3/LGA2021/26890,1673,42,77.2,41314,46174,54.3,1154,56,63.7,25387,55191,30.9,1815,53,14.8,646,8166,13.7,52,53,1,5984,19121,0.6,2357,51,152.8,47573,64826,6.51,2,0.31,0.1,0.558,9.2,26,38.2,28.8,25.4,22.7,23.1,293,35.7,3376,121951,,9,7,27.3,25.6,21.6,4.7,3.2,5.2,0.8,11.3,811,24.5,29,26.9,5.2,3.8,1.9,4.3,3.7,36e772df-6076-4f42-a349-240d2a32c53a,0.918306251,6.077848989
204,26980,Whitehorse,64.2801,https://linked.data.gov.au/dataset/asgsed3/LGA2021/26980,89594,38,5988.7,52721,66842,73.4,13739,43,343.9,10569,25031,6.5,80278,44,696.6,306,8677,17.9,2208,67,66.4,23985,30073,1.3,103783,43,6787.3,48608,65399,6.46,2.1,0.32,0.12,0.503,7.8,21.5,33.5,29.7,23.1,21.3,25.9,17482,702.6,2613,40193,,264,94,23.5,20.5,24.5,8.7,6.1,10.9,0.5,5.1,1121,15,24.1,34.5,12.6,5.5,2.9,4.1,1.3,0db1ead6-da4b-47f8-9fd6-b450b5c15e2e,0.006578374,0.401704342
205,27070,Whittlesea,489.6938,https://linked.data.gov.au/dataset/asgsed3/LGA2021/27070,113861,37,6706.8,52884,58903,83.1,16660,38,318.4,12642,19113,7.7,75209,40,305.5,42,4062,8,1802,55,46.5,13457,25829,0.8,122029,38,7101.7,51170,58197,4.06,1.72,0.42,0.21,0.403,4.7,15.7,26.2,23.1,28.1,28.7,20,9402,369.5,1908,39296,,289,67,24.5,23.1,27.4,5.7,2,10.6,1,5.8,992,16.6,28.8,37.8,7.2,1.7,2.1,4.2,1.6,43a13a73-34ad-481c-a299-e5156df8c5ed,0.04992813,1.41731038
206,27170,Wodonga,433.0021,https://linked.data.gov.au/dataset/asgsed3/LGA2021/27170,22089,39,1264.4,53368,57239,81.4,2764,48,60.3,9749,21822,5.6,14967,46,94,88,6283,9.7,1097,59,33.4,25754,30433,2.9,24170,42,1412.1,52498,58423,3.91,1.64,0.42,0.18,0.401,5.6,16.3,26.4,22.4,27.4,31,19.1,2320,92,2725,39637,31,269,59,24.1,26.6,29.5,5.3,1.9,5.8,0.5,6.3,972,17.4,29.9,37.1,6.3,1.9,1.2,4.2,2,62099da4-a412-48e7-876b-6bdccd81c862,0.043362234,1.548574669
207,27260,Wyndham,542.0943,https://linked.data.gov.au/dataset/asgsed3/LGA2021/27260,144331,36,8914.5,54596,61764,83.5,23412,36,438.9,11911,18745,8.3,90652,38,270.9,22,2989,6.8,2279,56,60.7,18312,26628,0.9,154455,37,9342.2,52327,60485,4.35,1.76,0.4,0.2,0.416,5,16.3,27.1,23.8,26.2,27.6,22.3,12980,565.9,1796,43598,14,277,70,18.7,22,28.4,7.5,3.2,12.1,0.9,7.2,1094,12.5,27.5,39.7,9.6,2.9,1.6,4.7,1.5,171754c4-6b7f-4eb2-9224-c5a32bfdfa3c,0.055520337,1.293985978
208,27350,Yarra,19.5421,https://linked.data.gov.au/dataset/asgsed3/LGA2021/27350,61458,34,5095.4,67032,82909,81,10120,38,392.5,9847,38782,6.6,47357,36,572.4,221,12087,10.9,1019,60,36.1,21967,35417,0.8,63066,35,5709.4,69025,90530,4.53,1.82,0.4,0.2,0.477,9.8,23.5,34.4,18.1,19.7,24.6,37.5,10920,544.4,1935,49854,,123,16,15.5,15.8,32,13.9,11.9,4.5,0.3,6,1705,10.9,13.3,31.9,20.8,16.3,1.5,4.3,1,8bd9e881-3c6a-4afb-ac79-41dbc15c5434,0.00199917,0.419874888
209,27450,Yarra Ranges,2468.2052,https://linked.data.gov.au/dataset/asgsed3/LGA2021/27450,83700,41,5175.2,53719,61830,77.7,14057,47,304.8,11963,21681,7.9,62880,46,586.1,110,9322,12.6,1789,59,50,16881,27940,1.1,92947,44,5823.9,52188,62658,4.42,1.79,0.4,0.18,0.438,6.9,18.5,29.3,23.4,26.7,26.8,23.1,9369,508.4,2586,54263,,319,90,23.5,23.6,28,7.4,3.5,7.8,0.7,5.5,1080,14,27.2,37.7,10,3.1,1.5,4.8,1.7,d3f0918e-153b-485a-ba31-8df368981f09,0.252213479,3.668576876
210,27630,Yarriambiack,7325.797,https://linked.data.gov.au/dataset/asgsed3/LGA2021/27630,2755,43,130.1,43791,47241,60.7,1258,56,87.5,39512,69564,23.7,2584,54,23.2,614,8970,14.1,67,57,1.3,10000,19302,1.1,3602,51,236.3,50362,65589,5.71,1.91,0.33,0.12,0.497,6.7,21.8,34.3,26.7,25.5,24,23.8,422,24,3606,56760,,29,13,31.1,25,21.4,3.4,2.2,5.1,0.9,11.1,736,27.8,30.1,25.5,4.2,2.8,1.3,4.6,3.8,be8779d6-952e-4d27-8b9e-42a24f4a41fb,0.732179305,5.443920499
211,29399,Unincorporated Vic,283.1903,https://linked.data.gov.au/dataset/asgsed3/LGA2021/29399,476,29,13.8,18260,29082,82.5,61,54,0.6,5593,9886,6.6,181,42,1.3,254,7060,9.9,4,59,0.1,13777,16778,0.8,367,32,12.8,25004,34854,3.96,2.16,0.55,0.42,0.432,,17.1,29,47.9,31,15.6,5.5,35,1.1,819,30490,,,,13.1,28,19.9,3.2,4.1,2.4,0.6,28.4,1095,13.5,23.1,35.9,6.4,8.3,,11.5,4.5,602d310b-4665-4173-9a1d-e1114a6e357f,0.029010524,3.017305311
212,29499,No usual address (Vic.),,https://linked.data.gov.au/dataset/asgsed3/LGA2021/29499,,,,,,,,,,,,,,,,,,,,,,,,,,,,,,,,,,,,,,,,,,,,,,,,,,,,,,,,,,,,,,,,,,1b5a901e-8a82-4f12-add5-4424f61a791f,,
213,29799,Migratory - Offshore - Shipping (Vic.),,https://linked.data.gov.au/dataset/asgsed3/LGA2021/29799,,,,,,,,,,,,,,,,,,,,,,,,,,,,,,,,,,,,,,,,,,,,,,,,,,,,,,,,,,,,,,,,,,6ca33e35-313e-43b7-922d-6df5c16785ec,,
214,30250,Aurukun,7423.9891,https://linked.data.gov.au/dataset/asgsed3/LGA2021/30250,396,37,13.7,17263,34515,93.6,18,59,0.1,2035,4344,1.9,60,41,,16,-655,0.6,11,52,0.1,7756,9538,3.2,315,44,13.4,26086,42471,10.09,2.91,0.29,0.13,0.513,,16.8,30.6,48.4,19.7,18.2,13.7,,,,,,,,66.5,12.2,4.5,1.9,,1.6,2.8,9.8,468,49.2,28,8.1,2.1,,,9.3,2.5,bd5699e5-7dbe-43fa-8b02-d49d7242976c,0.620106952,5.303754314
215,30300,Balonne,31104.0851,https://linked.data.gov.au/dataset/asgsed3/LGA2021/30300,2243,38,111.7,42860,49809,73.5,755,52,-19.5,399,-25796,10.7,1523,47,14.2,226,9326,13.6,55,48,0.7,7927,12632,1.4,2443,44,99,42302,40543,6.55,1.88,0.29,0.05,0.88,9.4,25.5,40,32.8,27,24,16.2,203,19.2,5084,94389,,9,,23.9,23.2,26.1,4.5,3.2,5.4,1.2,12,911,20.3,26.1,30.2,6,3.6,2.2,8.8,3.3,2b816b9a-1362-46f8-8042-a44603ec4a24,2.861803949,8.834686631
216,30370,Banana,28550.1626,https://linked.data.gov.au/dataset/asgsed3/LGA2021/30370,7204,38,504.2,56670,69989,73.2,2766,52,8.5,2370,3057,13.3,5507,46,31.7,98,5760,12,142,53,3.5,9776,24837,0.8,8316,43,515.4,51642,61979,7.32,2.09,0.29,0.06,0.547,5.6,18.1,30.9,28,22.5,21.9,27.6,859,72.5,4300,84431,,19,9,20.3,20.6,23.5,8.7,4.6,5.7,1.3,15.3,1080,15.4,23.1,34.3,9.7,4.4,2,8.1,3.1,4bb5a50d-8e94-4587-bfab-44cb79d1bd0b,2.551916649,12.10093523
217,30410,Barcaldine,53382.654,https://linked.data.gov.au/dataset/asgsed3/LGA2021/30410,1365,40,78.3,50354,57360,67.3,620,51,15.4,11345,24811,18.1,1160,49,9.2,216,7961,13.6,17,49,0.7,10566,39087,0.5,1674,46,98.8,49995,59049,5.81,1.88,0.32,0.08,0.539,7,20.5,32.5,26.9,25.2,24.8,23.1,183,15.1,3039,82708,,,,20,22.6,26.8,5.9,3.8,5.7,2,13.5,973,18,23.5,30.8,7.7,3.3,2.6,9.9,4.1,f6a0a7df-9c86-4f3e-b9d4-f34898df59d4,4.705942083,14.94914105
218,30450,Barcoo,61830.1679,https://linked.data.gov.au/dataset/asgsed3/LGA2021/30450,189,43,11.2,51286,59362,81.3,82,49,3.9,9552,47412,15,131,48,-0.3,85,-2094,3.1,4,38,,77,71,,191,46,13.6,54970,71272,,,,,0.501,,23.4,34.9,16.6,31.6,23.3,28.5,,,,,,,,15,21.4,28.9,5.3,5.6,6.8,,13.5,1258,14.8,14.8,33,9.6,7.8,2.6,13,4.3,7fac33d3-af36-4ab0-9306-d0afab794e66,5.535374983,16.74324797
219,30760,Blackall Tambo,30537.248,https://linked.data.gov.au/dataset/asgsed3/LGA2021/30760,858,41,43.8,45264,51055,67.4,424,50,11.2,9549,26511,18.8,732,50,7.5,195,10281,12.7,15,58,0.4,6253,25826,0.8,1066,47,60.9,46365,57138,5.68,1.83,0.32,0.09,0.541,9,23.5,35,29.2,26.5,25.7,18.6,114,7.5,3484,65984,,6,,26.2,22.7,26.6,3.9,3.1,4.3,0.9,11.9,817,20.8,28.6,25.3,4.7,3.7,1.8,10,4.5,51361333-d543-4a99-8ebf-713b39af89c8,2.726238718,10.8887055
220,30900,Boulia,60906.4695,https://linked.data.gov.au/dataset/asgsed3/LGA2021/30900,205,38,10.8,50110,52903,76.9,50,50,2.2,33004,43487,15.3,132,46,1.8,626,13290,6.5,,,,,,,215,43,14.5,56748,67366,2.92,1.74,0.59,0.28,0.367,,13.6,24.3,14.4,26.9,34.7,24.1,24,0.8,658,32758,,,,16.1,23.9,34.9,4.9,3.2,1.7,1.4,13.8,1095,16.7,18.8,36.1,4.9,5.6,2.1,11.1,2.1,d409a42a-c5f1-4713-ae3f-2b884c592cb9,5.344860937,14.33728656
221,31000,Brisbane,1342.7173,https://linked.data.gov.au/dataset/asgsed3/LGA2021/31000,705703,37,50229.3,57640,71176,79,100338,41,3234.6,10689,32237,6.2,532710,42,5700.2,137,10700,12.7,17674,59,549.3,22078,31077,1.3,773132,40,57656,56564,74575,5.13,1.9,0.37,0.16,0.487,9.8,23.2,34.2,23.5,23,24.3,29.1,116107,7653.2,2746,65915,130,2940,1101,19.9,20.8,28.1,9.9,7.2,8,0.5,5.5,1284,11.6,21.6,37.1,14.7,7.5,1.6,4.7,1.1,70e60ed4-e31e-4b5f-8d32-66a2f2735239,0.12256083,5.164218987
222,31750,Bulloo,73722.0101,https://linked.data.gov.au/dataset/asgsed3/LGA2021/31750,157,39,9.6,60374,60945,80.8,52,51,0.8,4246,16037,11,111,49,1,54,8878,6.4,6,44,,9999,5833,0.6,175,44,11.4,59362,64875,,,,,0.383,,16.6,27.3,14.5,29.7,34.3,21.5,,,,,,,,15.5,31.7,30.6,7.9,5.4,1.8,,8.3,1156,6.7,25.2,40.3,5,5.9,,7.6,5,5d0e5746-8b26-4532-9922-afb2bb1556c4,6.7649416,12.2392697
223,31820,Bundaberg,6431.0889,https://linked.data.gov.au/dataset/asgsed3/LGA2021/31820,44906,39,2287.8,43925,50947,76.7,7213,53,123.2,6919,17081,7.2,28844,51,187.3,111,6494,13.2,1676,58,41.3,16492,24658,2.2,48561,46,2549.8,43629,52508,5.84,1.86,0.32,0.1,0.48,7.8,19.8,31,30.7,28.3,24,16.9,5250,284.9,6313,54264,70,823,211,32.9,26.1,20.1,3.8,1.8,6.3,0.8,8.3,742,25.1,33.1,25.5,4.2,1.8,1.8,5.5,2.9,ee2cdbd3-c7dd-4e01-bb70-9ec6b654230c,0.574957285,6.134165823
224,31900,Burdekin,5043.9318,https://linked.data.gov.au/dataset/asgsed3/LGA2021/31900,9689,38,496.9,44311,51285,75.9,2218,54,38.5,11241,17344,10.4,6758,50,62.2,244,9206,12.4,200,54,4,9359,20037,0.9,10096,46,572.5,48534,56704,4.78,1.82,0.38,0.16,0.457,6.4,17.9,28.8,25.7,27.9,25.9,20.4,1271,44.8,4373,35269,,66,21,25.4,24.8,25,4.6,2.2,5.4,0.8,11.8,891,20.7,28.9,31.3,6.1,2.3,1.5,6.2,3.1,5d5c0f84-8452-4caf-87cf-528fde3b780e,0.434918112,4.561835008
225,31950,Burke,39681.2234,https://linked.data.gov.au/dataset/asgsed3/LGA2021/31950,161,35,8.7,46800,54106,88.8,24,53,0.8,2163,33097,6.6,,,,,,,,,,,,,151,37,8.7,47190,57422,,,,,0.403,,16.9,28,21.1,35.5,25,18.4,,,,,,,,17.5,21.2,27.7,4.8,1.4,2.3,1.4,24.6,991,17.4,27.3,35.5,8.3,5,,5,6.6,07107748-9af5-4f60-9c4e-5e243d093223,3.386102025,12.94820835
226,32080,Cairns,1689.3227,https://linked.data.gov.au/dataset/asgsed3/LGA2021/32080,91641,40,5340.7,50222,58279,81.9,12815,49,289.7,10512,22603,6.6,57998,46,404.2,77,6970,9.3,2555,57,72.9,17758,28540,1.4,96006,43,5864.1,50743,61081,4.26,1.79,0.42,0.19,0.433,6.9,18.6,29.2,23.3,28.4,26.7,21.6,9821,346.1,3838,35246,30,552,143,21.7,24.6,26.9,6.3,2.8,6.6,0.8,10.4,1012,15.5,28.1,35.2,8.2,3.1,1.6,6.6,1.8,a44fd39e-e811-4fab-8917-2cfd8be50291,0.143469664,3.078990185
227,32250,Carpentaria,64121.0123,https://linked.data.gov.au/dataset/asgsed3/LGA2021/32250,,,,,,,,,,,,,,,,,,,,,,,,,,,,,,,,,,,,,,,,,,51,0.8,3041,15895,,8,,23.6,22.9,25.7,4,3.5,5,0.5,14.5,937,18.3,24,27.8,7.1,4,1.6,11,5.2,0bc22bb4-adad-4152-963d-8dbc5ae7c381,5.45484868,20.22820582
228,32260,Cassowary Coast,4687.824,https://linked.data.gov.au/dataset/asgsed3/LGA2021/32260,16028,38,731.2,38188,45620,74.6,3662,53,51.1,7090,13946,10.4,9897,52,69.5,154,7022,12.7,439,56,9.9,10418,22493,1.5,16341,47,802.3,41828,49096,5.32,1.84,0.35,0.12,0.465,5.8,18.2,29.6,30.9,31.3,23.1,14.8,1633,67.7,5724,41435,9,106,39,28.6,27.6,20.1,3.5,1.8,5.8,1,11.7,783,22.7,33.2,26.1,4.6,1.8,2,6.3,3.3,1114a852-f503-40b0-8b24-f7ac2297567e,0.399845993,7.264808337
229,32270,Central Highlands (Qld),59834.8359,https://linked.data.gov.au/dataset/asgsed3/LGA2021/32270,16491,37,1222.6,58702,74138,82.7,3149,48,74.1,7141,23545,8.7,10246,43,80,53,7807,7.6,257,45,5.1,9882,19922,0.5,16229,40,1278.3,62853,78768,5.7,2.07,0.36,0.16,0.483,6.2,17.9,29.6,21.6,21.1,21.3,35.9,1528,89.5,3184,58578,,26,15,16.8,18.3,25.3,10.6,7.5,6.6,0.9,14.1,1276,11.9,18.6,35.9,13.6,6.7,1.6,9.3,2.5,90b549e6-2dec-45f8-ae37-20f75d67c402,5.310842775,18.87524896
230,32310,Charters Towers,68382.1644,https://linked.data.gov.au/dataset/asgsed3/LGA2021/32310,5354,41,322.8,51422,60295,78.3,1304,50,30.9,5268,23663,9.7,3550,49,13.6,86,3825,10.3,146,53,3.3,14075,22305,1.3,5733,45,350.1,50733,61074,5,1.88,0.38,0.12,0.47,6.6,18.5,29.8,25.1,26.3,25,23.6,526,38.3,4232,72724,,52,17,25.9,20.9,20.8,5.9,2.4,7.4,1.2,15.6,856,22,26.4,28.4,6.5,2.3,1.7,9.2,3.6,72e74f60-cd8a-4728-9d65-b95146c5fbf8,5.908835554,16.85680458
231,32330,Cherbourg,31.6002,https://linked.data.gov.au/dataset/asgsed3/LGA2021/32330,317,37,10.4,27046,32673,97.6,3,43,,1023,390,,27,44,,3,-109,0.4,10,39,0.2,9618,21412,2,253,37,10.1,33437,39897,6.42,1.81,0.28,0.15,0.436,,15.6,27.5,36.4,35.2,19,9.5,,,,,,,,57,23.1,8,0.6,,3.5,1.5,5.3,452,53.4,32.9,8.8,,,,5.5,,3c849933-5a5c-4dd3-b082-3f5eb874bcec,0.002855795,0.372955687
232,32450,Cloncurry,47971.2595,https://linked.data.gov.au/dataset/asgsed3/LGA2021/32450,1664,37,118,63025,70934,86.6,287,46,11.2,10043,38975,7,981,41,7.3,50,7487,5.7,27,45,0.8,9870,29658,0.6,1608,39,128,67946,79582,3.86,1.71,0.44,0.22,0.421,7.1,18.4,28.2,16.4,21.1,27.3,35.2,147,13.4,3890,90912,,,,14,15.3,26.5,12.9,6.2,4.9,0.9,19.3,1230,12.4,20,34.2,12.2,5.6,1.7,9.6,4.6,61265a2e-63fd-466f-b108-859839d13a0d,4.162938387,15.7761936
233,32500,Cook,105717.7521,https://linked.data.gov.au/dataset/asgsed3/LGA2021/32500,,,,,,,,,,,,,,,,,,,,,,,,,,,,,,,,,,,,,,,,,,153,6,13120,39400,,16,5,24.6,21.2,21,4,1.9,4.5,1.3,21.3,774,24.2,27.3,25.5,5.9,2.2,2.6,7.8,4.5,69bc23f9-7a02-4541-8d21-a1d4c90708c0,8.855950072,34.62113344
234,32600,Croydon,29497.9025,https://linked.data.gov.au/dataset/asgsed3/LGA2021/32600,138,41,7.2,41786,52221,84,39,46,0.1,5269,1510,9,80,44,0.2,30,2525,6.3,3,45,,13459,13629,0.7,145,42,6.9,41846,47492,,,,,0.524,,18.8,30.3,27.1,31.9,26.4,14.6,,,,,,,,19.6,23.7,22.4,4.6,2.3,3.2,4.1,20.1,888,18.8,27.5,28.7,6.3,,,10,5,03ec6954-870c-4687-9b7e-b31608e0ad16,2.524527257,10.74213451
235,32750,Diamantina,94722.429,https://linked.data.gov.au/dataset/asgsed3/LGA2021/32750,192,40,11.7,51063,61034,91.1,23,52,0.6,26861,24424,5.6,108,43,0.5,32,4438,2.2,,,,,,,178,42,12.1,57675,67838,,,,,0.364,,16.8,26.5,12.3,31.8,30.2,25.7,,,,,,,,8.5,26.4,30.2,6,3.8,,1.3,22.6,1224,8.5,20.7,42.7,12.2,8.5,,8.5,,6ae86e69-9c75-41b1-8ce0-63f032c8d4f1,8.446557097,15.68120485
236,32770,Doomadgee,1827.6518,https://linked.data.gov.au/dataset/asgsed3/LGA2021/32770,448,37,17.1,24015,38169,96.7,,,,,,,82,36,0.1,21,733,1.1,14,46,0.3,8488,20885,1.9,365,39,16.4,34069,45042,7.7,2.28,0.3,0.12,0.48,,16.5,28.8,40.5,24.2,19.6,15.8,,,,,,,,53.4,16.5,8.1,2.7,0.9,6.2,3.7,8.5,473,47.7,23.5,13.7,3.9,1.1,1.1,8.1,1.1,8b242892-7075-4b5e-a36c-34124d2a02a5,0.155569829,2.400871346
237,32810,Douglas,2427.8626,https://linked.data.gov.au/dataset/asgsed3/LGA2021/32810,6838,40,316.2,40577,46248,74,1601,52,25.2,9646,15768,10.9,4723,50,37.1,104,7852,12.5,166,57,3.7,10000,22326,1.3,7597,46,366.8,41055,48278,4.33,1.76,0.41,0.17,0.449,6.2,18.7,29.9,29.5,34.8,23,12.8,824,53.8,5781,65278,,26,7,23.8,29,22.4,3.7,2,4.5,0.8,13.7,865,19.3,32.6,30.1,5.3,2.2,1.6,6.5,2.6,4a72ddac-37f2-4488-acff-6351660dbb45,0.205206728,3.652163165
238,33100,Etheridge,39199.2956,https://linked.data.gov.au/dataset/asgsed3/LGA2021/33100,343,37,15.7,36074,45667,54.4,242,51,9,18053,37264,32.3,318,48,2.1,204,6616,12.6,10,47,0.1,10000,9163,0.7,464,46,25.2,42137,54380,7.01,2.05,0.29,0.02,0.654,,28.2,40.2,32.3,26.9,20,20.8,33,1.7,5858,53030,,,,23.8,21,22.5,3,3.5,5.8,2.7,18,825,22.3,23.8,23.5,2.7,3.5,3.5,8.1,7.7,6de3013e-d97a-473f-8cff-37baa2f52b85,3.353819486,9.758436275
239,33200,Flinders (Qld),41199.9375,https://linked.data.gov.au/dataset/asgsed3/LGA2021/33200,746,38,41.2,49105,55211,66.8,376,52,13.2,16622,35120,21.1,618,48,4,107,6481,10.5,11,58,0.4,7155,36349,0.3,936,46,57.4,53331,61375,4.65,1.8,0.39,0.12,0.52,5.9,18.9,31,23.5,25.9,25.3,25.3,92,8.9,5093,97112,,,,22.6,22.3,26.8,3.6,2.9,4.6,1.4,15.3,935,19.6,24.6,32.3,7.2,2.2,3.1,9.2,3.5,01b18453-c512-46a0-901f-ffea1097f046,3.57868686,10.40394003
240,33220,Fraser Coast,7104.5984,https://linked.data.gov.au/dataset/asgsed3/LGA2021/33220,41300,43,2197.3,46362,53205,72.7,6862,52,111.3,8422,16223,7.5,30488,53,180.2,124,5910,15.2,2459,59,72.5,22411,29487,3.6,49405,48,2486.7,42213,50334,6.24,1.88,0.3,0.09,0.474,6.5,18.7,30.1,31.9,28.8,23.3,16,5329,290.6,6859,54524,124,1145,324,36.1,25.2,17.8,3.2,1.5,6.4,0.8,8.9,683,27.3,34.9,22.6,3.5,1.5,1.9,5.4,3,8d3b90a3-706e-4014-ac66-29af87fc5a88,0.638043326,10.29440708
241,33360,Gladstone,10484.2861,https://linked.data.gov.au/dataset/asgsed3/LGA2021/33360,32034,40,2376,62627,74173,83.9,4010,50,39.2,4212,9771,5.2,20304,46,75.9,37,3737,8.9,859,51,20,10000,23238,1.4,33898,43,2398.9,57781,70769,5.97,2,0.34,0.12,0.458,5.2,16.6,27.9,24.4,21.9,20.4,33.3,3799,141.9,4295,37348,10,153,53,24.2,20.9,23.4,9.1,4.5,8.4,0.8,8.7,1016,18.1,24.6,32.2,10.1,3.7,1.9,7.4,1.9,ba3cdd0d-2bf4-4143-b2b0-5a16cb89b7ce,0.931560167,12.56808039
242,33430,Gold Coast,1333.386,https://linked.data.gov.au/dataset/asgsed3/LGA2021/33430,323512,38,18444.9,47848,57015,75.2,57172,44,1285.3,11862,22482,8.4,234728,45,2963.2,103,12624,14,8869,58,259.6,18964,29276,1.4,370135,42,22300,47126,60248,4.74,1.87,0.39,0.17,0.473,9.3,21.9,32.9,26.7,28.8,24.5,20,42952,3575.7,3917,83249,170,1889,699,22.8,25.2,26.2,6.2,3.9,7.4,0.6,7.7,1034,14.6,28.2,35.8,8.4,3.9,1.9,5.4,1.7,47ed9f5b-8f6e-47e0-b820-68615247f0f4,0.122303288,4.217675037
243,33610,Goondiwindi,19265.7098,https://linked.data.gov.au/dataset/asgsed3/LGA2021/33610,5476,37,285.1,47785,52057,74.7,1706,53,-42.4,53,-24867,8.9,4225,47,52.6,127,12451,14.9,111,51,2.5,9718,22185,0.9,6278,43,284.4,44470,45297,5.48,1.75,0.32,0.07,0.661,9.7,22.7,34.6,31.2,27.1,27.3,14.4,688,80.2,3230,116597,,28,10,25.2,24.3,25.8,5,2.5,4.7,1.4,11.2,893,20.3,28.1,31,5.6,2.6,1.5,8.1,2.6,addb1a0d-3e4a-41e3-9893-3340766aef83,1.773508039,10.93171731
244,33620,Gympie,6883.9781,https://linked.data.gov.au/dataset/asgsed3/LGA2021/33620,21664,42,1097,43824,50636,71.8,5707,53,46.8,4502,8194,10.3,15803,52,94,102,5947,14.5,972,58,26.8,17652,27613,2.5,25721,47,1216.4,39795,47290,6.62,1.93,0.29,0.08,0.495,5.8,18.6,30.5,33.8,29.8,21.5,14.9,2745,160.4,7329,58438,28,383,96,35,26.3,18.2,3.3,1.5,6.5,0.8,8.4,705,26.5,34.5,23.8,3.3,1.5,1.9,6.1,2.4,2181e9fc-1de8-4503-ba10-8d4a161efc9d,0.621400875,7.264824254
245,33800,Hinchinbrook,2807.1889,https://linked.data.gov.au/dataset/asgsed3/LGA2021/33800,5037,45,274.1,48369,54427,72.7,1471,58,20.4,7354,13877,10.3,4293,54,29.8,544,6941,15.3,113,57,2.6,10175,23042,1.1,5895,51,315.4,47663,53509,5.05,1.8,0.36,0.13,0.442,4.9,16,26.9,26.7,28.5,26.1,18.8,793,25.1,4108,31700,,63,20,30,24.6,22,4.4,1.8,5.7,1,10.6,781,24.2,29.4,28.1,4.7,1.9,1.9,5.9,4.1,7686df81-6c15-404b-9c73-3ed5a7ce3bd6,0.240385261,3.269864378
246,33830,Hope Vale,1111.7099,https://linked.data.gov.au/dataset/asgsed3/LGA2021/33830,381,38,15.8,30747,41452,92.5,12,45,0.3,21310,24548,2.4,62,39,,6,657,0.3,21,50,0.3,9328,13357,4.5,334,38,15.9,37510,47550,6,2.01,0.34,0.11,0.454,,14.9,27.5,35.8,27.4,20.5,16.3,,,,,,,,53.2,17.8,9.9,2.8,0.4,4.1,,11.5,457,50.5,24.2,14.2,2.1,,,5.7,1.8,93a6e944-fd06-494a-9e3a-b32f3d93a03f,0.09349098,2.865825678
247,33960,Ipswich,1093.8562,https://linked.data.gov.au/dataset/asgsed3/LGA2021/33960,113777,37,6734.2,54713,59188,86.5,12183,42,205.2,8820,16842,4.9,62161,42,178.7,28,2874,6.1,4003,55,106.7,19418,26644,1.9,118453,38,6991.8,53745,59026,3.78,1.64,0.43,0.19,0.39,4.9,15.4,25.5,21.4,26.9,31.6,20,8716,250.8,2350,28779,110,714,204,22.6,25,28.6,5.7,1.9,8,0.8,7.3,987,15.7,30.3,37.1,6.9,1.8,1.3,5.3,1.6,ba4787e8-dd49-4cf6-8174-727c908d03ef,0.100047935,2.436562744
248,33980,Isaac,58707.9192,https://linked.data.gov.au/dataset/asgsed3/LGA2021/33980,11293,37,1017.8,78861,90124,86.2,1817,46,29.8,4569,16405,6.5,7577,41,43.9,38,5787,6.6,181,47,3.5,10000,19205,0.5,11266,39,1019.4,78578,90487,5.2,1.92,0.37,0.17,0.431,4.4,14.6,25.2,17.8,17.7,19.1,45.5,1260,119.7,3215,95005,,17,5,11.4,12.7,21.7,12.4,10.3,5.3,0.7,25.3,1568,7.9,15.1,34.1,19.2,11.6,1.1,8.9,2.1,c74f0a99-c803-4e1b-8259-865cbd6695bd,5.143069077,19.63968352
249,34420,Kowanyama,2555.3325,https://linked.data.gov.au/dataset/asgsed3/LGA2021/34420,370,41,15.3,24019,41475,95.8,3,46,0.2,54385,59437,1,43,43,,14,124,0.3,10,46,0.2,7887,16521,2.9,306,42,15.6,33750,51032,8.18,2.02,0.25,0.17,0.552,,28.4,39.4,41.6,30.2,13.3,14.9,,,,,,,,49.9,12.3,5.7,2,0.8,3.1,2,24,477,42.5,20.6,7.7,4.9,,,6.5,13.4,1a328b71-fada-42e6-b1e5-9630d324b1ae,0.215034978,2.706474106
250,34530,Livingstone,11757.8686,https://linked.data.gov.au/dataset/asgsed3/LGA2021/34530,19330,42,1353.1,58140,69998,78.1,3333,52,52.7,7939,15798,7.3,13537,50,106.7,91,7884,12.3,597,58,17.8,13682,29771,1.6,21459,46,1461.7,55073,68116,5.61,1.99,0.35,0.13,0.466,5.7,17.5,29.1,24.5,23.2,22.6,29.7,2639,152,6634,57608,9,158,50,24,21.5,22.9,7.8,4.5,6.8,0.8,11.9,997,17.3,25.1,30.8,9,4,1.7,10.2,1.9,77a01f2c-fb64-4c65-ac4b-5e66066c815a,1.034083167,16.37421085
251,34570,Lockhart River,3576.6839,https://linked.data.gov.au/dataset/asgsed3/LGA2021/34570,,,,,,,,,,,,,,,,,,,,,,,,,,,,,,,,,,,,,,,,,,,,,,,,,43.9,21,8.8,3.6,1.7,3,1.7,16.1,550,38.1,29,10.3,7.1,5.2,,7.1,5.8,54e7fc70-8252-4365-9e5b-263217775594,0.298017955,4.726166053
252,34580,Lockyer Valley,2269.0054,https://linked.data.gov.au/dataset/asgsed3/LGA2021/34580,21470,37,1092.8,45614,50898,81.1,3613,51,28.1,3035,7767,6.9,12329,47,68.1,52,5523,9.4,769,55,20.5,17267,26655,2,22417,42,1155.8,45600,51558,4.98,1.76,0.35,0.14,0.444,5.3,16.9,27.9,28.6,29,26.2,16.1,1811,96.5,5322,53304,26,188,41,28.3,25.4,23.1,4.2,1.5,7.7,0.8,9.1,867,19.9,30.9,31.7,4.8,1.4,1.8,7,2.4,4eee2117-26f1-4608-bff8-9425e5519ffc,0.207489008,3.048331608
253,34590,Logan,958.1333,https://linked.data.gov.au/dataset/asgsed3/LGA2021/34590,165916,38,9281.1,51551,55938,83.3,22148,42,435.3,13000,19654,7,92933,43,429.1,34,4617,7.6,4424,52,107.5,12955,24295,1.4,176970,40,9861.6,50418,55724,3.9,1.66,0.42,0.19,0.396,4.8,15.5,25.8,23.3,29.2,30.2,17.4,12589,562.7,2636,44696,85,1047,312,24.1,25.4,26.4,4.7,1.7,8.8,0.9,8,940,16.9,31.5,35.3,6,1.5,1.5,5.5,1.8,8f3181ef-6e72-4d4c-815b-e663017eb3d5,0.087710116,2.100066811
254,34710,Longreach,40572.2442,https://linked.data.gov.au/dataset/asgsed3/LGA2021/34710,2073,38,122,53676,58839,75.9,639,53,14.6,8322,22888,12.3,1462,48,10.9,88,7464,10.7,33,57,0.9,14858,28421,0.5,2231,43,138.9,55065,62245,4.45,1.71,0.38,0.14,0.439,6.1,17.4,28.1,22.8,24.7,28.5,23.9,232,20.8,4039,89677,,8,,18,21.6,29.9,6.5,2.8,3.6,1,16.6,1076,15.7,23.2,35.2,9.2,3.1,1.6,8.6,3.7,4f9f4ba8-6799-438d-8688-5a0ab5e7077c,3.592634414,11.30540766
255,34770,Mackay,7613.2963,https://linked.data.gov.au/dataset/asgsed3/LGA2021/34770,68766,39,5017.1,61139,72958,83.7,8473,50,115.8,5807,13672,4.9,44710,46,349.1,73,7808,10.1,1523,53,36,10477,23632,1,72457,42,5293.9,60190,73063,4.76,1.91,0.4,0.17,0.436,5.4,16.4,27.6,20.6,23.1,23.2,33,7603,271,3740,35642,8,301,104,20.7,21.3,25.3,8.9,4.9,6.9,0.8,11.3,1124,14.4,22.3,34.2,10.9,4.2,1.6,10.2,2.2,ad52f8ce-b4c4-4aed-9846-318a950bd62e,0.661989043,10.61263927
256,34800,McKinlay,40736.7989,https://linked.data.gov.au/dataset/asgsed3/LGA2021/34800,484,33,25.5,46021,52659,65.3,246,48,17,28002,69234,23.5,383,45,5.2,187,13466,10.5,,,,,,,547,41,45.6,56015,83417,3.91,1.84,0.47,0.21,0.55,12.9,31,42.5,18.5,27.3,28.4,25.7,80,52.7,9727,659168,,,,9.4,22.8,30.2,6.1,5.7,1.9,0.9,23.9,1166,12.6,18.5,37.4,11.8,6.3,1.3,11.8,2.5,6cf825a5-5f84-48b5-832e-643dbdd45a2b,3.528488678,11.69818796
257,34830,Mapoon,537.2366,https://linked.data.gov.au/dataset/asgsed3/LGA2021/34830,124,38,4.7,36079,38045,98.1,4,62,0.1,19311,33741,1.9,,,,,,,,,,,,,103,37,4.5,42148,43465,,,,,0.394,,14.3,24.9,29.8,39.4,21.2,9.6,,,,,,,,42.1,13.6,9.4,,,4.9,1.9,25.6,477,43.6,26.6,16,3.2,,,13.8,,d5b2e3e1-a019-4475-945d-e734946d3bd0,0.044618278,2.270954121
258,34860,Maranoa,58719.3449,https://linked.data.gov.au/dataset/asgsed3/LGA2021/34860,6609,37,395.8,52705,59886,72.1,2614,52,-17.8,1362,-6807,13.4,5064,46,46.8,128,9244,13.2,139,52,3,9945,21602,0.9,7678,43,405.3,49041,52781,5.69,1.84,0.32,0.06,0.604,6.5,19.9,32.3,27.7,25.7,25.4,21.2,757,85.9,4221,113478,,13,17,18.7,23.2,27.2,6.7,3.4,5.4,1.4,14,1020,15.9,24.3,33.7,7.7,3.2,2.5,9.5,2.9,fe11c431-1d5b-434c-9179-2301dee57032,5.318674774,14.38413727
259,34880,Mareeba,53491.0502,https://linked.data.gov.au/dataset/asgsed3/LGA2021/34880,11959,39,572.1,39713,47838,75.6,2738,52,36.1,7614,13188,10.6,7378,50,44.6,167,6049,11.5,350,54,8.1,10046,23266,1.5,12603,45,625.2,41476,49609,5.6,1.89,0.34,0.13,0.481,6.2,18.8,30.3,32.2,29.1,23.2,15.6,1235,60.9,5540,49351,,69,11,26.8,23.7,19.8,4,1.7,5.6,0.8,17.5,805,23.2,29.8,27.8,4.8,2,1.8,8,2.7,4cdff326-c8d7-4571-8c54-8fa4e9836a5e,4.538825346,12.86660113
260,35010,Moreton Bay,2041.4737,https://linked.data.gov.au/dataset/asgsed3/LGA2021/35010,237349,39,14406.8,53100,60699,81,29646,46,587.2,10118,19806,5.8,153727,46,900.1,58,5855,10.2,9392,58,276.1,22440,29401,2.2,259729,42,15675.6,51476,60354,4.44,1.77,0.4,0.16,0.429,5.9,17.6,28.4,23.9,27,27.6,21.5,24736,1063.5,3253,42994,268,2846,798,25,24.6,26.6,6.4,3,7.4,0.6,6.3,988,16,29.9,35.4,8,2.6,1.3,5.3,1.6,1b475e82-d6ce-4ece-bdfc-a36aaca8d29d,0.185817552,3.70768769
261,35250,Mornington,1247.6932,https://linked.data.gov.au/dataset/asgsed3/LGA2021/35250,396,38,17.6,30405,44483,97.5,14,42,0.7,34415,49495,1.3,85,40,,13,482,0.3,,,,,,,316,38,17.3,43149,54767,6.09,2.08,0.34,0.16,0.455,,16.2,28,31.4,26.4,21.7,20.4,,,,,,,,44.7,7.2,9.5,3.2,1.2,7.7,8.1,18.1,379,45.7,10.7,13.7,4.7,2.1,7.7,14.5,1.3,e1db6238-1eff-46e7-a0af-343d8be50bb2,0.105674099,5.086313649
262,35300,Mount Isa,43715.1975,https://linked.data.gov.au/dataset/asgsed3/LGA2021/35300,11902,36,958.4,73169,80523,92.9,784,45,17.3,5848,22019,2.8,6298,39,14.1,18,2233,3.6,179,47,6.4,13074,35682,0.5,11199,37,932.3,74859,83249,3.73,1.71,0.46,0.24,0.382,5.5,14.8,24.5,14.4,20,24,41.6,764,34.5,2992,45184,,19,,16.1,15.7,28.4,15.3,5.3,6.8,0.6,11.7,1436,11.4,15.1,36.9,18.5,6.3,1.6,7.1,3.1,394597be-fa6a-4b93-aff8-a5c96031a6ed,3.772657047,11.87751457
263,35600,Murweh,40699.7586,https://linked.data.gov.au/dataset/asgsed3/LGA2021/35600,2183,38,114.9,47704,52626,74.6,749,51,10.4,7976,13852,14.7,1475,47,7.4,93,5027,8.9,67,46,1.4,9780,21413,0.7,2409,43,127.2,47927,52792,4.82,1.77,0.37,0.12,0.513,6.5,18.6,29.9,26.4,29,26.4,18.3,218,13.6,4366,62306,,10,,23.3,24.1,24.7,5.1,2.1,4.8,1.3,14.8,895,20.3,26.2,29.7,6.2,2.7,2.2,8.8,4.1,10eb9d2b-9b4a-4755-ae61-089c40ecb12a,3.675377203,13.47186333
264,35670,Napranum,2004.3468,https://linked.data.gov.au/dataset/asgsed3/LGA2021/35670,361,41,14.2,21184,39203,95.4,,,,,,,59,40,,5,554,0.4,14,46,0.1,8533,8659,4.2,285,40,13.6,36010,47769,9.2,2.27,0.25,0.09,0.489,,14.9,27.8,39.8,21.1,20.8,18.3,,,,,,,,15.7,9.5,8.4,1.1,1.9,4.4,14.7,45.2,454,16.6,13.1,11.1,2,,15.1,17.1,27.6,ab531f4c-a5ed-4dc0-ae76-cc203bf827b7,0.166662848,6.147584871
265,35740,Noosa,869.8657,https://linked.data.gov.au/dataset/asgsed3/LGA2021/35740,26230,44,1436.2,42128,54756,62.4,6787,51,152.3,11120,22438,10.6,24636,53,424.6,491,17235,22.6,1220,60,43,26533,35223,2.4,34639,50,2026.5,40819,58504,6.16,2.08,0.34,0.12,0.534,11.8,26.1,37.9,32.3,28.9,20,18.8,5619,582.7,6869,103703,10,280,69,26.1,26,22.8,5.6,4.8,6.5,0.6,7.7,938,17,30.4,30.1,7.3,5.3,1.9,6.1,1.9,513070eb-271b-4692-b3f9-8e16991e7ab2,0.078638195,1.685106443
266,35760,North Burnett,19669.8489,https://linked.data.gov.au/dataset/asgsed3/LGA2021/35760,5506,36,225.1,30752,40876,68.5,2186,55,18.3,3855,8386,17.3,3446,52,19.5,167,5662,11.7,155,54,3.7,10000,23703,1.6,5651,47,244.5,35307,43261,6.96,1.95,0.28,0.05,0.573,7.7,22.2,35,37.2,30.6,19.7,12.4,556,61.3,7760,110212,5,41,13,33.5,24.1,17.1,3.2,1.9,5.4,1.3,13.6,684,28.2,30.9,22.5,3.6,2,2,6.6,4.3,7a97f6e2-9b4f-48bf-971f-a51fbac32ddb,1.764038374,9.179332907
267,35780,Northern Peninsula Area,1052.0676,https://linked.data.gov.au/dataset/asgsed3/LGA2021/35780,1089,35,51.5,40222,47320,94.2,55,48,1,13231,19029,2.3,279,39,0.4,6,1538,1.6,26,49,0.5,9133,18326,1.5,977,37,50.8,44783,52013,3.57,1.75,0.49,0.22,0.399,4.7,15.9,26.6,22.9,36.6,25.4,15.1,,,,,,,,27.1,23.8,18.5,3.4,2,6,2.8,16.3,684,28.9,26.1,20.8,5.9,1.8,0.9,11.8,4.3,6862a917-8410-4f4d-a92d-fdd3d501d490,0.087027421,2.592895476
268,35790,Palm Island,71.9928,https://linked.data.gov.au/dataset/asgsed3/LGA2021/35790,626,38,25.9,34330,41398,94.8,10,53,0.7,80615,71630,0.7,102,48,0.3,4,2644,0.7,31,49,0.4,8060,14032,3.8,556,40,26.2,39086,47096,5.66,1.88,0.33,0.18,0.43,3.8,15.1,26.8,31.6,31.1,23.1,14.1,,,,,,,,50.2,22,10,1.5,0.8,4.4,1.5,9.3,475,48.5,26.1,12.4,2,1.4,0.8,7.7,1.4,fbaca4ab-5e27-48bc-9163-df339141ec86,0.006167336,0.950335588
269,35800,Paroo,47614.9225,https://linked.data.gov.au/dataset/asgsed3/LGA2021/35800,642,40,30.6,43677,47618,70,253,57,3.3,10886,13016,17.2,422,51,1.6,97,3882,10.7,18,48,0.3,9816,19116,0.9,751,47,34,42764,45253,6.47,1.78,0.28,0.06,0.644,10.1,22.4,34.4,32,27.3,26.5,14.1,62,10.6,4002,170553,,,,36.5,20.6,21,3.9,1.7,5.5,2.3,8.9,600,34.1,24.8,23.1,4.3,1.7,3.2,5.9,3.9,42a8136f-697e-4081-82a7-9221244a51f5,4.371262076,11.01517852
270,36070,Pormpuraaw,4395.3654,https://linked.data.gov.au/dataset/asgsed3/LGA2021/36070,279,39,9.9,23210,35613,95.8,,,,,,,48,45,,9,112,0.8,12,51,0.1,7412,11864,2.9,241,41,9.8,28471,40562,7.67,2.32,0.3,0.17,0.516,,18.8,33.3,42.9,31.1,12.6,13.4,,,,,,,,49.3,14.6,10,1.9,0.6,2.1,1.7,21,517,37.9,25.5,13.7,2.6,2,,7.8,8.5,24709aaa-02f8-458c-8f87-6a99850a98bb,0.368885938,3.043009087
271,36150,Quilpie,67414.6563,https://linked.data.gov.au/dataset/asgsed3/LGA2021/36150,433,38,25.1,55136,57880,71.2,204,51,0.3,8402,1447,16.8,344,48,1.9,106,5518,11.4,5,48,0.1,9921,10461,0.4,510,45,25.4,50929,49861,5.26,1.77,0.34,0.04,0.603,4.8,17.4,29.4,25,26.8,27.8,20.3,51,4.5,3644,88196,,,,20.4,22.7,31.3,5,4.3,6.4,1.4,8.4,1039,18.6,18.6,30.5,8.2,4.3,2.2,14,3.2,8d73d3b9-50fc-410e-87c9-d4789c592dd0,6.095998167,14.34591435
272,36250,Redland,537.1672,https://linked.data.gov.au/dataset/asgsed3/LGA2021/36250,82373,42,5330.4,55654,64711,78.2,10679,47,236.4,11331,22132,6,59260,48,529.5,98,8936,13,2808,59,83.4,21174,29697,1.8,92685,45,5992.7,53448,64657,4.62,1.8,0.39,0.16,0.446,7.4,19.3,30.1,23.6,25.3,26.8,24.3,10522,536.1,3882,50949,64,816,234,25,23.4,27.2,7.2,3.9,7.2,0.6,5.4,1046,16.2,26.8,36,9.5,3.3,1.5,5,1.6,d301ce22-9418-41fb-a66e-a58287ce6e80,0.049088543,3.331111291
273,36300,Richmond,26580.748,https://linked.data.gov.au/dataset/asgsed3/LGA2021/36300,482,34,24.9,45784,51574,68.2,240,45,20.7,17065,86205,24,374,43,1.5,131,4031,7.1,3,45,0.1,19565,21241,0.2,549,41,43.9,54147,80047,4.38,1.7,0.39,0.13,0.621,22.2,38.6,48.7,24,24.9,30.7,20.5,53,6.9,4517,130915,,,,12.4,26.3,28.6,4.8,3.3,3.3,0.5,20.4,1080,9.9,25.1,33.7,7.4,3.3,,12.3,4.1,baa83fd7-c64d-48c7-a5ad-7a5e0bcee11e,2.302375164,8.27803831
274,36370,Rockhampton,6570.2667,https://linked.data.gov.au/dataset/asgsed3/LGA2021/36370,41757,38,2702.6,56373,64722,85.2,4996,48,92,5872,18424,4.9,24187,45,123,51,5087,8.1,1065,53,26,10864,24438,1.4,43289,41,2805.3,55399,64805,4.49,1.81,0.4,0.17,0.433,5.8,17,27.8,22.1,25,26.9,26,3713,144.3,3307,38864,9,254,106,24.7,23.7,24.8,6.6,3,6.7,0.8,9.7,947,18.6,27.4,32.1,7.5,2.7,1.6,7.7,2.4,2566652c-8e99-4d09-9906-2167d44cf6a2,0.580561726,5.454719389
275,36510,Scenic Rim,4243.0014,https://linked.data.gov.au/dataset/asgsed3/LGA2021/36510,19604,43,1096.5,48533,55930,71.9,4998,53,42.6,5371,8528,10,14574,51,125.9,120,8635,14.9,782,58,22.9,20048,29236,2.2,23057,48,1228.6,44902,53287,5.61,1.89,0.34,0.1,0.48,6.2,18.6,30.1,29.9,27.7,24,18.4,2440,157.2,7204,64430,16,217,70,28.4,24.2,22.8,4.9,2.6,6.9,0.9,9.3,866,19.2,31.8,30.1,5.9,2.6,1.7,6.3,2.3,6db8863b-088c-49bf-aaa1-089aa04d1cb0,0.389473816,3.885353828
276,36580,Somerset,5373.4335,https://linked.data.gov.au/dataset/asgsed3/LGA2021/36580,11291,41,632.3,51549,56002,76.8,2543,54,7.4,2576,2903,8.5,7331,50,48.7,66,6648,11.5,505,57,15.4,20000,30456,2.5,12845,45,674.1,47348,52480,5.28,1.73,0.33,0.09,0.475,6.5,18.2,29,28.5,26.5,28.2,16.9,989,73.5,7290,74364,31,186,25,30.6,24.3,22.4,4,1.7,7.4,1.1,8.7,799,22.4,31.4,28.4,4.6,1.7,2,6.9,2.6,8c8c4e13-c06c-49c8-b53d-0b4c690c1da4,0.488635896,5.459001415
277,36630,South Burnett,8381.558,https://linked.data.gov.au/dataset/asgsed3/LGA2021/36630,13434,41,714.2,46332,53166,74.5,3823,54,-7.5,816,-1952,9.6,9396,51,47.5,97,5056,12.8,514,56,12.5,13251,24335,2.2,15379,46,737.8,41341,47977,6.59,1.87,0.28,0.06,0.517,5.9,19,31.3,33,28.9,22.8,15.3,1551,74.3,6244,47877,6,274,58,35.1,24.9,17,3.6,1.6,5.8,1,10.9,682,28.3,32.2,22.8,4,1.5,2,5.9,3.4,6fdc1948-9759-40a8-a396-b8e7957b1be9,0.758235856,6.102291125
278,36660,Southern Downs,7106.436,https://linked.data.gov.au/dataset/asgsed3/LGA2021/36660,16822,40,804,42559,47796,73.6,4775,55,-3.1,280,-654,9.2,12058,52,76.4,134,6332,14.4,620,58,15.9,18106,25642,2,19109,47,870.4,38921,45548,6.13,1.82,0.3,0.06,0.515,8.2,20.4,31.8,34.4,29.8,23.6,12.3,1982,120.4,7029,60724,9,221,63,32.8,27.1,19,3.2,1.5,5.7,1,9.8,722,25.6,34.8,24,3.7,1.5,1.9,5.6,2.8,a7f97d83-79de-48ab-a4f7-5f147ee8ca05,0.654377807,5.633548312
279,36720,Sunshine Coast,2253.8522,https://linked.data.gov.au/dataset/asgsed3/LGA2021/36720,165889,40,9631.4,48265,58060,71.7,31603,47,679.4,10549,21497,8.3,134615,49,1428.2,154,10610,16.7,6557,59,204.2,23513,31139,2.1,198547,45,11655.9,46376,58706,5.17,1.9,0.37,0.14,0.476,8,21,32.3,27.8,28.3,23.8,20.1,26922,1695.7,4654,62987,149,1803,523,25.4,26,25.5,6,3.7,6.2,0.5,6.7,983,15.9,29.8,34,7.8,3.4,1.4,6,1.7,babc1282-c468-400e-9812-387fde321b0c,0.204399652,3.410183044
280,36820,Tablelands,11292.8695,https://linked.data.gov.au/dataset/asgsed3/LGA2021/36820,12634,41,622.7,40235,49287,70.5,3382,54,43.2,5327,12781,11,9197,53,66.6,201,7243,15.7,438,59,13,21281,29708,2,14079,49,709.1,41516,50367,6.21,1.93,0.31,0.09,0.499,6.4,19.3,31.1,32.3,28.6,22.6,16.5,1594,71.4,5610,44772,,140,50,29.2,25.6,19.6,4.1,2.1,5.9,1,12.6,766,24.3,30.8,25.2,4.8,2,1.8,7.3,3.7,71ef20a9-f9a7-41e5-8d52-4d071ee159fc,0.963072479,7.140209736
281,36910,Toowoomba,12957.2103,https://linked.data.gov.au/dataset/asgsed3/LGA2021/36910,84772,39,5012.4,52508,59128,78.4,15150,51,104.9,2697,6927,6.2,62247,47,519,101,8338,13.2,2852,58,76.8,19313,26935,1.6,94805,43,5545.7,50244,58496,4.97,1.77,0.36,0.12,0.467,7.5,19.4,30.2,26.1,26.1,27.2,20.6,11543,644.4,4098,55826,111,702,273,26.1,25.2,26.1,5.8,2.7,6.5,0.8,6.9,938,18.1,29.9,33.3,6.9,2.7,1.6,5.7,1.9,fa18a0d9-ab5d-4a13-bcf8-473c5a04ef70,1.184243215,8.180880182
282,36950,Torres,883.7402,https://linked.data.gov.au/dataset/asgsed3/LGA2021/36950,1767,38,116.2,56737,65778,90.1,161,46,3.9,16646,24324,5.5,740,42,2.9,15,3939,3.2,42,56,0.9,10985,20605,1,1683,39,116.4,60039,69153,3.47,1.67,0.48,0.25,0.386,5.8,15.9,25.8,16.9,24.6,30.1,28.4,78,3.5,1995,44517,,,,19.6,20.8,27.8,8.6,3.1,6.7,2.3,10.7,1150,13.6,21.2,31.3,11.7,2.8,0.8,12.7,4,46a4c063-ca03-4ba4-bd0b-ce73e8763205,0.073040074,7.553094876
283,36960,Torres Strait Island,490.0453,https://linked.data.gov.au/dataset/asgsed3/LGA2021/36960,1225,38,52.9,38712,43210,91.9,69,47,1.6,9868,23478,3.8,261,45,0.1,4,552,1.6,38,41,0.5,7769,13888,2.4,1152,39,52.6,40036,45628,3.98,1.68,0.42,0.19,0.392,4.1,15.1,25.7,26,39.5,24.4,10.1,,,,,,,,47,23.8,9.6,1.5,0.9,5.9,2.2,8.8,517,42.3,34.2,10.6,2.2,0.7,1.1,8.1,1.7,977b97fd-2759-4756-8ba5-590286cce681,0.040393622,2.782746376
284,37010,Townsville,3730.8199,https://linked.data.gov.au/dataset/asgsed3/LGA2021/37010,106328,38,6810,57433,64047,84.9,11097,48,293.7,9954,26464,4.8,66709,44,338.2,43,5070,7.5,4742,56,151.9,23690,32026,2.4,110105,41,7300.3,57665,66303,4.02,1.69,0.42,0.19,0.414,6.5,17.5,27.7,20.5,24.5,29.3,25.7,10904,388.8,3370,35659,103,1224,246,21.3,22.7,29.1,7.2,3,6.4,0.7,9.6,1080,14.3,25.7,37.4,9.1,3,1.5,7.4,1.6,b1452f87-549b-49ac-a730-106ea34f5d82,0.320845654,4.919129315
285,37300,Weipa,10.4643,https://linked.data.gov.au/dataset/asgsed3/LGA2021/37300,2597,37,233.4,88832,89874,94.9,185,44,0.8,1834,4163,1.7,1706,39,8.8,30,5186,3,35,40,0.5,10000,13514,0.2,2505,37,234.5,88989,93610,3.21,1.54,0.48,0.26,0.354,5.7,14.1,23.2,11.4,15.6,21.7,51.3,249,5.9,3500,23535,,,,8.1,12.1,32,19.5,7.4,5.5,0.6,14.8,1813,1.9,8.2,40.2,25,9.8,0.2,12.3,1.5,ec321e40-0919-4171-826d-8ed2a061057d,0.000870678,0.319028398
286,37310,Western Downs,37922.5007,https://linked.data.gov.au/dataset/asgsed3/LGA2021/37310,15532,38,889.2,49860,57248,74.6,4834,52,-30.2,378,-6256,10.1,11382,47,82.6,110,7261,13.7,359,50,10.9,9991,30250,1.1,17817,43,907.7,45608,50948,6.61,1.85,0.28,0.06,0.574,6.4,19.9,32.4,30.7,25.4,25.4,18.4,1921,150.8,4343,78510,8,63,27,25.5,23.9,23.6,5.3,2.8,5.8,1.1,12,869,20.2,29.4,29.1,6.5,2.8,1.8,7.6,2.7,d2d3ae1c-151c-4a27-b27a-25426cb79a2a,3.443639358,12.72343916
287,37340,Whitsunday,23818.9729,https://linked.data.gov.au/dataset/asgsed3/LGA2021/37340,21161,37,1164.6,43850,55034,80,3734,51,67.1,9008,17959,8.2,12776,47,101.6,76,7955,10.1,449,56,11,11458,24420,1.1,21605,42,1267.3,46559,58659,4.69,1.93,0.41,0.18,0.462,6.3,18.7,30.8,25.9,30.6,22.8,20.7,2222,124.4,5062,56005,7,145,35,20.5,26.3,23.7,5.8,3.3,5.6,0.9,13.8,956,17.1,27.6,32.1,7.2,2.9,2,8.6,2.6,946603d6-3a66-468d-b0c1-c0d3790b34a7,2.065233378,15.73879962
288,37400,Winton,53813.4826,https://linked.data.gov.au/dataset/asgsed3/LGA2021/37400,604,38,32,47233,53041,68.1,278,49,17.1,19233,61439,20.4,482,48,2.9,85,6083,10.9,17,50,0.2,2201,10623,0.4,696,46,49.1,53261,70477,4.5,1.71,0.38,0.13,0.529,15.6,28.4,38.2,23.9,24.9,28.3,23,64,5.2,5568,81718,,,,17.1,23.5,26.2,4.6,3.3,4.1,1.6,19.9,964,18.9,21,31.5,3.4,3.4,2.1,10,7.8,19be0caa-a74e-46be-9834-ae2f20a922cc,4.724316099,12.73300542
289,37550,Woorabinda,390.5578,https://linked.data.gov.au/dataset/asgsed3/LGA2021/37550,316,36,11.6,27670,36562,85.3,3,50,-0.2,-65764,-56239,,35,38,0.1,7,4191,1.5,9,42,0.2,9050,17214,1.9,264,37,10.4,32946,39456,9.72,2.01,0.21,0.06,0.493,,17,29.2,39.2,30.9,21.1,8.7,,,,,,,,55.1,17.5,7.8,1.7,1.2,3.5,3.3,9.7,403,57.5,22,7,1.1,2.2,,8.8,3.7,8262069a-9db7-4a45-beff-02963b044a2e,0.03464146,1.739623339
290,37570,Wujal Wujal,11.842,https://linked.data.gov.au/dataset/asgsed3/LGA2021/37570,101,41,4.4,40611,43532,97.6,,,,,,,18,52,,10,323,,,,,,,,85,44,4.3,46257,50549,,,,,,,,,27.1,31.8,28.2,12.9,,,,,,,,71.9,8.5,5.5,,,2,1.5,12.1,436,55.7,16.5,8.9,,,,10.1,3.8,0474ebe6-f178-4b59-916e-8219aaac7b3c,0.00099965,0.257410402
291,37600,Yarrabah,158.8381,https://linked.data.gov.au/dataset/asgsed3/LGA2021/37600,604,38,24.9,38665,41186,92.3,12,46,0.5,24377,38546,1.3,85,43,,4,141,0.8,38,45,0.6,8105,15209,5.3,535,39,24.5,43250,45730,4.86,1.58,0.33,0.15,0.408,5.1,16.3,26.7,30.3,35.3,25.8,8.6,,,,,,,,59.2,19.9,5.7,1,0.4,4.3,2.9,6.8,476,47.7,33.5,6.6,0.6,,,8.2,0.6,3a24f2ea-e80a-46c1-8f33-ef454b164e47,0.013477932,0.983645239
292,39499,No usual address (Qld),,https://linked.data.gov.au/dataset/asgsed3/LGA2021/39499,,,,,,,,,,,,,,,,,,,,,,,,,,,,,,,,,,,,,,,,,,,,,,,,,,,,,,,,,,,,,,,,,,592b66fb-4328-4471-a6fa-e88168b658fd,,
293,39799,Migratory - Offshore - Shipping (Qld),,https://linked.data.gov.au/dataset/asgsed3/LGA2021/39799,,,,,,,,,,,,,,,,,,,,,,,,,,,,,,,,,,,,,,,,,,,,,,,,,,,,,,,,,,,,,,,,,,cfeacf08-d58b-4ac4-ba26-f23d03c5fc5e,,
294,40070,Adelaide,15.5733,https://linked.data.gov.au/dataset/asgsed3/LGA2021/40070,12816,33,786.1,42872,61334,68.4,2214,45,82.3,9930,37195,7,10595,41,234.3,339,22118,20.5,589,70,30.3,39545,51365,3,14324,38,1096,48271,76517,8.23,2.18,0.27,0.09,0.584,15.1,31,42.7,31.6,21.1,20,27.3,2399,194.1,3696,80888,,24,,20.5,19.2,23.6,7.4,6.8,12.6,0.5,9.4,1129,15.4,21.7,31.6,11.6,9.7,5.7,3.2,1,dc019dbb-e67b-4b2e-bde9-5772d422821c,0.001536184,0.157649995
295,40120,Adelaide Hills,794.4957,https://linked.data.gov.au/dataset/asgsed3/LGA2021/40120,20512,44,1431.2,56727,69774,68.1,4889,52,135.7,10480,27753,9.4,18840,50,305.9,339,16238,18.2,1140,68,48.9,36921,42879,3.3,25259,48,1858.9,55295,73593,5.19,1.91,0.37,0.15,0.499,10,23.9,35.1,24,23.8,23.6,28.7,3703,171.6,4304,46346,,111,14,22.5,21.2,27.2,9.3,6.9,7.3,0.5,5.2,1195,11.7,24.8,36.1,12.7,6.4,0.9,6.4,1,d463755c-8f85-4c33-bd94-94ff25a3525f,0.078348266,1.881772503
296,40150,Adelaide Plains,932.4913,https://linked.data.gov.au/dataset/asgsed3/LGA2021/40150,4848,41,270.6,51096,55817,77.6,943,52,16.6,10461,17582,9.6,3085,48,21.7,69,7020,9.9,193,59,4.9,20046,25142,2.3,5313,45,296.6,50982,55833,3.89,1.68,0.43,0.18,0.412,4.6,15.3,25.7,22.5,28.8,30,18.7,396,20.5,4475,51828,,30,,24.6,25.3,27.2,4.5,1.7,7.7,1.1,8,976,15.6,28.8,36.2,5.5,1.5,1.7,8.5,2.4,7e250fab-3b5f-4b48-8653-b8149b9fe562,0.091508204,1.610254572
297,40220,Alexandrina,1826.8067,https://linked.data.gov.au/dataset/asgsed3/LGA2021/40220,11119,45,579.6,44736,52130,64,3266,54,54.4,8982,16660,11.5,10333,55,94.4,219,9133,18.7,853,68,31.3,29787,36639,4.6,14870,51,740.5,40552,49799,5.77,1.9,0.33,0.1,0.484,6.6,19.6,31.2,32.3,29.5,23.1,15.2,1966,105.8,5231,53816,14,195,39,32.6,28,20,4.1,2.1,6,0.7,6.5,758,22.3,37.5,24.7,4.3,2.1,1.4,5.9,1.9,aba5383d-63c4-4176-937b-f0c18eb898c8,0.181147802,2.181387737
298,40250,Anangu Pitjantjatjara Yunkunytjatjara,102348.117,https://linked.data.gov.au/dataset/asgsed3/LGA2021/40250,415,36,15.9,19093,38277,98.5,13,34,,1058,-2944,,83,45,,32,516,1.1,,,,,,,272,37,14.5,38461,53326,9.06,2.43,0.27,0.09,0.49,,16.2,29.3,38,21.4,17.7,22.9,,,,,,,,56.3,7.9,9.4,2.1,0.7,6.9,0.3,16.6,484,40.5,15,13.4,4.9,2.1,,13.4,8.6,6bd84cbe-90ef-46ee-b6c3-c1fc175a8028,9.307529877,15.13825443
299,40310,Barossa,893.5424,https://linked.data.gov.au/dataset/asgsed3/LGA2021/40310,12353,43,711.8,52350,57624,73.7,2695,54,39.8,7655,14750,8.5,10396,50,85.8,121,8252,14.3,545,63,18.6,29335,34061,2.7,14416,47,824.4,50018,57188,4.74,1.74,0.37,0.13,0.444,6.2,17.8,28.6,25.9,26.5,28.2,19.5,1700,69.2,4427,40697,11,106,33,26.6,25.6,27.1,6.4,2.6,6,0.5,5.1,950,17.4,30.5,34.4,6.9,2.4,1.3,5.6,1.5,56bd678c-4204-43eb-94c2-3fa6ffb94586,0.087831369,2.062101351
300,40430,Barunga West,1590.3887,https://linked.data.gov.au/dataset/asgsed3/LGA2021/40430,821,49,41,42417,49976,54.6,389,56,12.7,19210,32774,18.5,913,55,10.7,828,11687,22.2,59,66,2,30520,33599,3.9,1188,53,64.6,42920,54366,7.02,2.01,0.29,0.07,0.522,6.5,20.4,32.4,32,25.8,22.3,19.8,185,7.7,8690,41563,,24,9,38.1,21.9,19,4,2.1,5.1,0.8,8.9,665,29.9,30.1,22.5,4.7,2,1.6,4.7,3.3,a5e9d206-07d8-42b0-ae92-a2761d725b2b,0.154838871,2.489197261
301,40520,Berri Barmera,476.1962,https://linked.data.gov.au/dataset/asgsed3/LGA2021/40520,5168,41,250.9,45233,48551,75.7,1247,55,29.2,11720,23381,11.6,3572,51,20.1,120,5626,9.8,204,60,6.2,19814,30243,2.5,5677,47,293,46538,51604,4.16,1.66,0.4,0.15,0.419,5.6,16.7,27.2,26.7,30.6,28.6,14.2,464,23,4378,49591,,57,15,31.4,28.1,22.9,2.9,1.6,5.6,0.7,6.9,773,25,33,27.2,4,1.6,1.3,4.8,3,d62aeb97-c214-48c3-b9b6-3a9d85e1d46b,0.046613106,1.987215763
302,40700,Burnside,27.5183,https://linked.data.gov.au/dataset/asgsed3/LGA2021/40700,22233,42,1750.9,57257,78751,59.6,4812,51,266.5,13470,55382,7.3,24844,51,709.5,,28557,27.8,1591,73,75.9,40767,47689,3.9,30172,49,2746.8,58695,91037,6.77,2.16,0.32,0.13,0.557,12.1,28.7,40.7,25.2,20.7,20.1,34,6448,467.2,5220,72456,6,58,34,19.9,19.3,25.9,9.8,11.4,9.4,0.4,3.8,1296,11,22.5,33,15.1,10.7,1.8,4.8,1.1,0839f770-c499-46be-85b6-a38eeef87247,0.00271523,0.326824028
303,40910,Campbelltown (SA),24.3485,https://linked.data.gov.au/dataset/asgsed3/LGA2021/40910,26367,39,1563.2,52502,59287,73.4,4573,44,99.7,11161,21805,7.5,22994,45,183.4,237,7978,15.5,1195,71,41.2,31115,34499,2.8,31394,43,1839.8,49700,58603,4.87,1.81,0.37,0.15,0.44,5.9,17.7,28.6,26.2,26.3,26.1,21.3,3961,129.9,2725,32802,,100,40,26.4,23.6,27.7,6.8,3,8,0.6,4.1,988,18,28.2,35.2,9,2.5,1.6,4,1.4,1f0a9988-a41d-4e01-a4ed-937fcbd95d3c,0.002400948,0.272299796
304,41010,Ceduna,5420.3435,https://linked.data.gov.au/dataset/asgsed3/LGA2021/41010,1898,40,97.6,46317,51436,76,430,51,9.6,11240,22249,9.8,1316,49,11.7,178,8881,12.9,44,59,1.3,10832,30374,1.2,2089,45,116.1,49220,55591,4.57,1.78,0.39,0.15,0.442,5.8,16.6,27.2,25.3,27.9,27,19.9,189,7.3,3914,38789,,8,,25.6,22.7,27.7,5.3,2,4.3,1.4,11.1,928,20,24.8,30.6,7.6,2,2.3,7.7,4.9,a4e80343-6b0b-44e9-9704-97cd6b0ae0fb,0.517883937,5.994716903
305,41060,Charles Sturt,54.7876,https://linked.data.gov.au/dataset/asgsed3/LGA2021/41060,61903,38,3843.9,54666,62095,76.5,9552,43,-50.9,11046,-5329,6.9,49057,45,450.6,176,9186,13.4,2591,66,94.4,31171,36417,2.6,70681,42,4179.8,52914,59136,4.38,1.76,0.4,0.17,0.543,7.5,20.1,31.4,23.3,26.1,27.5,23,8168,376.5,3031,46096,9,409,112,26.3,23.4,28.3,7,3.4,6.5,0.7,4.6,1021,18.1,26.5,35.2,9.3,3.5,1.5,4.4,1.5,c4368b1f-ec62-4936-9734-cfaea2579efd,0.00540284,0.437964795
306,41140,Clare and Gilbert Valleys,1892.4466,https://linked.data.gov.au/dataset/asgsed3/LGA2021/41140,4221,43,222,46853,52597,66,1428,55,31.8,10559,22297,13.8,3889,52,41.9,251,10781,16.9,203,64,6.2,23995,30303,2.5,5371,49,293.6,45098,54660,5.32,1.9,0.36,0.12,0.481,6.6,19.5,31,29.4,28,23.9,18.8,624,24.3,3788,38889,,50,16,28.4,26.3,24.2,5.1,2.6,5.1,0.7,7.4,865,20.6,31.6,29.4,5.6,3,1.5,6.5,1.9,da15bafc-a01a-4293-85c3-4d8a034958b8,0.184682405,2.384585813
307,41190,Cleve,5018.8483,https://linked.data.gov.au/dataset/asgsed3/LGA2021/41190,669,39,31.7,42598,47454,54.6,380,52,-0.1,3540,-384,17.2,787,51,8,345,10188,26,27,59,0.6,9496,22757,0.9,1004,48,39,36874,38798,13.51,1.99,0.15,,0.723,5.5,20.7,35.1,38.2,24.3,24,13.6,117,7.5,2116,64458,,,,29,25.2,23.7,3.6,1.6,5.3,1.9,10.1,790,26.5,31.4,24.1,3.6,2.5,2.7,7.4,2.2,6ea00f93-7d7c-4b25-93fa-c0be763774eb,0.48780246,2.810912721
308,41330,Coober Pedy,77.6795,https://linked.data.gov.au/dataset/asgsed3/LGA2021/41330,685,40,34.4,46835,50193,77,167,55,1.9,6919,11619,11.9,357,46,1.8,68,4969,7.8,26,58,0.8,18305,29117,2.6,737,43,36.6,44155,49624,4.35,1.74,0.4,0.15,0.424,4,15,26.1,29,29,27.2,14.7,28,0.6,2352,22801,,,,32.5,18.5,16,2.9,1.1,5.1,1.1,22.1,571,35.9,21.1,20,4.7,1,3,6.5,7.1,c5cdd79b-0540-4463-9e16-ac4dbaf3420a,0.007193761,0.345150335
309,41560,Copper Coast,772.9149,https://linked.data.gov.au/dataset/asgsed3/LGA2021/41560,5480,43,276.2,43836,50410,67.6,1326,56,32.2,13800,24292,11.3,4667,54,37.2,219,7962,16.7,348,62,11.6,26009,33456,3.8,6981,49,348,41911,49856,5.38,1.85,0.34,0.12,0.46,5.6,18,29.4,30.5,30.8,23.2,15.5,830,33.3,4769,40159,,113,34,36.7,26.1,17.8,3.5,1.5,4.9,0.7,8.9,676,29.1,33.2,22,3.6,1.6,1.5,5.7,3.2,bd41afc2-e88a-4d90-8a9c-8201b624d622,0.075410045,1.493671157
310,41750,Elliston,6741.9317,https://linked.data.gov.au/dataset/asgsed3/LGA2021/41750,405,41,16.4,32145,40571,50.2,273,53,9.5,27127,34772,27.8,441,51,4.2,845,9515,20.4,18,58,0.2,3697,10320,1,595,49,29.2,40656,49132,6.37,1.97,0.31,0.07,0.511,5.2,18.5,31,34.8,26.8,20.1,18.4,92,2.9,3867,31878,,,,29,27.2,22.1,4.8,1.9,5.6,1.1,8.8,769,24.2,29.5,28.9,2.9,2.1,1.3,7.4,1.8,b5307cc4-4f39-44e3-88cf-be103f40595b,0.654615674,5.098329159
311,41830,Flinders Ranges,4070.4827,https://linked.data.gov.au/dataset/asgsed3/LGA2021/41830,817,46,43,44302,52692,71.6,243,55,1.5,1678,6241,9.8,652,52,3.8,161,5851,14.3,46,59,1,11521,21497,3.4,915,51,46.8,44266,51146,7.7,2,0.26,0.06,0.485,4.7,16.2,27.8,32.1,24.9,22.7,20.3,99,2.4,4387,24026,,8,,30.8,23.5,22,4.8,1.6,4.7,0.9,11.9,736,26.7,26.2,27.1,3.9,1.5,1.6,9.5,3.9,f48509fa-2fef-4c19-9e9a-e91713552bac,0.388797582,3.388569542
312,41960,Franklin Harbour,2755.5639,https://linked.data.gov.au/dataset/asgsed3/LGA2021/41960,533,45,28.7,47681,53877,67.9,227,54,2.8,1343,12349,14.1,483,52,3.9,239,8095,15.3,16,57,0.6,24297,36601,1.5,682,51,35.3,42929,51723,9.07,2.05,0.23,0.05,0.564,7,20.6,32.9,33.3,26.1,20.9,19.7,84,5.5,13124,65566,,8,,28.4,25.5,20.3,4.1,2.6,5,0.9,12.8,791,23.6,32.5,21.7,5.9,2.4,2,9.3,3,b90c1bd6-fc6d-4c8f-9b17-4d7c1dffb56c,0.267471086,2.369015597
313,42030,Gawler,41.1379,https://linked.data.gov.au/dataset/asgsed3/LGA2021/42030,12043,40,691.7,52925,57435,80.4,1509,50,32,10883,21239,6.1,8097,47,37.8,59,4666,9.3,656,63,20.4,26642,31170,3.5,13287,43,755.1,51409,56828,3.93,1.67,0.42,0.18,0.396,4.7,15.3,25.5,22.6,28.3,30.2,18.9,1165,34,3119,29203,,166,49,28.4,25.7,26.6,5,1.7,6.5,0.6,5.6,873,20.3,32.6,32.3,5.5,1.2,1.3,5,1.8,aec7e90a-2b4d-462a-9aed-338db9dc672d,0.004043681,0.384624764
314,42110,Goyder,6715.1418,https://linked.data.gov.au/dataset/asgsed3/LGA2021/42110,1578,44,73,42202,46278,61.3,724,55,6.4,3904,8781,14.5,1549,53,11.3,272,7322,20.4,83,59,1.7,10000,20603,2.3,2135,50,89.8,35783,42037,9.96,1.98,0.2,0.02,0.562,6.8,19.8,32.3,39.1,26,22.9,12,190,9.4,7501,49693,,20,,38.2,23.6,18.1,2.7,1.2,6.7,1.2,8.2,626,32.3,33.4,20.3,2.5,1.3,2,7.1,1.8,75bbaa99-5bf4-4880-beb8-6150e1791094,0.652646468,3.972311751
315,42250,Grant,1897.8235,https://linked.data.gov.au/dataset/asgsed3/LGA2021/42250,3657,42,197.2,48230,53934,72,1279,53,32.6,11261,25521,14.2,2933,50,98,208,33413,12,105,59,3.8,22549,35863,1.4,4320,47,328.5,51280,76042,4.18,1.77,0.42,0.18,0.544,23.2,33.1,42,22.9,28.2,26.9,22,457,30.6,4619,66888,,25,,20.5,22.9,24.2,6,2.7,5.3,0.6,17.7,993,15.2,29.4,34,7.4,4.1,1.5,6.2,2.2,1ab34638-9461-4131-920e-898f0d0974a7,0.194266925,2.664256085
316,42600,Holdfast Bay,13.752,https://linked.data.gov.au/dataset/asgsed3/LGA2021/42600,19001,42,1339,57557,70472,67,3263,49,103.3,12092,31663,6.4,18348,51,331.8,534,18085,21.1,1432,70,57.2,35533,39969,4.4,23968,48,1791.6,55780,74748,5.31,1.92,0.36,0.14,0.495,10.2,23.7,35,24,23.2,23.5,29.2,4076,220.3,4542,54055,,134,72,22.5,23.6,27.9,8.8,6.6,5.7,0.4,4.6,1130,13.7,26.7,34.2,11.9,6.5,1.2,4.3,1.5,ca10a0aa-4d0f-477a-be08-4f9302126cd2,0.00135794,0.234186723
317,42750,Kangaroo Island,4400.863,https://linked.data.gov.au/dataset/asgsed3/LGA2021/42750,2216,43,94.4,36891,42592,61.4,1032,54,19.7,10214,19071,18.7,2020,54,16.4,301,8101,16.4,85,69,2.4,27780,28592,2,2849,50,127.9,38020,44883,5.68,1.85,0.33,0.09,0.504,5.3,19.3,31.3,33.6,32.4,21.6,12.4,369,28.2,10619,76475,,29,,29.5,27.5,22.2,3.6,2.2,4.1,0.9,10,782,24.7,32.3,26.6,4.1,2.4,2.1,5.4,2,ab7567e2-5ebd-4125-8078-4fcb2d81c507,0.438950697,5.730411915
318,43080,Karoonda East Murray,4415.796,https://linked.data.gov.au/dataset/asgsed3/LGA2021/43080,335,42,13.4,34791,39983,49.6,289,55,0.1,2493,242,26.4,381,54,2,299,5240,20.3,17,59,0.2,6863,13164,1.8,543,51,16,28609,29378,19.85,2.19,0.11,,0.848,4.8,20.5,36.3,45.6,26.6,19.6,8.3,58,1,4884,17481,,,,38.5,21,16.6,2.3,2,7.2,2.5,11,593,32.7,29.9,20.9,3.5,1,4.8,5,3.5,e36d819e-6e8b-4788-a712-8877e6410c94,0.435761063,3.101451911
319,43220,Kimba,5697.1074,https://linked.data.gov.au/dataset/asgsed3/LGA2021/43220,383,37,17.7,43057,46253,52.9,266,51,-4.9,-359,-18292,15.4,498,50,4.2,658,8395,29.8,14,48,0.3,8440,20944,1.3,598,47,16.8,31306,28120,86.37,2.29,0.03,,1.331,10.1,33.4,53.3,45.9,19.8,22.4,11.9,74,5.6,3695,75608,,,,26.6,26.3,26.8,4.2,2.8,3.9,0.7,9.4,835,21.6,30.5,28.1,2.6,2.9,3.1,8.9,0.8,eff7f192-ae17-45da-b810-7ed7ca9b13ba,0.549707045,4.625366587
320,43360,Kingston (SA),3339.7952,https://linked.data.gov.au/dataset/asgsed3/LGA2021/43360,1058,42,47.6,40322,44946,60.7,466,56,23.1,25000,49576,21.2,933,57,10.4,671,11095,16.5,31,59,0.8,13784,25500,1.5,1352,51,79.4,45746,58702,5.04,1.93,0.38,0.14,0.514,6.8,22.1,33.8,28.7,27.6,23.2,20.5,184,41.9,9144,227699,,16,,29.4,26.3,22.7,5.1,3,4.4,1.4,7.7,814,22.2,32.6,26.1,5.8,3.8,1.7,5.5,3.5,e5d504c9-8233-4bb2-b3e2-9293d2e0eaae,0.336551936,3.212994587
321,43650,Light,1276.8453,https://linked.data.gov.au/dataset/asgsed3/LGA2021/43650,7820,42,460.4,54003,58870,77.4,1642,52,25.2,6667,15348,8.8,6022,48,46,91,7633,11.3,290,60,9.9,27925,34261,1.9,8980,45,526.1,52309,58584,4.09,1.69,0.41,0.18,0.42,5.5,16.6,26.9,22.8,27.3,29.3,20.7,902,35.7,5518,39555,,44,15,24.4,25.3,28,6,2.3,7.4,0.7,6,1014,14.6,28.9,37.7,7,1.8,1.4,7,1.7,f5164d30-454c-46fb-885c-764b203ac362,0.125198369,2.441746087
322,43710,Lower Eyre Peninsula,4721.3922,https://linked.data.gov.au/dataset/asgsed3/LGA2021/43710,2450,42,129.7,47272,52943,61.9,1002,52,40.4,21753,40346,18.5,2350,49,32.6,327,13891,17,96,60,2.9,28622,30451,2,3258,47,203.1,50903,62327,5.08,1.87,0.37,0.11,0.487,6.7,20.3,32,24.6,27,25.6,22.8,433,15.9,4987,36648,,22,,23.1,23.7,27.1,5.2,3.4,5.4,0.5,11.5,969,15.5,29.8,33.7,5.9,3.5,1.2,8.3,2.1,b618b90c-3748-4c3a-8063-e7f32c3ecc28,0.462958359,8.332333103
323,43790,Loxton Waikerie,7763.8714,https://linked.data.gov.au/dataset/asgsed3/LGA2021/43790,5445,42,257,44208,47197,72.3,1522,54,28.9,8894,18979,12.1,4378,50,29.7,148,6788,13.3,172,61,4,13637,22998,1.8,6348,47,310.7,44020,48939,5.11,1.7,0.33,0.1,0.501,6.9,19.7,30.8,29.3,30.3,26.8,13.5,596,17.4,4569,29263,,50,32,31,28,22.5,3.4,1.8,4.5,0.8,8.2,781,23.9,33.8,27.5,4.1,2.1,1.4,4.5,2.7,9599ccab-c0ad-4c45-85d4-cc21dc0dbaa6,0.762146015,5.575575308
324,44000,Maralinga Tjarutja,105766.3105,https://linked.data.gov.au/dataset/asgsed3/LGA2021/44000,14,45,1,79515,74113,100,,,,,,,6,56,,36,-405,,,,,,,,16,46,1.2,84447,76419,,,,,,,,,,,,,,,,,,,,51.9,,13.9,3.8,,,,30.4,612,32.1,14.3,10.7,,,,,35.7,cdda1f11-0847-4126-b75c-b210ad18c9cf,9.83240475,13.20852349
325,44060,Marion,55.6406,https://linked.data.gov.au/dataset/asgsed3/LGA2021/44060,48587,38,2920.1,54847,60100,78.8,6945,42,151.9,11460,21879,6.6,37396,44,193.2,108,5166,10.9,2172,67,73.3,30420,33760,2.9,55062,41,3248.3,52270,58993,4.34,1.72,0.4,0.17,0.412,5.1,16.1,26.5,23.8,26.3,28.6,21.3,5764,163.5,2333,28364,23,298,116,25.9,24.4,29.1,6.7,2.4,7,0.5,4,997,17.6,28.1,36.4,8.3,2.2,1.4,4.6,1.4,0f0e58a9-44e8-457b-8482-ac3d2867ad03,0.00549586,0.413258006
326,44210,Mid Murray,6271.6255,https://linked.data.gov.au/dataset/asgsed3/LGA2021/44210,3487,46,167.2,42927,47953,68.6,1078,55,10.4,4748,9688,11.4,2869,54,15.4,174,5378,15.7,213,59,6.5,21282,30426,3.3,4340,51,192.6,38379,44384,6.68,1.84,0.28,0.07,0.511,5.8,18.6,30.6,35.1,29.1,23.6,12.1,395,14.9,6057,37790,,51,10,36.6,23.9,17.1,2.4,1.2,5.8,0.8,12.3,626,31.7,33,20.6,2.4,1.2,2.1,6.3,2.7,3b953b79-6228-49c7-8832-af2f0a79a907,0.615246418,4.839219166
327,44340,Mitcham,75.5468,https://linked.data.gov.au/dataset/asgsed3/LGA2021/44340,34476,42,2432.3,58657,70551,70.2,5777,49,194,11536,33578,6.6,31873,49,413.8,395,12984,17.9,2413,71,105.9,38224,43880,4.4,42117,46,3059.1,56348,72633,5.47,1.91,0.35,0.14,0.48,8.3,21.6,32.8,24.6,22.3,23,30.1,6664,282.2,3209,42344,,138,63,22.9,21.4,27.6,9.8,6.8,7.2,0.5,3.7,1208,11.9,24.6,36.9,13.3,6,1.2,5.2,1,badb892e-626f-4546-923d-8e9d68dd254e,0.00745994,0.440742765
328,44550,Mount Barker,594.6406,https://linked.data.gov.au/dataset/asgsed3/LGA2021/44550,19050,40,1163.7,53607,61085,75.5,3832,49,69.1,9320,18020,8.5,14914,47,133.1,91,8924,12.5,793,64,29.2,29840,36869,2.5,22186,44,1358.7,51673,61239,4.45,1.78,0.4,0.17,0.438,6.9,18.6,29.2,23.9,26.8,27.1,22.2,2430,132.9,3587,54711,,100,31,23.7,24.8,29.2,7.2,3.2,6.4,0.5,5,1056,14.1,28,38.5,7.9,2.7,0.8,6.8,1.2,20066f32-a18a-4589-9a2f-18e233426279,0.058775813,1.616402014
329,44620,Mount Gambier,33.8938,https://linked.data.gov.au/dataset/asgsed3/LGA2021/44620,13757,40,729.6,49859,53033,80.1,1999,52,53.6,12765,26796,6.9,9190,49,65.9,113,7166,10.4,468,59,14.3,21962,30519,2.1,14981,44,837.7,50201,55916,4.05,1.66,0.41,0.18,0.405,5.6,16.5,26.6,23.8,28.6,30.3,17.3,1302,82.4,3540,63276,8,101,35,28.9,27.4,25,4,1.6,5.1,0.7,7.2,831,23.4,31.8,30.6,5,1.6,1.3,4.3,2.1,5fe4e4f2-ec2d-465d-8ef0-ad77d4cf717e,0.003468541,0.27036411
330,44830,Mount Remarkable,3422.7733,https://linked.data.gov.au/dataset/asgsed3/LGA2021/44830,1171,47,62.2,46122,53075,63.6,568,58,-3.2,727,-5616,13.3,1135,55,7.3,283,6424,19.8,59,59,1.6,18398,26682,2.3,1535,54,65.7,37708,42784,13.93,2.16,0.15,,0.65,5.6,19.6,33.2,38.3,23.8,21.4,16.6,189,4,1866,21383,,17,,31.4,24.7,20.3,4.8,1.4,6.2,1.3,10,749,26,28.9,24.9,5.3,1.5,2,9.1,2.7,29cc8630-f380-4571-9791-7715388e07aa,0.329363679,2.765340184
331,45040,Murray Bridge,1831.7597,https://linked.data.gov.au/dataset/asgsed3/LGA2021/45040,9533,40,455.6,45419,47788,76.7,1874,51,39.6,12268,21134,8.4,6492,50,31.5,87,4848,11.5,402,59,11.4,20998,28300,2.5,10869,44,519.1,43987,47760,4.6,1.66,0.36,0.13,0.421,5.1,16.1,26.7,29,32,26.7,12.3,860,27.9,5211,32389,8,93,15,31.9,27.8,20.1,2.6,1.1,5.9,0.7,9.9,723,26.3,35.4,24.9,2.9,1.1,1.6,5.1,2.7,11194470-8a57-4cc5-9258-ff9de3cbc913,0.181215041,2.489598831
332,45090,Naracoorte Lucindale,4519.715,https://linked.data.gov.au/dataset/asgsed3/LGA2021/45090,4648,38,223.2,44985,48025,69,1505,54,50.7,15637,33666,13.4,3689,49,50.7,390,13749,15.5,100,60,2.5,15172,24951,1,5563,44,315.7,47037,56759,4.53,1.72,0.38,0.13,0.48,8,22.2,33.1,26.8,29.4,27.3,16.5,613,34.8,3713,56694,,14,7,23.7,28.5,26.1,3.5,2.9,5.5,1,8.9,917,18.5,30.2,32.8,5.2,3,1.5,6.3,2.7,c4912966-103e-45e9-a3c6-a4c2fefc5e69,0.457407233,3.098990605
333,45120,Northern Areas,2986.1818,https://linked.data.gov.au/dataset/asgsed3/LGA2021/45120,1938,43,97.6,43045,50338,65.9,791,57,10,7313,12642,14.3,1884,51,18.8,320,9956,17.3,70,59,2,12647,28625,1.8,2501,49,125.5,43034,50179,6.45,1.89,0.29,0.07,0.524,6,18.9,31.2,31.6,26.7,24.7,17,386,10.7,2691,27748,,27,6,32.2,26.5,22.3,4.5,2.2,4.6,0.6,6.8,763,24.4,32.5,26.4,4.8,2.2,1.5,6.4,1.9,e59b923e-2b7b-4324-9652-68ba815a1f92,0.289045403,2.743034218
334,45290,Norwood Payneham and St Peters,15.1036,https://linked.data.gov.au/dataset/asgsed3/LGA2021/45290,19200,39,1342.7,55562,69930,69.2,3702,46,144.4,12247,39003,7.5,18012,46,282,470,15656,18.9,1088,70,43.2,35069,39679,3.4,23324,44,1759.2,54742,75424,5.61,1.97,0.35,0.14,0.509,10.1,24.7,36.3,25.1,23.1,23.2,28.6,3995,188.1,3781,47078,,55,28,22.7,21.9,27.1,8.8,7.2,7.4,0.5,4.4,1130,15.3,24.5,33.3,12.6,7.2,1.9,3.9,1.3,2916ded0-ba12-4e48-b380-81518d2cf31f,0.001489642,0.200564792
335,45340,Onkaparinga,518.1255,https://linked.data.gov.au/dataset/asgsed3/LGA2021/45340,84723,40,4788.5,52098,56520,78.8,12702,47,265.3,12162,20888,7.3,60097,47,301.6,66,5018,10,3918,64,126.1,26561,32192,3,96331,44,5341.7,49979,55451,4.04,1.67,0.41,0.18,0.403,5,15.8,26.1,23.8,28.8,29.8,17.5,8330,276.9,2780,33235,47,842,187,28.4,26.2,26.9,4.8,1.7,6.5,0.5,5.1,898,19,32.6,33.9,5.3,1.5,1.2,5,1.5,72add91d-19f5-415c-b0df-3b095e162d46,0.05126992,1.176093387
336,45400,Orroroo Carrieton,3321.8239,https://linked.data.gov.au/dataset/asgsed3/LGA2021/45400,369,40,17.5,39584,47526,59.3,220,58,-2.3,-278,-10251,14.2,372,54,2.6,844,7048,23.4,19,55,0.3,9674,14209,2.2,491,52,17.3,30041,35136,15.53,2.36,0.15,,0.745,,21,35.7,42.7,26.4,17.9,13,74,1.9,3270,25327,,,,30,24.5,20.8,3.6,1.7,6.1,1.9,12.5,706,25.9,30,22.4,5,2.1,4.4,7.6,2.6,effbfe33-3b14-4b41-8a10-60276d7d7235,0.318818714,2.545707111
337,45540,Peterborough,3020.142,https://linked.data.gov.au/dataset/asgsed3/LGA2021/45540,531,46,23.4,37382,44155,71.7,,,,,,,394,58,1.2,195,3153,11.2,68,67,2.1,25135,30424,8.2,634,51,25.1,33908,39577,6.41,1.86,0.29,0.07,0.514,4.6,17.6,30.3,37.5,32.8,19.2,10.6,29,1.5,3455,50139,,22,,43.9,21.7,10.8,2.7,0.8,4.2,1.2,14.6,495,44.4,27.4,14.5,1.9,1.1,2.4,4.4,3.5,031a86a0-8407-49c7-953d-37d8fd387c7c,0.290958425,2.313105994
338,45680,Playford,345.2038,https://linked.data.gov.au/dataset/asgsed3/LGA2021/45680,41854,36,2155.8,49117,51507,84.9,4666,44,97.5,12905,20906,6.1,22065,41,76.3,30,3460,5.9,1728,55,45,15114,26013,2.6,44388,38,2302.3,48594,51869,3.6,1.58,0.44,0.2,0.377,4.4,14.5,24.5,23.4,31.7,31.7,13.2,2354,64.9,2565,27573,17,298,71,30.3,26.9,23.2,3,1,7.5,0.9,7.3,777,24,34.2,28.4,3.4,0.8,1.4,5.5,2.3,90f35f87-1b0f-46db-ac44-43a1b17bd3f0,0.033959274,1.477755038
339,45890,Port Adelaide Enfield,91.7588,https://linked.data.gov.au/dataset/asgsed3/LGA2021/45890,64731,37,3691.6,51934,57030,80.2,10658,38,208.2,11537,19537,8.2,44397,41,204.1,68,4597,8.9,2155,61,65.8,24373,30546,2.1,71369,39,4025.3,50014,56401,4.3,1.72,0.4,0.18,0.411,5.1,16.1,26.6,24.9,27.6,28.6,18.9,6437,157.1,2053,24405,11,502,117,27.1,24.3,26.7,5.3,1.9,8.1,0.6,5.9,925,20.6,28.8,34.1,7,1.9,1.6,4.4,1.5,8f4aaa72-5efb-4af2-882c-de406603e3cc,0.009042921,0.883850582
340,46090,Port Augusta,1157.9905,https://linked.data.gov.au/dataset/asgsed3/LGA2021/46090,6779,40,395.7,50607,58368,85,627,51,8.8,8620,13978,4,4046,48,16.7,71,4126,7.3,300,60,8.5,23595,28491,3.2,6767,44,408.1,52558,60306,4.28,1.8,0.42,0.18,0.408,4.3,14.8,25.4,22.4,27.4,25.9,24.3,517,17.9,2771,34572,,42,9,26,23.8,22.4,5.5,2.3,4.8,1,14.2,860,22.3,27.7,29.3,6.5,2.3,1.5,7.7,2.8,8628a3ac-0a59-443b-b9fe-88a827d35d0a,0.11122625,2.871893845
341,46300,Port Lincoln,30.3681,https://linked.data.gov.au/dataset/asgsed3/LGA2021/46300,7128,38,359.2,44994,50388,74,1417,51,39.2,13831,27699,9.1,5316,48,70.7,165,13295,14.6,231,62,6.3,21769,27450,1.9,8161,44,461.5,47351,56548,4.44,1.79,0.4,0.16,0.439,7.4,19.1,29.6,24.8,31.1,26.1,18,838,37.5,3584,44774,,47,11,27.5,27.6,24.7,4.3,2.5,4.9,0.8,7.7,848,21.9,31,29.1,4.7,2.3,1.4,6.8,2.6,f93d8f8f-ddb8-44d9-a29a-cce2f781c6ad,0.002988886,0.395050539
342,46450,Port Pirie,1760.7097,https://linked.data.gov.au/dataset/asgsed3/LGA2021/46450,7399,41,405.2,49260,54760,80.7,994,52,17.5,8555,17617,6.2,4993,49,25.3,92,5069,10.3,292,58,6.8,14778,23341,2.6,8031,45,439.8,48080,54765,4.97,1.81,0.36,0.14,0.436,5,15.9,26.7,26.9,27.2,26.1,19.8,629,57.5,3487,91343,,92,26,36.3,23.2,21.4,4.2,1.7,5.4,0.7,7.1,714,29.2,29.8,25,4.5,1.6,1.2,5.4,3.3,42a127cc-ff4e-4885-8344-f260421a8a39,0.170599922,2.728666176
343,46510,Prospect,7.7915,https://linked.data.gov.au/dataset/asgsed3/LGA2021/46510,12179,38,829,57357,68067,75.3,2153,41,53.1,10221,24647,7.4,10089,43,119,229,11794,14.1,503,66,21.7,37481,43200,2.6,13866,41,979.4,57175,70634,4.8,1.82,0.38,0.18,0.452,7,19.7,30.7,22.5,23.3,25.3,28.8,1953,108.4,2890,55485,,39,16,20.4,21.9,30.5,10,6.1,6.6,0.5,4.1,1240,11.9,22.5,39.4,13.8,5.7,1.4,4.3,1,deb00cda-7663-43c6-8462-e4fed39edd24,0.0007683,0.121920573
344,46670,Renmark Paringa,916.442,https://linked.data.gov.au/dataset/asgsed3/LGA2021/46670,5610,36,240.1,35944,42792,77.3,1083,53,26.2,9877,24188,10,3369,49,22.6,118,6717,10.6,146,60,4.2,17492,28671,1.6,5375,44,271.2,44101,50449,4.29,1.69,0.39,0.16,0.445,6.7,18.8,29.4,28.3,32.2,26.3,13.2,472,20.6,7144,43624,,60,21,29.5,29.6,21.6,3,2,5.7,0.7,7.9,801,23.2,33.3,27.9,3.6,2.1,1.4,5.6,3,a44453f9-ef1b-4450-bb21-c3cd6b4e7178,0.089619476,2.052571286
345,46860,Robe,1091.7162,https://linked.data.gov.au/dataset/asgsed3/LGA2021/46860,702,40,31.6,35765,44979,55,347,56,13.4,16979,38614,18.7,785,55,12.9,566,16457,23.7,24,60,0.7,23000,30957,1.6,1011,51,57.7,41089,57102,6.39,2.05,0.32,0.09,0.569,10,25.9,39,32.3,29.1,20.1,18.5,168,16.8,10673,100218,,11,,27.6,26.9,24.5,4.6,3.4,4.9,0.8,6.7,869,18.8,30.6,30.5,4.6,3.7,2.2,7.1,1.7,bad7d4d6-23e0-4ebb-a57b-d3092bb20e9d,0.110786124,1.73837754
346,46970,Roxby Downs,110.4778,https://linked.data.gov.au/dataset/asgsed3/LGA2021/46970,2616,36,266.3,98874,101809,95.6,141,39,1.2,1855,8249,1.1,1703,37,3.8,34,2209,2.6,28,41,0.4,10000,15368,0.4,2511,36,257.2,98955,102422,3.63,1.58,0.43,0.22,0.351,3.5,12.2,21.7,11.8,13.4,18.4,56.4,264,5.1,2730,19184,,,,6.6,9.2,27.7,21.6,15.1,6.2,0.4,13.4,1969,2.3,7,37.5,28.8,15.8,0.3,8.1,1,ee060db1-9b13-4ab1-a2bf-e7da039f5608,0.01038625,0.442310027
347,47140,Salisbury,159.8432,https://linked.data.gov.au/dataset/asgsed3/LGA2021/47140,67534,38,3581.8,50468,53037,82,9396,41,187.4,13131,19947,7.6,41526,42,155.2,47,3737,7.6,2255,60,63.9,21231,28335,2.2,73930,40,3867.5,48732,52313,3.79,1.59,0.42,0.19,0.385,4.6,14.8,25,24.3,30.2,31.4,14.1,4787,120.8,2272,25240,32,591,103,29.6,26.1,24.6,3.4,1,8.9,0.8,5.7,827,22.1,33.6,31.3,4.1,0.9,1.6,4.7,1.8,7d8306b9-0793-400d-acf7-04493e91baa8,0.015740489,0.683813646
348,47290,Southern Mallee,5702.2024,https://linked.data.gov.au/dataset/asgsed3/LGA2021/47290,1045,37,46.2,40787,44251,63.7,462,56,9,9033,19563,18.8,850,52,6.3,561,7380,16.1,31,59,0.6,5162,20853,1,1255,46,58.6,42363,46722,5.75,1.78,0.31,0.07,0.523,6.1,18.6,30,33.1,26.7,26.8,13.5,125,17,5366,135746,,12,,25.6,25.2,26.3,3.2,2.8,5,1.2,10.7,866,20.3,31.9,30.9,4.8,3.4,1.9,5.8,1.8,33aaeaee-eefa-4967-aae5-b6bcf528a26d,0.565726171,3.345582011
349,47490,Streaky Bay,6222.8591,https://linked.data.gov.au/dataset/asgsed3/LGA2021/47490,942,43,44.8,38463,47555,61.3,403,51,13.4,15954,33254,18.2,967,49,11.7,344,12136,18.5,38,59,1,17567,25216,1.8,1265,48,68.7,43352,54341,5.1,1.96,0.38,0.14,0.477,6.1,19.9,31.7,28.4,31.5,22.1,17.9,186,8.7,2045,46580,,6,,31.2,24.8,22.8,3.9,2.2,4.4,0.7,9.7,759,27.2,28.8,24.5,3.6,2.4,1.6,8.9,2.6,990f394f-8b0f-4215-a0b9-0ab7c0243504,0.59848415,6.29056952
350,47630,Tatiara,6527.2342,https://linked.data.gov.au/dataset/asgsed3/LGA2021/47630,3646,38,168.9,44362,46317,68.5,1355,53,40,13803,29547,16.3,3116,48,30.5,313,9773,13.9,63,59,1.2,9943,19180,0.8,4456,44,235.3,47001,52796,4.33,1.68,0.39,0.13,0.476,6,19.4,30.3,26.2,30.7,27.5,15.6,508,28.1,3278,55223,,21,7,21.5,29.1,27.5,3.5,2.7,4.5,1,10.2,955,16.8,29.8,34.2,5.4,2.9,1.5,6.3,2.7,3f382bf1-f55d-4d31-9650-e03f40d6af82,0.654301868,3.755762876
351,47700,Tea Tree Gully,95.2109,https://linked.data.gov.au/dataset/asgsed3/LGA2021/47700,51736,40,3121.6,55525,60338,78.3,7002,45,154.7,12347,22088,6.5,39554,47,218.2,97,5517,11.2,2656,67,97.3,32582,36623,3.3,59409,44,3494.4,52772,58819,4.1,1.69,0.41,0.18,0.403,4.9,15.7,26,22.7,26.8,29.7,20.8,5990,183.8,2508,30682,21,379,99,26,24.5,29.4,6.5,2.1,7.2,0.5,3.8,1005,15.6,30.1,37.9,7.7,1.8,1.2,4.4,1.3,46737ffd-c6dd-4133-88cd-277a6d5e3810,0.00937901,0.604891682
352,47800,Coorong,8833.4339,https://linked.data.gov.au/dataset/asgsed3/LGA2021/47800,2171,41,98.3,41659,45298,62.8,908,55,29.2,12889,32122,17.4,1936,54,16.4,314,8463,16.3,98,60,2.5,15400,25012,2.5,2849,49,141.1,41497,49530,5.42,1.78,0.33,0.07,0.521,8.1,21.9,33.9,32,30.2,24.3,13.5,299,22.7,8438,75917,,27,6,31.1,26,19.9,2.6,2.1,5.2,1.1,12.2,721,27.1,33.2,23.5,3.7,2.4,1.6,5.3,3.3,aaee22b1-4cf4-4aca-98db-ec8238bc3407,0.879835044,6.363705027
353,47910,Tumby Bay,2669.0794,https://linked.data.gov.au/dataset/asgsed3/LGA2021/47910,1011,43,49.9,43467,49394,55.9,511,53,15.7,17077,30745,19.4,1119,53,10.8,666,9652,21,63,60,1.7,24062,27282,2.6,1481,50,76.7,41192,51810,7,2.03,0.29,0.06,0.578,7.5,22.5,34.5,31.6,27.5,22.2,18.8,194,8.2,5993,42168,,7,8,30,27,23.4,3.5,2.2,5.2,0.6,8,749,26.4,30.5,26.1,5.7,1.8,1.7,4.7,2.9,b1a5ada0-d548-4b3d-bbc8-588cbcb7b07d,0.261004375,2.879250419
354,47980,Unley,14.2703,https://linked.data.gov.au/dataset/asgsed3/LGA2021/47980,20036,40,1536.6,58729,76692,66.2,3989,48,191.7,12612,48061,7.4,19795,48,429,797,21673,21.7,1262,72,56.5,39038,44747,3.7,24994,46,2146.2,59740,85867,5.82,2.01,0.35,0.13,0.526,10.5,26.2,37.8,23.7,21.2,21.8,33.4,4822,250.2,4438,51884,,89,51,20.6,20.4,27.2,9.9,10.4,7.4,0.3,3.8,1309,11.9,21.6,34.6,14.7,10.6,1.4,4.2,1,9c4cd40e-2295-40ff-946f-a1403c69179d,0.001408341,0.17083925
355,48050,Victor Harbor,384.6255,https://linked.data.gov.au/dataset/asgsed3/LGA2021/48050,5351,45,251.7,39712,47034,57.3,1561,55,32.5,11858,20812,11.6,5522,59,62.7,403,11346,23.1,609,71,21.7,32037,35624,6.3,7757,54,363.9,36417,46906,7.16,1.96,0.27,0.08,0.512,8.7,22.1,34,37.2,29.6,19.8,13.4,1034,48.5,5066,46867,9,168,29,37.6,29.7,16.6,3.1,1.8,5.4,0.7,5,675,26.7,40.8,19.9,3.1,1.6,1.4,4.5,2,ce33fa16-070c-4d6a-8551-cddc74a475c7,0.038214761,1.024210192
356,48130,Wakefield,3468.4879,https://linked.data.gov.au/dataset/asgsed3/LGA2021/48130,2863,41,136.4,44652,47643,69.8,940,54,23,14001,24440,14.7,2224,51,16.8,261,7548,12.7,121,59,2.8,14131,22932,2,3496,47,174.1,44546,49808,4.71,1.69,0.36,0.12,0.461,6,18.1,29,28.6,30.7,26.3,14.5,387,11.9,2904,30646,,22,,30.9,27.4,21.3,3.1,1.7,6.1,1.4,8.3,746,25.8,32.4,26.8,3,1.5,1.8,5.9,3,8f226a37-176b-40b7-9f8a-9b297b959df3,0.338439007,2.949466436
357,48260,Walkerville,3.53,https://linked.data.gov.au/dataset/asgsed3/LGA2021/48260,3790,40,312.1,57296,82347,58.8,826,49,59.5,15188,72037,7.6,4161,51,165.6,1887,39799,28.3,297,73,14.2,36310,47894,4.1,5048,48,538.3,62477,106634,6.57,2.21,0.34,0.12,0.597,14.8,34.1,46,23.2,20.4,20.2,36.2,1206,129.9,6543,107750,,18,5,20.2,19.4,25.6,9,13,7.3,0.5,4.9,1350,12.5,20.4,32.2,14.2,14,1.4,4.3,1.1,433e0702-dd31-4146-b579-47074877eb0a,0.000348088,0.117538112
358,48340,Wattle Range,3926.2101,https://linked.data.gov.au/dataset/asgsed3/LGA2021/48340,5473,43,277,45960,50611,70.6,1663,55,58.9,15252,35445,14.2,4283,52,46.3,224,10808,13.1,194,59,4.9,17089,25106,1.6,6528,48,374.3,47233,57345,4.97,1.83,0.37,0.13,0.47,6.8,20,31.2,27,28.5,25.4,19.2,618,41.3,6020,66806,,40,15,30.2,25.4,21.4,4.2,2.1,6.3,0.9,9.5,781,25,31.1,26.3,4.3,2.5,1.9,5.2,3.1,71e91a33-67c0-42f8-a4c8-cc0d4405bfff,0.399904612,3.529799152
359,48410,West Torrens,37.0886,https://linked.data.gov.au/dataset/asgsed3/LGA2021/48410,33092,37,1956.2,52213,59113,77.1,5687,38,111.9,9947,19671,7.6,26100,42,194.2,140,7440,12,1309,68,47.7,29834,36404,2.6,37452,39,2227.8,50342,59485,4.48,1.79,0.4,0.17,0.43,6,17.7,28.4,24.6,27.2,26.9,21.3,4237,131.4,2407,31017,10,141,84,24.9,25,28.8,6.8,3,6.5,0.5,4.4,1038,16.6,27.2,36.9,9.4,2.9,1.5,4.2,1.2,b9bd48a6-ea64-4df2-a584-b75232c8f344,0.0036596,0.283226885
360,48540,Whyalla,1071.3397,https://linked.data.gov.au/dataset/asgsed3/LGA2021/48540,10006,41,656,58708,65559,87.1,688,49,11.3,8608,16451,3.4,5985,47,21.9,39,3654,7.6,285,56,6,10000,21049,1.5,10310,44,669.4,57225,64927,4.77,1.79,0.38,0.16,0.41,4.3,14.6,25.2,22.7,23.3,24.6,29.4,651,9.9,1598,15148,,34,14,30,21.7,22.3,7,2.3,7.2,0.9,8.6,826,26.7,25.3,29.3,7.2,1.8,1.6,5.1,3,e2464473-ff49-4203-866d-f3a702cafd3a,0.103412824,2.441653401
361,48640,Wudinna,5075.2783,https://linked.data.gov.au/dataset/asgsed3/LGA2021/48640,483,39,22.2,39067,45898,53.6,304,51,9,18886,29624,25.6,577,46,7.5,568,13019,19.2,,,,,,,716,46,38.6,45383,53915,6.94,1.96,0.28,0.05,0.545,5.4,18.5,31.1,31.4,23.5,24.1,21,83,1.9,3500,23402,,,,24.8,24,28,6,1.5,4.5,0.4,10.9,880,21.5,27.1,29,5.8,4.1,1.9,8.5,1.7,5ccd26ca-8954-4b2c-803b-af073d9d9b59,0.489843109,3.719144833
362,48750,Yankalilla,751.2577,https://linked.data.gov.au/dataset/asgsed3/LGA2021/48750,2096,47,104.4,43186,49817,61.4,731,57,11.2,8544,15319,13.5,1974,57,15.9,235,8056,19,182,64,5.9,27227,32155,4.6,2868,53,133.3,38213,46466,6.82,1.93,0.28,0.08,0.492,6.9,19.6,31.3,35.2,29.5,22.2,13.1,360,14.3,7211,39788,,52,,35.7,27.3,18.7,3,2.2,5.4,1.1,6.6,704,26.4,35.8,22.8,3.5,2.3,1.6,5.6,1.9,93b2b5c5-585c-4b67-a206-77441345e27d,0.074647233,1.633422704
363,48830,Yorke Peninsula,5899.6397,https://linked.data.gov.au/dataset/asgsed3/LGA2021/48830,3736,45,174.9,39717,46802,56,1729,56,39,14620,22538,18.2,4088,56,51.4,617,12571,22.5,229,61,6.5,22835,28183,2.7,5492,53,264.4,39376,48138,7.4,1.98,0.27,0.06,0.525,5.9,19.7,32.1,34.2,28,22.2,15.7,739,45.3,6220,61272,5,110,24,36.2,24.3,18.5,3.4,1.9,5.2,0.9,9.6,657,30.2,30.9,21.4,3.7,2.1,2.3,5.8,3.4,c9a7df90-0b8d-4dac-ae08-785d06313e30,0.580349858,5.720738405
364,49399,Unincorporated SA,619426.0858,https://linked.data.gov.au/dataset/asgsed3/LGA2021/49399,1186,44,60.8,44593,51245,75.6,287,53,2,6173,6932,10.6,790,50,5.2,137,6623,12.4,36,56,0.5,7443,13074,1,1265,47,64.8,45788,51253,5.8,1.85,0.32,0.12,0.481,4.6,16.4,28,28.9,27.7,24.8,18.5,108,7.3,2590,67742,,,,24.6,18.2,23.1,6.4,3.5,3.8,1,19.6,773,26.4,23.1,24.4,7.3,3.4,2.5,7.7,5.7,24550ef8-f2fa-4781-af2c-7fbdc2253e43,57.71584054,57.03585683
365,49499,No usual address (SA),,https://linked.data.gov.au/dataset/asgsed3/LGA2021/49499,,,,,,,,,,,,,,,,,,,,,,,,,,,,,,,,,,,,,,,,,,,,,,,,,,,,,,,,,,,,,,,,,,bf16cc34-1563-4243-92da-e21ed1de5c77,,
366,49799,Migratory - Offshore - Shipping (SA),,https://linked.data.gov.au/dataset/asgsed3/LGA2021/49799,,,,,,,,,,,,,,,,,,,,,,,,,,,,,,,,,,,,,,,,,,,,,,,,,,,,,,,,,,,,,,,,,,7a499551-ace6-4de3-914b-d5ae88607231,,
367,50080,Albany,4308.458,https://linked.data.gov.au/dataset/asgsed3/LGA2021/50080,18737,42,1016.8,46462,54266,71,4238,54,95.2,10000,22463,9.5,15019,52,159.3,206,10610,16.8,547,63,14.1,18231,25855,1.6,22488,47,1257.6,45584,55923,5.51,1.9,0.34,0.13,0.47,6.9,19.3,30.5,29.2,27.2,24.2,19.4,2660,117.6,4546,44205,6,157,47,27,25.4,24.5,5.6,2.6,6.1,0.8,8.1,879,19.8,30.8,30.4,6.2,2.4,1.6,6.7,2,1ac1830a-c43c-4f70-a64b-b122d887bbc3,0.42409871,7.557051662
368,50210,Armadale,559.5258,https://linked.data.gov.au/dataset/asgsed3/LGA2021/50210,47115,38,3099.7,58435,65789,84.1,5925,42,115.9,9700,19561,5.9,28270,42,127.6,25,4512,7.7,1113,56,26.1,11094,23459,1.5,50599,39,3268.2,56278,64590,4.38,1.75,0.4,0.18,0.415,5.1,16.2,26.9,22,24.1,28.4,25.6,3963,99.3,1971,25069,10,209,52,22.5,21.6,28.2,7.7,3.3,9.6,0.7,6.4,1040,14.8,27,36.4,8.6,2.4,1.5,7.8,1.5,22250782-0267-4512-942c-d46f1ceb45bc,0.053494848,1.403748946
369,50250,Ashburton,100817.3112,https://linked.data.gov.au/dataset/asgsed3/LGA2021/50250,3638,38,364.6,99583,100223,93.2,229,39,3.2,3374,13779,2.8,2415,39,-1.1,8,-450,3.6,48,46,1,10228,21701,0.4,3383,38,339.1,99367,100251,4.77,1.6,0.33,0.14,0.38,3.5,12.3,21.8,15.8,14.3,14.9,55,305,8.9,4086,29267,,,,7.9,7.7,20.8,21,15.1,5.5,0.6,21.4,1858,5.8,7,37.1,25.6,12.8,0.9,9.7,1.4,59241a20-545d-445e-bb06-21fe74832fed,8.847911272,26.08599521
370,50280,Augusta Margaret River,2122.375,https://linked.data.gov.au/dataset/asgsed3/LGA2021/50280,9139,39,481.9,38782,52735,68.2,2969,49,52.5,9027,17693,13.7,7363,47,65.8,171,8943,15.5,224,60,5.9,15218,26371,1.3,10683,44,585.1,40897,54765,5.56,2.04,0.37,0.15,0.5,8.1,21.7,33.7,31.5,29.7,20.8,18.1,1437,103.8,4927,72258,8,39,9,23.6,26.1,25.1,6.6,4,5.3,0.6,8.9,968,15,29.1,32.6,6.7,3,1.4,10.7,1.4,faf1e7cc-3f32-4b69-a5bd-4e8e06ebccc6,0.207185745,3.104360215
371,50350,Bassendean,10.3449,https://linked.data.gov.au/dataset/asgsed3/LGA2021/50350,8616,40,602.8,60918,69959,81.5,1167,46,24.1,9251,20655,6,6008,45,37,80,6155,9.9,231,60,5.8,19163,25269,1.7,9254,42,639.1,58512,69060,4.72,1.77,0.38,0.16,0.436,6.6,18.1,28.8,22.4,22.1,26.4,29.1,1062,34,2395,32018,,36,24,23.5,20.2,27.4,10.1,4.8,7,0.5,6.5,1114,16.4,23.6,34.4,11.9,4.5,1.4,6.1,1.5,129db170-f5ac-4515-b684-54325d5c0723,0.000986242,0.145784478
372,50420,Bayswater,34.6169,https://linked.data.gov.au/dataset/asgsed3/LGA2021/50420,38381,38,2615.8,58313,68153,79.5,6077,42,129.1,10055,21237,7.1,28232,43,165.6,93,5864,11.2,956,60,25.9,19396,27097,1.5,42312,40,2805.4,54818,66304,4.92,1.85,0.38,0.16,0.445,6.1,18,29.1,23.9,23.9,25.2,27.1,5120,134.8,2153,26331,,254,64,23.2,20.9,27.7,9.6,5,7.4,0.6,5.6,1130,15.9,23,34.1,12.6,5.1,1.8,6.2,1.3,86bf7b2c-cf5b-4750-8f71-1f0c7e1da287,0.003300299,0.34709281
373,50490,Belmont,39.8246,https://linked.data.gov.au/dataset/asgsed3/LGA2021/50490,24104,36,1587.4,57083,65858,83.9,3446,38,64.7,10206,18790,6.7,15368,40,52.5,43,3419,7.6,494,59,12.7,14254,25798,1.2,25428,38,1645.5,54879,64712,4.53,1.8,0.4,0.19,0.426,5.2,16.7,27.8,22.6,25,27.1,25.3,2615,61.7,2309,23611,,121,43,21.2,20.5,28.6,8.4,4.2,7.9,0.7,8.4,1113,16.3,22.5,36.2,10.7,4.2,1.9,6.8,1.5,871d42c4-a41c-4a32-8b55-161660a949fe,0.003799006,0.303009523
374,50560,Beverley,2370.5195,https://linked.data.gov.au/dataset/asgsed3/LGA2021/50560,619,47,36.9,50305,59582,58,321,58,6.2,7698,19274,17.4,673,56,10.7,330,15954,21.4,33,58,1.3,18661,38525,2.3,911,53,53,45548,58164,6.95,2.17,0.31,0.06,0.538,6.9,20.4,32.7,31.3,24.3,20.5,24,140,9.4,8480,67179,,20,,31.5,19.9,18.4,5.9,2.9,6.9,1.4,13.1,722,26,30,21.9,5.5,3.1,2.1,9.9,2.4,83d96baf-db8c-48cb-aa92-79e3b6b19288,0.226661172,3.015524272
375,50630,Boddington,1904.4791,https://linked.data.gov.au/dataset/asgsed3/LGA2021/50630,897,44,75.9,77329,84571,80.4,154,54,1.9,5770,12396,6.8,668,48,2.3,37,3512,11,16,56,0.2,9996,15144,1.1,969,46,76,69840,78394,6.78,1.87,0.28,0.1,0.45,4.6,15.1,25.7,23.4,17.6,17.4,41.7,111,5.9,5021,53056,,8,,20.3,19.3,20.1,13.2,6.2,9.3,1.1,10.4,1065,16.7,21.5,30.1,12,4.3,2.2,11.7,1.5,5280cb5f-4748-4ba3-b136-f5825996e37c,0.183379062,2.179266384
376,50770,Boyup Brook,2826.4585,https://linked.data.gov.au/dataset/asgsed3/LGA2021/50770,689,43,36,43021,52278,53.5,491,54,9.8,7957,20017,24.1,740,52,9.3,683,12531,19.5,27,61,0.7,24387,26152,2,1023,49,54.4,43385,53148,6.85,2.05,0.3,0.07,0.53,7.2,19.7,31.7,31.8,27.1,20.9,20.2,133,6.4,4660,47854,,13,,26.4,22.9,22.5,4.6,3.7,6.9,0.7,12.8,831,22.7,30.7,23.6,5.5,3.1,2.1,9.3,2.8,db5c3536-0533-48c8-be3a-5c1585918981,0.27547549,3.335308226
377,50840,Bridgetown-Greenbushes,1337.361,https://linked.data.gov.au/dataset/asgsed3/LGA2021/50840,2179,46,135.1,50815,62022,67.3,695,56,8.5,4274,12191,11.2,1868,55,15.5,229,8317,17.8,69,66,2.1,23461,30061,2,2747,51,155.4,43166,56569,8.09,2.19,0.27,0.06,0.512,7.3,19.7,31.8,32.9,24.8,19.4,22.8,345,17.2,6580,49779,,24,10,30.2,22.7,19.8,6.6,3.3,7.8,1.1,8.6,805,22.6,29.1,27.6,6.2,2.2,2.1,8.5,2.1,c8e4fdc9-0ef9-40b3-b313-60dc4c03f7ed,0.130511176,2.209131787
378,50910,Brookton,1601.1532,https://linked.data.gov.au/dataset/asgsed3/LGA2021/50910,408,42,20.3,40082,49719,56.5,182,55,6.2,13536,34099,17.2,421,53,6.9,1477,16405,24.1,9,60,0.2,19731,17989,1.4,580,50,32.9,45842,56644,8.12,2,0.25,0.09,0.514,5.2,19.6,31.8,32,23,23,22,66,1.5,3173,22082,,,,32.7,19.5,21.2,6.2,3.1,4.8,,12.3,795,23.2,26.8,25.6,5.7,3.3,1.2,8.7,4.2,29627d89-a568-4c10-a7b3-08a47e22bcff,0.153406957,2.658705799
379,50980,Broome,54401.8236,https://linked.data.gov.au/dataset/asgsed3/LGA2021/50980,10015,37,627.5,54503,62658,87.3,1082,46,27.2,12188,25102,5.5,5410,42,30.9,43,5713,6.1,150,52,3.1,10000,20802,0.7,9233,39,642.2,60194,69555,4.22,1.74,0.41,0.19,0.413,5.9,16.8,27.2,20.2,22.6,27.5,29.7,759,26.2,3360,34536,,18,,17.7,16.1,30.2,9.9,4.5,4.6,0.7,16.2,1322,14.8,14.9,35.2,14.1,4.8,1.3,11.6,3,622231df-9dc2-464e-a95e-cd6565a5ee58,4.655266105,20.99967895
380,51080,Broomehill-Tambellup,2609.6612,https://linked.data.gov.au/dataset/asgsed3/LGA2021/51080,434,40,19.6,39568,45179,55.4,293,49,11.1,14312,37938,23.9,444,48,5.1,589,11469,19.7,9,41,0.1,4433,6829,0.5,615,46,34.4,45755,55897,7.15,1.97,0.28,0.07,0.518,4.9,19.1,32.1,31.2,24.7,22.6,21.5,89,1.9,6239,20974,,,,24.4,20.2,24.1,5.3,5.9,5.4,0.5,15,932,19.9,25.7,27.9,4.8,7.4,1.1,9,5,6b5c1f7e-e8cd-4697-990b-c8c919ff3544,0.25466852,2.860438911
381,51120,Bruce Rock,2724.6944,https://linked.data.gov.au/dataset/asgsed3/LGA2021/51120,368,42,17.6,39378,47711,52.8,201,53,7.8,15444,38855,21.7,394,52,7.1,1712,18099,23.4,15,63,0.4,16238,29448,1,520,48,31.9,46377,61396,8.53,2.31,0.27,0.02,0.691,7.2,25.2,40.2,31.3,22.4,21.1,25.1,83,3.4,4042,41311,,9,,23.4,17.5,22.8,5.6,6.5,4.9,1.6,18.3,873,23.8,24.7,27.4,6.9,4.8,3,10.5,2.1,01c5da80-dca8-4d84-ad45-7e653d88eb71,0.259907357,2.752274731
382,51190,Bunbury,65.4163,https://linked.data.gov.au/dataset/asgsed3/LGA2021/51190,16343,41,997.8,50730,61057,77.4,2224,51,65.6,10841,29483,6.1,11398,50,123.8,103,10864,13.6,529,58,11.9,10000,22488,2,18162,45,1153.6,49837,63518,5.63,1.95,0.35,0.13,0.479,8.6,20.8,32.1,26.9,25.4,23.5,24.2,1973,71.3,3764,36115,8,145,50,26.3,23.9,23.3,6.6,3.7,6.3,0.7,9.2,906,21,28,30.2,7.4,3.4,1.5,6.5,1.8,0e32aa32-71c5-4e94-a34d-9fe40d2c5351,0.006336589,0.498889963
383,51260,Busselton,1454.0509,https://linked.data.gov.au/dataset/asgsed3/LGA2021/51260,20047,41,1147.4,44886,57234,69.2,4788,49,113.7,11511,23756,10.1,16564,50,202.2,192,12207,17.9,611,60,16.5,18509,27068,1.5,24180,46,1445.5,45484,59782,5.65,2.03,0.36,0.13,0.488,7.3,20.6,32.5,28.5,27.9,21.8,21.8,3453,185.9,5623,53828,,211,43,25.5,25.4,24.2,6.8,4.4,5.7,0.5,7.5,949,16.9,28.4,31.2,7.1,3.4,1.4,9.6,1.9,1262dfdf-9e77-4fa7-a3bd-d02af61fa9e3,0.14143352,2.487946453
384,51310,Cambridge,21.9555,https://linked.data.gov.au/dataset/asgsed3/LGA2021/51310,15096,42,1592.6,68903,105501,64.7,2774,50,204.5,15600,73703,6.7,15507,49,433.8,1484,27973,25.4,488,71,18.1,31592,37103,1.7,18935,47,2216.6,71303,117065,7.68,2.34,0.3,0.12,0.572,11.4,29.1,42,22.3,17.9,17,42.8,4655,363.3,6507,78056,,42,22,17.7,15.9,22.8,11.3,19.3,8.3,0.3,4.4,1763,7.9,15.3,28.9,21.3,17.8,1.3,6.4,1,f03f521d-28b6-40ab-80cc-8972ef1f497e,0.00209394,0.292830218
385,51330,Canning,64.8791,https://linked.data.gov.au/dataset/asgsed3/LGA2021/51330,51519,37,3227.8,50996,62653,77.7,8525,39,167.9,10129,19697,7.4,38866,43,213.1,85,5484,12.5,1098,63,31.3,21944,28499,1.4,58121,40,3525.9,47203,60664,5.91,2.01,0.34,0.13,0.481,6.8,19.7,31.5,29.2,25,22.5,23.3,7141,183.3,2251,25668,8,188,57,23.5,21.4,26,7.6,4.3,11.2,0.7,5.3,1068,15.2,25.4,35.7,9.7,3.5,1.9,7.5,1.1,4540f58a-7779-40a2-a5f6-cdfccdb673d1,0.006194323,0.492120142
386,51400,Capel,557.8983,https://linked.data.gov.au/dataset/asgsed3/LGA2021/51400,9846,41,673.4,57001,68392,81.2,1471,50,38.7,8317,26319,6.3,6588,47,52.1,48,7914,10.7,214,54,5.9,13366,27474,1.1,10727,44,750.1,56627,69927,5.31,1.93,0.36,0.15,0.455,6.8,18.3,29.4,23.1,23.4,23.4,30.1,1083,29.2,3878,26963,,74,11,22.4,21.6,26.2,9.6,4.6,8.3,0.9,6.4,1125,14.1,22.2,36.6,9.9,3.6,1.2,11,1.4,7cf94235-9f76-41a1-898c-78db29bf5205,0.054151394,1.197588925
387,51470,Carnamah,2870.9316,https://linked.data.gov.au/dataset/asgsed3/LGA2021/51470,303,41,15.2,43492,50300,65.4,105,55,-1,4485,-9924,11.2,267,51,3.5,959,12936,20.7,,,,,,,369,49,17,47145,46145,5.61,1.82,0.33,0.08,0.75,,19.8,33.8,28.6,25.1,25.9,20.4,37,3.5,8186,94619,,,,27.7,22.2,21.8,4,3.8,4,0.6,16.7,833,24.7,25.6,27.9,5,4.1,1.8,12.3,4.6,ab7fa168-23a9-4d37-aa11-902878949cdb,0.267821468,3.538338077
388,51540,Carnarvon,46574.705,https://linked.data.gov.au/dataset/asgsed3/LGA2021/51540,2924,38,147.6,39961,50480,77.5,589,51,20.2,19555,34260,11.8,1727,48,11.8,90,6860,8.9,73,57,1.2,9667,16318,1.4,2907,44,168.5,48014,57970,4.7,1.9,0.4,0.18,0.439,4.6,16.5,28,25.5,28.2,25.1,21.2,161,7.8,2601,48424,,11,,21,22.1,23.2,6.1,2.9,4.7,0.9,19,957,20.5,24.4,29.6,8.1,3.8,1.6,8.4,3.6,b8478c1c-59f4-42ce-8d9d-49812da21b83,4.144158805,15.03381389
389,51610,Chapman Valley,3981.3333,https://linked.data.gov.au/dataset/asgsed3/LGA2021/51610,750,45,48.4,53879,64552,70.1,232,52,3.6,6749,15509,11.4,650,49,9.5,190,14672,16.6,17,57,0.5,12000,28604,1.1,908,47,59.6,56223,65647,6.13,1.91,0.31,0.06,0.515,6.5,18.7,31,27.4,20.6,21.9,30.1,117,7.5,6206,64506,,8,,19.2,17.8,26.3,9.1,4.9,7.2,0.7,14.6,1188,12.6,22.5,34.2,11.1,4,2,12.3,2.8,319f9227-0620-4f41-b591-193a5750b30f,0.366327729,3.950163831
390,51680,Chittering,1219.9032,https://linked.data.gov.au/dataset/asgsed3/LGA2021/51680,2917,45,208.3,60055,71399,75,656,54,8.8,9371,13449,9.8,2191,50,17.1,58,7791,12.8,89,58,2.4,17336,27388,1.4,3413,48,228.4,54915,66917,5.72,1.96,0.34,0.13,0.475,5.6,17.7,29.5,25.4,22.3,23.4,28.9,345,22.9,5830,66473,,17,,21.7,20,23.7,8.8,5.4,10.1,0.9,9.6,1157,12.1,22.7,33.9,10.2,4.5,1.6,12.6,1.8,bd8c14ef-9a4b-431b-ac65-e711c5ffd981,0.115658132,1.950677788
391,51710,Christmas Island,136.1356,https://linked.data.gov.au/dataset/asgsed3/LGA2021/51710,,,,,,,,,,,,,,,,,,,,,,,,,,,,,,,,,,,,,,,,,,60,1.7,6098,27986,,,,11.2,10.7,28.3,10.5,3.3,4.8,1.4,30.2,1407,9.5,15.6,44.8,14.9,7.1,1.9,8.8,1.9,cd71ea4d-aa6b-4310-aca2-882aaec8c524,0.011242625,0.689038508
392,51750,Claremont,4.9554,https://linked.data.gov.au/dataset/asgsed3/LGA2021/51750,5195,41,553.9,61468,106614,57.7,1067,53,67.5,12853,63240,6.3,5851,52,218.1,2867,37282,31.1,229,78,13.2,32815,57812,2.2,7085,49,838.2,63416,118300,8.94,2.57,0.29,0.11,0.623,15.4,34.3,47.1,25.9,18.6,16.1,39.4,1977,154.5,6588,78164,,18,8,17.4,16.4,23.3,10.5,16.8,8.7,0.5,6.4,1583,10.1,17,29.2,17.8,17.1,1.7,5.8,1.4,629897a5-3120-49af-8021-5f9eabbffe8f,0.000472855,0.118160723
393,51820,Cockburn,167.9415,https://linked.data.gov.au/dataset/asgsed3/LGA2021/51820,65520,38,4581.4,60003,69924,82.8,8568,44,202.3,11757,23608,6.1,44450,43,264.9,50,5959,9.2,1295,58,35.2,15467,27178,1.1,70592,40,4911.9,58423,69581,4.61,1.82,0.39,0.18,0.431,5.9,17.4,28.2,21.5,23.4,25.7,29.4,7678,234.9,2504,30596,8,231,73,21.4,20,29.2,10,5,8.1,0.6,5.7,1199,13.3,21.5,38.5,12.3,4.2,1.4,7.6,1.2,edea7f85-db5d-44a3-9001-9e5e6e66d8a4,0.016047429,0.950975634
394,51860,Cocos Islands,13.7258,https://linked.data.gov.au/dataset/asgsed3/LGA2021/51860,,,,,,,,,,,,,,,,,,,,,,,,,,,,,,,,,,,,,,,,,,,,,,,,,21,26.8,20.3,6,2.1,6.4,0.6,18,1066,11.5,27,33.6,8.2,6.6,,15.6,3.3,497eee6f-0da6-49d3-b8c7-df1985a9d2e6,0.001139912,1.163430993
395,51890,Collie,1709.815,https://linked.data.gov.au/dataset/asgsed3/LGA2021/51890,3995,42,275.4,57902,68935,80.4,445,53,3.9,2255,8795,3.2,2644,51,13.5,99,5117,13.8,136,58,3.4,16187,25061,2.2,4389,46,283.4,51443,64560,7.42,2.19,0.3,0.08,0.471,4.7,15.9,27.4,28.4,22.2,18.3,31.1,375,10,2686,26694,,34,,31.4,20.2,18.9,7.8,3.1,8.3,1,9.4,813,26.6,25.4,26.9,7.4,1.9,1.9,7.4,2.6,d4ea3b07-3db1-456f-b66e-07917a261dd7,0.165494681,2.641568825
396,51960,Coolgardie,30297.6977,https://linked.data.gov.au/dataset/asgsed3/LGA2021/51960,1658,43,135.4,72379,81689,91.2,85,53,0.4,1610,4936,2.4,851,47,1.1,20,1254,4.5,51,51,0.7,9799,14608,1.5,1626,44,131.1,70809,80619,5.16,1.87,0.36,0.15,0.415,4.1,14,24.5,20.1,18.5,20.4,41,75,1,2714,13212,,,,17.4,12.3,18,11.6,6.5,8.4,1,24.6,1205,17.9,16.5,29.5,13.9,7.5,2,9,2.8,f9d04118-b895-4cbf-a8c7-7687c239ec89,2.866965415,7.908846372
397,52030,Coorow,4189.8721,https://linked.data.gov.au/dataset/asgsed3/LGA2021/52030,439,44,24.8,47150,56425,59.1,152,56,-2,6155,-13098,12.8,411,56,6.9,1060,16772,25.9,19,57,0.4,9990,20572,1.7,583,54,28.7,44036,49155,10,2.19,0.22,0.03,0.708,4.4,19.7,33.7,32.2,23.3,21.7,22.8,82,2.3,5135,28287,,12,,26.6,19.1,19.7,5.6,2.7,7.4,2.2,15.2,700,24.2,29.2,21.3,6.9,4.8,4.1,7.9,2.9,d83da977-d3d3-479d-abdf-037ec62e0b3e,0.391819006,4.225005417
398,52100,Corrigin,2681.271,https://linked.data.gov.au/dataset/asgsed3/LGA2021/52100,494,40,23.9,41405,48410,54,279,52,13.9,37663,49989,26.2,535,53,7,810,13139,18.9,7,40,0.1,2085,9695,0.4,703,49,43.6,50418,62049,5.08,2,0.39,0.1,0.495,6.1,19.4,31.2,25.6,26.2,22.1,26.1,93,4.8,4119,51764,,9,,23.9,23.8,29.3,6.6,3.1,4,1.9,6.7,927,18.2,28.6,29.9,6.8,4.1,1.8,7.8,1,2217e9dd-3d13-4b3a-b0e4-66ab06ca4fc6,0.256884292,2.746803712
399,52170,Cottesloe ,3.8564,https://linked.data.gov.au/dataset/asgsed3/LGA2021/52170,4241,40,494.3,66069,116552,54.8,1023,53,95.7,19878,93536,8.5,4814,51,1497.4,4681,311055,33.3,121,75,6.2,32070,51607,1.2,5689,49,2103.1,76983,369687,8.47,2.45,0.29,0.13,0.861,68.1,76,81.1,22,16.2,16.5,45.3,1649,320,11308,194048,,11,,16.1,12.6,22,10.9,24.2,8.1,0.3,5.9,2050,7.9,11.6,23.2,21.2,25.9,1.8,7.4,1.2,d5076d7e-0e56-4d23-a420-57a0381d2f24,0.000368,0.099863897
400,52240,Cranbrook,3276.0464,https://linked.data.gov.au/dataset/asgsed3/LGA2021/52240,455,42,20.5,37691,44969,52.3,280,54,15.7,32515,56078,29.3,472,52,4.4,711,9374,16.5,11,55,0.3,22690,28193,1.1,663,48,39.4,43592,59441,6.9,2.15,0.31,0.05,0.54,6.6,22,35.1,29.2,27.5,21.3,21.9,68,1.8,2428,25854,,,,25.5,22.1,25.3,4.4,4.1,5.2,1.4,13,900,20.2,27.2,28.6,7.2,4.4,1.7,8.4,4.4,30f11cb9-17a2-4025-823f-5039513e7b99,0.320862781,4.039389763
401,52310,Cuballing,1195.3369,https://linked.data.gov.au/dataset/asgsed3/LGA2021/52310,403,47,20.9,43277,51979,64.2,175,53,5.2,5200,29787,17.6,348,52,3.7,761,10557,15.9,15,59,0.5,28722,30884,1.8,511,50,29,43251,56806,6.89,2.02,0.29,0.06,0.541,7.4,23.1,35.5,31.9,26.2,22.3,19.6,54,0.8,1798,14047,,9,,28.6,25.1,23,4.4,3,4.9,2.1,9.7,803,24,27.9,24.5,5.8,2.2,0.8,12.8,1.9,2f19bfeb-c98d-42b1-bd5c-384b0fb2359a,0.114994269,1.791730225
402,52380,Cue,13582.1956,https://linked.data.gov.au/dataset/asgsed3/LGA2021/52380,87,47,4.9,45115,56079,72.5,22,61,-0.1,1536,-5612,5.9,55,62,0.2,114,3340,18.6,3,62,0.1,17914,17962,2.9,99,55,4.4,37750,44295,,,,,0.573,,18.5,32.9,38.2,24.5,23.5,13.7,,,,,,,,24.4,11.5,23.4,12.9,12.4,1.4,1.4,15.3,545,35.7,14.3,25.7,7.1,,,4.3,5.7,b7dfeedd-0d75-4b24-beb2-ed767a7cccf0,1.23837616,6.866462956
403,52450,Cunderdin,1862.4457,https://linked.data.gov.au/dataset/asgsed3/LGA2021/52450,561,39,31.6,50995,56271,61.8,230,51,9.7,22465,42235,17.7,516,46,7.5,329,14608,19.3,11,48,0.4,10000,32005,0.7,722,44,47.2,55539,65398,4.98,1.81,0.36,0.11,0.468,5.9,18.1,29.7,22.9,24.1,25.1,28,86,7.1,6219,82188,,,,22.5,21.9,24.3,6.2,2.9,10.6,0.9,11.2,987,16.3,27.3,36.5,4.9,3.4,1.6,9.2,3.8,90d343bd-eb8f-42f7-817b-c039b0308273,0.176994158,2.29971128
404,52520,Dalwallinu,7224.3566,https://linked.data.gov.au/dataset/asgsed3/LGA2021/52520,766,37,40.2,48442,52493,63.6,289,54,6.5,15529,22488,16.3,666,48,17.4,572,26195,19.3,11,57,0.3,10431,29522,0.6,974,43,63.5,54650,65221,5.81,1.87,0.32,0.1,0.573,5.9,21.6,35.1,25.3,22.6,26.4,25.7,84,7.3,7614,86636,,,,13.7,20.5,30.3,6.7,5.3,5.6,1,17.4,1180,9.5,24.4,37.4,8.4,3.9,1.6,8.6,1.9,c20b6a7b-0d52-40ba-bdf6-b50fbec2e9a4,0.676286787,5.139607627
405,52590,Dandaragan,6711.5721,https://linked.data.gov.au/dataset/asgsed3/LGA2021/52590,1737,41,96.8,41948,55708,63.3,575,56,14.3,15712,24808,14.5,1498,55,20.3,422,13564,20.6,48,55,1.1,10059,21913,1.3,2158,50,126,43380,58407,6.47,2.24,0.35,0.09,0.542,7.3,20.5,33.3,30,27.3,19.7,23,299,9.9,4855,33137,5,19,,26.4,22.9,21.3,7,3.8,6.2,0.9,11.8,881,21.7,25.5,26.7,8.1,2.5,2.8,10.8,1.9,2f58821f-ac4e-4945-926f-64a5b7312c88,0.630895133,4.188191071
406,52660,Dardanup,525.8017,https://linked.data.gov.au/dataset/asgsed3/LGA2021/52660,7527,40,507.1,56893,67373,80.2,1119,50,18.3,7798,16366,6,5214,47,107.4,72,20605,11.7,182,59,4.9,19889,27080,1.4,8435,43,601.9,54514,71354,5.28,1.92,0.36,0.14,0.506,15.1,25.3,35.5,24.5,23.6,24.2,27.6,867,20.8,3729,23977,,78,15,24.2,22.8,24.8,8.9,4,7.7,0.7,7.1,1047,15.7,25.7,35,9.1,2.9,1.3,9.1,1.4,3c99c813-ac26-4a83-95ba-c5e2efbecf5e,0.050968407,1.698969138
407,52730,Denmark,1859.8487,https://linked.data.gov.au/dataset/asgsed3/LGA2021/52730,2642,45,134.5,37374,50919,59.3,1135,54,18.5,7505,16280,15.6,2633,55,21.8,302,8289,21.4,120,60,3.1,20260,26166,2.3,3581,52,175.1,34822,48886,7.69,2.24,0.29,0.08,0.54,8.2,22.9,35.5,38.4,28,17.3,16.3,531,22.8,4983,42875,,35,,29.5,24.2,20.5,4.8,3.5,6.5,0.8,10.2,769,24,31.1,23.5,5.4,3,1.6,9.8,1.6,07debd8a-610b-47e3-8775-d0027119381c,0.183404547,2.946848227
408,52800,Derby-West Kimberley,119730.9696,https://linked.data.gov.au/dataset/asgsed3/LGA2021/52800,3247,38,174.7,43456,53813,91.9,201,49,3.9,8083,19224,2.5,1257,44,4.9,32,3936,4.4,57,51,0.9,9222,15599,0.9,2875,39,172.8,52365,60092,5.7,1.85,0.32,0.13,0.443,5.2,16.3,27.3,27.3,22.7,25.5,24.5,94,2.4,1816,25582,,,,36.1,11.8,17.5,5,1.6,4.5,0.8,22.6,770,32.6,15.6,25.4,9.4,2.9,0.8,9.3,3.6,bf904769-9898-444b-8de7-32bf860b412c,10.20401701,48.07541184
409,52870,Donnybrook-Balingup,1559.856,https://linked.data.gov.au/dataset/asgsed3/LGA2021/52870,3169,43,181.2,43752,57193,71.1,897,55,4.3,1000,4754,9.4,2388,53,18,165,7519,16.5,96,62,2.9,19575,30491,1.7,3594,49,196.6,41906,54713,8.43,2.28,0.27,0.07,0.515,4.9,17.9,30.4,33.3,24.5,18.5,23.7,424,14.6,3273,34351,,26,,29.2,22.6,20.9,7.4,3.6,7.9,0.8,7.4,860,20.6,29.1,26.4,8.5,3,1.9,9,2,37cecaea-83d5-494d-a401-1bc35a267ed9,0.151641108,2.429244748
410,52940,Dowerin,1863.0851,https://linked.data.gov.au/dataset/asgsed3/LGA2021/52940,288,42,13.6,39348,47224,50,199,49,9,26604,45062,32.3,302,49,4,634,13206,16.8,3,46,,716,13290,0.5,435,47,25.8,47822,59272,9.08,2.11,0.23,0.06,0.526,,18.6,31.8,31.1,23,20.7,25.1,63,2.3,5466,36223,,7,,23.9,25.9,21.5,7,4.5,4.7,,11.5,864,23.4,27.7,26.6,4.6,3.5,,9.2,5,f1686a49-f839-4b35-8d61-2c5eeabdca32,0.176149512,2.425736291
411,53010,Dumbleyung,2539.2249,https://linked.data.gov.au/dataset/asgsed3/LGA2021/53010,293,36,12.4,36646,42458,50.6,227,49,7.7,15380,33799,27.3,346,48,4.2,828,12246,21,7,47,0.1,1501,10204,0.9,444,46,24,45220,54121,8.48,2,0.24,0.03,0.571,,20.8,34,33.6,24.4,20.3,21.7,57,1.4,1900,24729,,,,19.4,21.7,25.6,4.3,3,3.9,1.5,19.8,888,17.9,26.4,30.2,5.1,5.1,1.3,8.5,4.3,31453601-1ef4-4823-a8b9-7f641573f47a,0.245610973,3.053619111
412,53080,Dundas,92886.3668,https://linked.data.gov.au/dataset/asgsed3/LGA2021/53080,329,48,17.2,43542,52255,85.5,23,59,0.1,63,2973,3.4,141,56,0.4,33,2997,7.8,6,59,0.7,49383,119539,3,299,51,17.6,48504,58876,5.28,1.95,0.37,0.11,0.466,,16.1,28.4,28,26.4,22.6,23,,,,,,,,27.2,21.3,16.2,5,2.3,4,0.7,22.7,646,32.6,24.8,17.4,5,3.1,1.9,11.2,6.6,5df74afc-bda8-4ec1-b19b-5487c92f299d,8.866621993,21.20592293
413,53150,East Fremantle,3.1384,https://linked.data.gov.au/dataset/asgsed3/LGA2021/53150,4124,44,383.4,64924,92975,68.1,755,51,28.5,9845,37754,6.4,3936,50,90.2,877,22907,22.6,120,66,4.1,27532,34410,1.5,4960,48,496.4,66721,100078,7.21,2.13,0.3,0.13,0.551,10.7,27.3,39.6,24.1,18.2,18,39.7,1016,52.2,4752,51392,,13,6,19.4,17.3,23.6,10.6,14.4,7.5,0.5,6.8,1471,11,18.3,29.7,18.6,13,1.7,7,0.9,192e2cbe-7dcb-46bb-9a56-6a19ad6aa61e,0.000299659,0.076904471
414,53220,East Pilbara,372295.6721,https://linked.data.gov.au/dataset/asgsed3/LGA2021/53220,3482,36,286.3,72330,82237,95.4,181,43,2.4,3340,13201,1.6,,,,,,,34,43,1,10000,30230,0.4,2949,37,268.3,81605,90985,4.63,1.78,0.38,0.19,0.388,3.6,13.2,23.3,16.2,15.9,21.4,46.5,228,6.9,2885,30140,,,,10.9,6.1,22.1,16.6,13,3.3,0.6,27.3,1717,11.9,8.9,34.7,21.8,11.3,0.9,8.3,2.2,33388ea3-95d1-44c1-b779-8abacaaa3eed,32.52356941,33.73796988
415,53290,Esperance,44797.5456,https://linked.data.gov.au/dataset/asgsed3/LGA2021/53290,7130,40,400.2,46780,56132,71,1875,52,41.8,13041,22272,11.7,5519,50,67.5,207,12226,15.7,148,56,3,10000,20339,1.1,8383,45,493.4,48532,58853,5.85,1.97,0.34,0.12,0.52,6.4,19.5,31.6,28,25.6,22.7,23.7,919,44.3,4139,48178,,42,9,22.7,21.4,24.7,7.6,4.3,5.9,1,12.4,1002,17.2,24.9,32,7.7,4.2,1.6,10,2.5,4e509951-1044-4304-9bda-226bfbe64fb3,4.333388553,17.41976719
416,53360,Exmouth,6488.2097,https://linked.data.gov.au/dataset/asgsed3/LGA2021/53360,1832,37,108.3,44802,59105,81.7,308,43,5.9,7889,19155,7.1,1223,42,13.5,82,11032,9.5,42,52,1.1,9999,25218,1.2,1863,40,123.4,49741,66233,4.87,2.13,0.44,0.22,0.467,7.3,19.5,31.1,23.3,29,20.5,27.2,216,7.4,4012,34102,,7,,17,24.7,30.1,8.2,4.5,4.1,0.6,11.6,1212,10.5,20.7,34.9,10.5,4.6,1.2,14.4,3.6,569ca571-ce56-44bb-a263-51cab5c36ea8,0.569512863,7.009584962
417,53430,Fremantle,19.2892,https://linked.data.gov.au/dataset/asgsed3/LGA2021/53430,17919,39,1352.3,58019,75465,73.4,3453,48,112.7,10621,32639,8,14248,47,213.7,258,15000,15.6,505,61,15.8,19078,31297,1.6,20073,44,1624,58603,80904,6.17,2.03,0.33,0.14,0.51,10.2,24.1,35.5,24.8,21.1,20.6,33.5,3205,204.8,3531,63887,,82,22,22.2,18.3,25.2,10.8,9.1,5.9,0.5,7.9,1267,15.7,19.3,30.2,14.7,9.9,1.8,6.9,1.5,cc157699-7ae5-49ca-84d9-d027c4997e86,0.001841997,0.425229098
418,53570,Gingin,3208.3585,https://linked.data.gov.au/dataset/asgsed3/LGA2021/53570,2813,39,151,39518,53676,68.3,744,54,15.8,11211,21244,13.5,1918,53,20.9,120,10891,15.5,73,57,1.4,13176,19320,1.7,3124,48,176,40881,56336,6.36,2.17,0.34,0.1,0.511,6.9,20.6,33.2,31.6,28.5,19.1,20.8,324,21.1,6217,65089,,56,9,27.1,22.9,20.5,6,4,8.3,0.8,10.5,858,22.3,24.8,27.2,5.6,3.3,2.2,11.5,3.2,c5b5f129-1382-41e6-ba0d-83f8ae9abfda,0.30360514,2.646227609
419,53640,Gnowangerup,4265.0423,https://linked.data.gov.au/dataset/asgsed3/LGA2021/53640,609,36,28.7,40023,47094,56.8,312,51,18.9,35438,60733,24.9,555,47,8.9,865,16078,16.4,19,37,0.3,4656,17909,1.5,776,45,54.2,56240,69801,6.3,1.89,0.3,0.13,0.474,5.4,19.4,31.5,25.5,20.9,25.4,28.1,96,5.1,1725,53438,,,,22.4,17.1,31.2,6.4,5.3,7.4,0.8,9.6,1009,16.9,25.2,29.3,10.3,4.6,1.8,8.5,2.5,28c536be-543d-48e0-a885-38ed104e9f9f,0.416500074,3.644858883
420,53710,Goomalling,1835.4294,https://linked.data.gov.au/dataset/asgsed3/LGA2021/53710,407,44,21.4,44892,52649,56.1,213,54,6.8,19049,31766,23.4,409,52,4.7,440,11373,19.1,6,47,0.2,9965,37037,1.1,561,49,32.1,43895,57173,5.39,2.08,0.39,0.11,0.503,4.4,19.4,31.7,28.5,28.2,21.7,21.6,70,1.6,3922,22643,,,,23.4,25.8,22.2,4.5,3.3,4.4,1.5,14.5,817,20.9,29.2,27.7,6,3.9,2.3,9.1,3.4,8266cb44-6f3a-477c-830d-4b0255fb4bc5,0.173777692,2.280035997
421,53780,Gosnells,127.2976,https://linked.data.gov.au/dataset/asgsed3/LGA2021/53780,63246,38,3879.9,54072,61346,82.5,9094,40,173.5,11520,19082,7.3,39316,43,117.8,34,2996,8,1350,57,32.4,12800,24026,1.3,68811,40,4071.6,51269,59171,4.61,1.77,0.38,0.16,0.427,5.1,16.6,27.6,25.1,26,27.4,21.5,5396,108,2064,20019,10,281,90,24.1,21.9,26.2,6.1,2.6,11,0.8,7.3,967,17,28.6,34.7,7.3,1.8,1.8,7.4,1.4,7e034458-5370-4b22-bb51-4353a7b3ab14,0.012157703,0.577662786
422,53800,Greater Geraldton,9909.0002,https://linked.data.gov.au/dataset/asgsed3/LGA2021/53800,19961,41,1271.7,54035,63707,79.2,2907,51,70.7,12122,24330,6.6,13874,49,141.1,74,10173,12.2,504,55,11.5,10000,22775,1.4,22111,45,1445,53684,65352,5.14,1.91,0.37,0.16,0.453,6.2,17.8,28.9,24.1,24.8,23.3,27.7,2090,81.5,3062,38991,,145,42,24.2,21.5,24.5,7.9,3.6,6.4,0.8,11.1,989,18.3,25,32.1,8.8,3.2,1.7,9.2,1.8,2f623adb-0b63-4c67-8d85-fb53cfd0e027,0.913765583,8.981098801
423,53920,Halls Creek,133045.9733,https://linked.data.gov.au/dataset/asgsed3/LGA2021/53920,1196,36,49.9,29102,41741,94.4,42,51,2.2,12447,51590,2.5,302,39,1.7,18,5508,2.2,10,51,0.1,9639,7716,0.8,871,37,48.5,45788,55694,6.37,1.94,0.3,0.11,0.468,6.5,18.2,29.7,30.4,26.5,22.5,20.7,26,0.2,1603,9399,,,,46.2,12,12.4,3.6,1.4,5.5,1.4,17.7,519,40,17.5,17.4,5.8,1.4,0.6,9.9,6.8,33b805bf-14d3-4d59-8ecd-16f726110f8e,11.4258301,19.14596099
424,53990,Harvey,1727.607,https://linked.data.gov.au/dataset/asgsed3/LGA2021/53990,14991,41,1020.9,56513,68102,80.4,2138,50,34.4,6808,16108,5.6,10376,48,73.6,75,7090,11.9,367,58,8.9,12651,24130,1.3,16615,44,1104.7,54178,66486,5.59,1.98,0.35,0.13,0.453,5.2,16.7,28.2,25,23.5,22.2,29.3,1749,45.1,3346,25759,,81,16,24.3,22,24.6,8.8,4.5,8.4,0.8,6.7,1043,15.9,25,33.7,9.4,3.2,1.4,9.7,1.5,c4392747-662f-4b18-ba31-b6be331a8529,0.166875466,2.34692819
425,54060,Irwin,2369.3298,https://linked.data.gov.au/dataset/asgsed3/LGA2021/54060,1604,45,99.9,48533,62307,67.2,413,56,11.9,14938,28715,10.3,1402,54,17.8,336,12697,20.3,46,60,0.8,10169,17800,1.4,1992,51,124.5,47502,62494,6.36,2.17,0.34,0.12,0.488,5.8,18.4,30.7,29.1,24.9,20.4,25.7,273,24.9,5249,91125,,39,7,28.2,20.6,19.4,7.1,3.7,6.8,1.3,12.8,801,22.7,26.7,24.5,6.1,3.3,2.7,10.9,3.4,6682f25d-0d80-40dc-aeeb-52bb47ebec84,0.220072887,2.265147413
426,54130,Jerramungup,6511.1803,https://linked.data.gov.au/dataset/asgsed3/LGA2021/54130,551,36,23.7,35750,42993,56.1,296,51,9.1,16680,30740,23.5,531,49,4.8,384,8953,19.2,,,,,,,747,44,36.1,38949,48350,9.54,2.03,0.21,0.03,0.658,6.6,24,38.9,36.5,25.6,22.3,15.6,106,13.5,1926,127097,,,,18.2,22.9,28,5.9,4.9,7.7,1.2,10.8,929,17.2,29.5,29,7.3,4.5,2.8,9,2.1,a2f4f0d4-4089-4c67-9c4d-a1bcfcdc91bf,0.635914515,5.024505438
427,54170,Joondalup,98.942,https://linked.data.gov.au/dataset/asgsed3/LGA2021/54170,88018,42,6550.6,60190,74423,75.8,12937,48,350.1,13014,27060,6.6,71748,48,655.2,131,9132,14.2,2595,62,77.2,22530,29755,1.7,101529,46,7425.8,57074,73140,5.51,1.95,0.35,0.14,0.474,7.3,20.2,31.7,24,22.6,22.7,30.8,13697,541.7,3629,39546,28,552,122,22.3,19.8,27.1,10.4,7.2,8.3,0.5,4.4,1262,11.5,21.6,36.5,14.4,5.6,1.4,8,1.2,5d2a1872-e69a-4b4b-a998-210e0f62adf9,0.009420864,0.502512968
428,54200,Kalamunda,324.2958,https://linked.data.gov.au/dataset/asgsed3/LGA2021/54200,30922,41,2176.2,59889,70376,77.4,4326,49,92.1,10865,21294,6.2,23158,48,217.7,93,9402,13.5,883,62,26,23631,29401,1.7,35210,45,2416.2,56001,68622,5.06,1.88,0.37,0.15,0.452,6.4,18.4,29.7,23.4,23.5,24.5,28.6,3755,120,3396,31947,11,193,38,22.8,21.2,27,8.7,5.1,8.7,0.7,5.7,1110,13.9,24.8,35.4,10.7,4.2,1.5,8,1.4,4d19c20a-2577-456e-9821-c45350abac32,0.030953554,1.02474409
429,54280,Kalgoorlie-Boulder,95500.292,https://linked.data.gov.au/dataset/asgsed3/LGA2021/54280,18875,38,1482.8,69714,78561,90.4,1326,46,31.1,11159,23454,3.3,10457,42,61.5,25,5877,5.4,263,51,5.3,10000,20286,0.7,18214,39,1497,72217,82189,4.25,1.77,0.42,0.21,0.399,5.2,15,25.2,16.7,19.5,23.5,40.3,1347,41.2,2907,30575,,20,10,14.1,15.6,28.2,14.1,7.7,7,0.8,12.5,1528,9.3,14.1,38.7,18.8,7.4,1.3,8.1,2.2,1af9bc99-fd69-43d0-9d2a-c2b17273a00b,8.999269823,18.86420362
430,54310,Karratha,15238.2934,https://linked.data.gov.au/dataset/asgsed3/LGA2021/54310,13647,37,1304.2,81926,95565,93.2,769,40,15.1,5497,19604,2.1,8691,39,23,12,2650,4.1,135,45,3.7,11737,27581,0.4,12683,38,1257.3,84851,99129,4.34,1.79,0.41,0.2,0.415,5,16.5,26.9,14.6,16.7,20.1,48.6,1397,33.3,3005,23848,,,,9.9,10.7,24.9,15,13.9,6.1,0.7,18.9,1892,4.6,8.8,35.1,26,14.3,0.7,9.1,1.3,791d6dc8-0827-4f4c-bd62-982a92627c24,1.324200166,21.54395777
431,54340,Katanning,1518.1854,https://linked.data.gov.au/dataset/asgsed3/LGA2021/54340,2169,39,104.4,44141,48111,77,418,54,16.2,21042,38711,10.7,1299,50,12,230,9255,10.8,37,58,0.8,13157,22253,1,2324,43,129,47460,55492,4.45,1.82,0.41,0.17,0.427,5.1,16.9,28.1,25.1,32.9,23.2,18.8,173,6.3,3147,36279,,9,,24.7,27.6,22,4.1,2,6.5,1.5,11.3,861,20.7,30.2,29.1,5.8,2.5,1.3,8,2.2,3b2f1a22-c1ef-45a1-9899-1e8f6f3d8931,0.147554405,2.071457781
432,54410,Kellerberrin,1915.433,https://linked.data.gov.au/dataset/asgsed3/LGA2021/54410,491,43,24.8,44223,50446,63.5,176,55,1.9,4993,10779,13.1,431,53,4.9,991,11333,21.5,18,58,0.2,9758,13766,1.5,617,50,30.6,42818,49651,8.57,1.92,0.22,0.08,0.547,5.4,18.9,31.3,33.5,23.9,24.8,17.7,62,3.4,3489,54413,,,,29.7,21.4,19.7,3.8,3,6.6,1.8,13.9,732,27.5,23.2,27.1,3.2,2.8,3.7,7.6,3.9,60aa27cc-785c-4e09-92d6-0447f0f354dc,0.181996848,2.230960266
433,54480,Kent,5624.5818,https://linked.data.gov.au/dataset/asgsed3/LGA2021/54480,216,35,8.4,29160,38887,46.9,148,45,8.8,62169,59237,32.3,225,44,2.7,683,12171,20.1,3,39,,51,5297,0.3,294,43,19.3,57557,65735,5.87,1.72,0.29,0.06,0.594,,22.9,36,27.6,19,27.6,25.9,31,0.8,8276,25735,,,,15.7,13.8,37.3,6.5,4.6,7.3,,13.8,1143,10.3,23,42,5.7,5.2,,9.2,,446748ab-4659-49ec-b7c1-01663795a066,0.546059347,4.610851196
434,54550,Kojonup,2930.9925,https://linked.data.gov.au/dataset/asgsed3/LGA2021/54550,968,37,43.5,39438,44981,53.6,567,53,25.1,20798,44325,23.6,1032,51,16.7,1292,16230,22,24,48,0.2,757,8464,0.3,1378,47,82.6,47828,59969,4.92,1.86,0.38,0.12,0.484,5.1,19.2,31.9,27.7,26.6,25.1,20.7,163,6.5,2642,39688,,7,,21.3,23.4,27.6,6.3,5.9,4.8,0.7,10.5,990,17.2,26.1,31.1,7.7,5.6,1.9,7.7,3.8,afe1f1a9-b61e-4de1-802a-573ee046ab5a,0.285715399,2.877590886
435,54620,Kondinin,7440.8016,https://linked.data.gov.au/dataset/asgsed3/LGA2021/54620,425,41,17.9,35274,42219,52.9,232,52,9.2,26627,39713,25.6,434,50,5.7,665,13140,21,,,,,,,565,47,31.8,46693,56319,6.76,2,0.3,0.11,0.547,5.2,19.6,32.7,32.1,22.2,23.8,21.8,77,5,2817,65334,,,,19.7,23.2,28.2,5.7,3.7,3.3,1,14.5,948,21.9,23.9,30,7.4,4.4,1,11.1,4.7,0c32b6e2-c4ed-400d-aa28-837f5c889578,0.71343409,5.314905998
436,54690,Koorda,2832.313,https://linked.data.gov.au/dataset/asgsed3/LGA2021/54690,158,48,7.8,34134,49145,56.5,97,50,2.5,5145,25879,23.8,160,55,1.2,530,7772,17.5,5,60,0.2,27522,30636,1.8,220,51,10.7,35226,48428,18.36,2.58,0.14,,0.722,,25.2,40.1,39,23.3,15.7,22,,,,,,,,26.2,18.2,27.5,7.6,5,4.3,2.3,5.3,881,26.8,22.3,28,7,5.1,1.9,6.4,3.2,69eb6e61-0258-492b-9bc7-6c15dbfffa4f,0.266376958,2.657037077
437,54760,Kulin,4718.9219,https://linked.data.gov.au/dataset/asgsed3/LGA2021/54760,362,39,15.6,38604,43184,50.4,259,54,8.1,20642,31191,29.3,417,49,4.8,1274,11509,20,,,,,,,514,48,27.3,47241,53163,7.67,1.89,0.25,0.05,0.518,4.7,17.2,29.9,32,23.8,23.3,20.9,71,5.2,1743,73299,,,,18.8,19.2,31.7,6.6,4.5,5.8,0.5,13.9,1184,13.7,18.1,34.8,9.3,7.4,3.3,11.9,4.4,d95c2ec5-bdb2-4426-8c47-a56efeec445b,0.453882442,5.147423266
438,54830,Kwinana,120.0123,https://linked.data.gov.au/dataset/asgsed3/LGA2021/54830,23143,37,1496.4,58595,64660,87.6,2608,39,47.6,9663,18265,5.3,12156,39,30.8,16,2530,5.2,505,46,11,10000,21744,1.2,24005,38,1531.8,57280,63813,4.06,1.7,0.42,0.2,0.395,4.3,14.9,25.4,20.8,24.2,29.8,25.2,1609,27.4,1497,17008,,121,20,22,21.1,27.9,7,2.8,8.8,0.9,9.5,1038,15.4,26.1,37,7.9,1.9,1.2,9.2,1.4,89205e75-ce6f-4b9d-a14a-ec055acb2909,0.011481733,0.49482197
439,54900,Lake Grace,11886.3198,https://linked.data.gov.au/dataset/asgsed3/LGA2021/54900,658,36,31.9,42705,48520,54.4,401,53,7.5,10764,18610,23.1,703,49,11.9,639,16900,21.4,12,56,0.4,9405,32379,0.6,943,45,49.7,43486,52686,10.24,2.1,0.21,0.01,0.651,8.3,23.7,36.2,33.2,23.1,21.2,22.4,110,4.6,5205,41853,,,,15.8,22,32.8,7.3,4.8,5.5,1.8,10.3,1113,10,24.5,35.6,8.7,5.3,2.3,9.4,3.8,680d4304-2d21-4d31-9efe-da0a23e16828,1.14760964,6.428074482
440,54970,Laverton,179993.971,https://linked.data.gov.au/dataset/asgsed3/LGA2021/54970,262,45,15.6,49572,59400,94.2,20,59,0.3,2484,17135,2.2,92,46,0.1,11,827,1.8,4,47,,9739,8947,0.4,222,45,14.6,58577,65705,5.78,1.75,0.3,0.1,0.419,,14.2,24.8,22.7,23.6,24,29.8,,,,,,,,15,6.3,15.9,14.2,6.6,2.2,1.3,38.5,547,42.1,13.1,22.4,8.7,3.3,1.6,6.6,3.3,31752ef7-a32b-4b70-816a-cbeb7cbffa45,16.49714022,21.42764917
441,55040,Leonora,31915.0562,https://linked.data.gov.au/dataset/asgsed3/LGA2021/55040,570,38,44,69000,77203,90.2,56,55,,5735,464,3.8,327,41,0.8,10,2567,4.9,5,57,,7507,6063,0.7,555,40,42.6,69112,76727,3.89,1.78,0.46,0.19,0.395,3.3,12.6,22.9,16.5,19.5,25,39.1,40,1.3,5626,33165,,,,10.8,6.9,23.1,12.8,6.6,3.8,0.5,35.8,1340,14,15,38.2,15.6,4.5,1,10.8,1.6,dfc5292a-191e-4083-9693-848a5b603233,2.933701059,11.35995641
442,55110,Mandurah,174.8968,https://linked.data.gov.au/dataset/asgsed3/LGA2021/55110,40503,42,2794.3,54929,68990,76.1,5453,49,159.3,11230,29218,6.2,28826,51,258.3,61,8960,13.9,1651,59,44.1,18713,26708,2.4,46988,46,3178.1,49706,67637,6.91,2.16,0.31,0.11,0.505,9.6,21.7,33.2,28.6,23.6,20.2,27.7,5163,204.8,4308,39662,46,776,168,29.3,22.3,19.7,7.5,4.4,8.4,0.8,7.4,834,21.6,28.2,26.2,7.5,3.2,2,9,2.1,12f99c28-d9b0-4b3d-a303-747f6c883584,0.016806731,1.336916396
443,55180,Manjimup,7029.6076,https://linked.data.gov.au/dataset/asgsed3/LGA2021/55180,4998,39,236.1,38308,47239,71.9,1409,56,24,7238,17036,12.2,3547,53,32.5,287,9152,14,130,58,2.7,11452,21098,1.4,5480,48,280.7,40438,51224,5.92,1.98,0.33,0.12,0.501,7.5,20.9,32.4,32.9,28.4,22.3,16.4,521,25.3,5188,48618,10,33,8,28.1,27.3,22.4,4.5,1.8,5.6,1.1,9.3,831,22.5,30.6,28.9,4.7,2,1.4,7.3,2.4,0ba34310-d573-4f1c-81ed-9d6ebe2841e1,0.690463642,5.219548843
444,55250,Meekatharra,100188.5478,https://linked.data.gov.au/dataset/asgsed3/LGA2021/55250,402,42,22.1,45542,55050,83.1,57,53,0.9,7875,15645,7.1,198,51,1.4,60,7205,8.1,9,54,0.2,9989,18769,1.3,396,46,23.4,48463,59128,4.59,1.85,0.4,0.14,0.458,,16.9,28.6,25,27.3,25.8,22,,,,,,,,18.1,11.4,20.5,10.2,4.1,4.5,0.8,30.1,742,24.6,19.6,21,10.1,1.8,2.5,9.4,11.2,1d150405-4e31-4440-8557-ca7372427cbc,8.97087135,16.15417674
445,55320,Melville,52.8505,https://linked.data.gov.au/dataset/asgsed3/LGA2021/55320,53180,41,4286.2,60858,80599,69.2,8443,48,316.4,11676,37469,6.1,50481,49,833.7,522,16516,21.3,1783,68,61.8,27735,34663,1.8,65328,46,5344.7,56643,81813,6.97,2.13,0.31,0.11,0.533,10.6,25.3,37.2,26.7,20.5,19.9,32.9,12360,596.9,3986,48291,21,325,95,22.5,18.9,24.7,10.3,9.7,8.6,0.5,4.9,1285,13.2,20.8,32.9,15.5,8.4,1.7,6.2,1.2,de5c48bc-71a0-4327-b225-f5dcd435a71f,0.005046495,0.42488034
446,55390,Menzies,124115.424,https://linked.data.gov.au/dataset/asgsed3/LGA2021/55390,55,51,3.2,50670,58555,75.8,6,61,,18190,4128,8.1,31,57,0.3,17,9262,11.3,7,59,0.1,14667,18001,4.8,65,55,3.6,42888,56114,,,,,,,,,32.3,24.2,19.4,24.2,,,,,,,,13.6,6.3,19.5,15.2,12.2,0.8,0.6,32.9,725,22.7,24.2,19.7,9.1,,,13.6,,da2f1ab9-6ef5-42ee-b870-3db5e2f32351,11.55463317,25.72997421
447,55460,Merredin,3293.7824,https://linked.data.gov.au/dataset/asgsed3/LGA2021/55460,1604,39,88.1,47106,54902,73.2,347,53,10.4,12980,29959,10.9,1096,49,11.1,228,10109,14.5,41,54,0.9,9761,21099,1,1728,44,103.2,50077,59727,5.91,1.93,0.33,0.12,0.459,4.7,16.4,28,26.9,25.5,22.1,25.5,163,5,4376,30478,,7,,24,22.5,24.4,6.5,3.2,5.6,0.9,13.5,934,20.9,26.2,32.2,6.5,3,1.4,7.1,2.4,427e20e5-040b-4420-9ab7-26c9c1bb18ab,0.312742076,3.118592503
448,55530,Mingenew,1934.8857,https://linked.data.gov.au/dataset/asgsed3/LGA2021/55530,226,38,12.1,48775,53442,63.5,117,48,3.2,18488,27467,19.8,206,45,3.2,591,15493,16.4,6,51,,7255,7475,0.3,295,45,17.8,54007,60209,5.75,1.93,0.34,0.08,0.587,,18.6,32.1,30,19.5,23.5,27,,,,,,6,,24.2,16.3,23.6,6.6,5.7,3.6,1.2,18.7,966,18.4,19.7,25.2,4.8,6.8,2,8.8,4.8,1554ed2a-735e-47de-b5da-d62c25641dfb,0.179430764,2.081753612
449,55600,Moora,3763.0254,https://linked.data.gov.au/dataset/asgsed3/LGA2021/55600,1204,41,65.1,47198,54068,68.4,376,54,4.6,6777,12112,12.4,942,51,14.2,377,15093,17.7,35,58,0.7,10000,18985,1.2,1379,47,79.8,51570,57839,5.06,1.79,0.35,0.09,0.515,5.7,18.8,30.5,26.2,24.5,26.1,23.2,149,4.9,5532,33116,,11,8,21.7,22.5,26.5,5.7,2.9,5.6,1.4,13.7,987,18.2,23.5,32.8,7.9,2.3,2.7,8.7,2.5,87487850-32c0-46b0-80dd-9a8d3da36496,0.353578498,3.202505311
450,55670,Morawa,3510.5929,https://linked.data.gov.au/dataset/asgsed3/LGA2021/55670,285,43,15.6,50000,54882,67,115,54,5,10329,43837,16.8,230,48,3.1,414,13541,14.5,,,,,,,350,46,23.4,53920,66807,5.97,1.85,0.31,0.07,0.548,,22.6,35.6,27.6,21.3,24.4,26.7,32,3.7,1678,116666,,,,25.3,18.2,20.8,6.3,3.4,6.3,0.6,20,944,19.2,29,32.7,4.7,2.3,,6.1,2.3,b6fde3be-7b67-4070-a91a-6630a129d768,0.325271607,3.103790977
451,55740,Mosman Park,4.3472,https://linked.data.gov.au/dataset/asgsed3/LGA2021/55740,4540,40,449.5,58226,99009,62.3,872,49,53.3,13721,61161,7.2,4494,49,248.6,1687,55319,27.4,126,68,6.7,27859,53241,1.4,5674,47,744.2,63402,131160,8.84,2.58,0.29,0.11,0.651,19.8,39.6,52,25.4,18.6,17.5,38.5,1348,139.1,7450,103195,,18,6,19.9,16.6,21.7,8.9,16.9,8.8,0.6,6.3,1433,13.8,18.2,26.1,16.8,15.5,2,6.4,1.1,4eb752ee-bd0b-4a40-9d80-34101e3fc20a,0.000414971,0.093649894
452,55810,Mount Magnet,13858.1182,https://linked.data.gov.au/dataset/asgsed3/LGA2021/55810,227,46,11.2,34574,49287,82.4,31,57,0.9,13821,29034,7.6,109,50,0.4,62,3840,8.6,,,,,,,207,48,11.3,45776,54783,5.11,1.8,0.35,0.09,0.458,,16.3,29.2,30,22.9,29.5,17.6,,,,,,,,13.7,10.5,10.5,7.5,5.3,4.1,,48.2,833,21.1,27.3,22.7,4.7,7.8,7,9.4,7,6483c0c3-91bb-42ff-80a5-4fe915048d1a,1.274119093,7.312709085
453,55880,Mount Marshall,10184.5937,https://linked.data.gov.au/dataset/asgsed3/LGA2021/55880,190,37,9.1,41209,48113,47.3,167,51,5.2,15705,31208,29,243,49,2.6,923,10547,23,3,39,,21,8583,,320,48,16.3,41244,50823,8.44,2.06,0.24,0.07,0.508,,17.8,29.9,33.8,23.7,24.3,18.3,40,5.2,3451,130266,,,,22.6,20.5,29.6,8.6,2.9,2.9,1.6,10.6,959,19,21.3,27,9.2,5.7,4,11.5,3.4,6fa4ccea-633e-4d44-864c-5f4fa91914c1,0.953966505,5.863658756
454,55950,Mukinbudin,3426.944,https://linked.data.gov.au/dataset/asgsed3/LGA2021/55950,247,40,12.9,45559,52082,53.7,141,58,2.6,6075,18193,19,274,48,3.4,600,12369,25.3,12,58,0.3,12358,25579,1.7,346,47,18.5,46977,53452,10.29,2.06,0.2,0.01,0.625,,19.4,32.8,35.1,20.1,20.1,24.7,42,1.1,538,26839,,,,24,22,23.3,7.8,3.5,6.8,0.7,12,1009,19.5,20.9,30.7,12.1,4.7,2.8,7.9,3.3,0944597c-6dd4-478f-b8f3-0a5848d91336,0.322430261,2.872382062
455,56090,Mundaring,643.2012,https://linked.data.gov.au/dataset/asgsed3/LGA2021/56090,19900,44,1440.7,59923,72398,75.7,3250,52,72.9,10373,22425,7.5,15486,51,139.5,102,9007,13.9,634,60,18.3,19888,28911,1.7,22886,47,1601.4,55293,69971,5.77,1.96,0.34,0.13,0.471,6.6,19.2,30.8,25.1,22.7,22.8,29.5,2571,101.3,4914,39384,,157,24,22.8,19.2,23.8,8.7,5.6,7.7,0.6,11.6,1127,14.5,23.1,33.6,11.4,4.7,1.4,9.8,1.5,9268baab-4eab-4c03-b96d-3f5535d48e3b,0.061320132,1.79718027
456,56160,Murchison,45046.0922,https://linked.data.gov.au/dataset/asgsed3/LGA2021/56160,22,49,1.2,59573,55463,88.9,,,,,,,11,58,,22,-266,5.6,,,,,,,21,57,1.3,64696,59786,,,,,,,,,,,,,,,,,,,,22.2,16.7,27.8,4.2,,4.2,5.6,15.3,1031,25,21.9,40.6,18.8,,,9.4,,7d2bdc59-0af6-4388-8757-36a3691b5b35,4.087379242,13.05392199
457,56230,Murray,1703.4688,https://linked.data.gov.au/dataset/asgsed3/LGA2021/56230,8175,42,574.7,56368,70297,75.8,1299,52,17.6,5913,13584,6.5,5864,51,47.7,70,8127,14.4,315,57,9.3,16800,29624,2.2,9398,46,623.2,50965,66315,7.46,2.27,0.3,0.11,0.483,5.4,17.2,29.1,28.4,22.6,19.2,29.8,1005,32.9,5310,32758,8,149,30,29.3,21.1,19.1,8.3,4.2,7.9,1.1,9.1,863,21.1,26.4,26.7,7.9,3,1.6,10.9,2.4,b59aed13-a14f-4c83-b113-77ecf887fe12,0.16367716,2.385256961
458,56300,Nannup,3053.9361,https://linked.data.gov.au/dataset/asgsed3/LGA2021/56300,605,48,30.2,38400,49897,61.3,242,57,3.7,9831,15213,16.1,532,58,4,608,7596,19.7,22,61,0.4,15789,19021,2.2,782,53,35.9,33567,45908,6.87,2.17,0.32,0.08,0.527,5.7,20.3,33.4,38.1,29.4,17.7,14.8,105,4.6,4733,43580,,7,,30.8,23.1,18.1,3.9,2.9,7.3,0.7,13.8,749,24.8,32.3,23.8,4.8,2.6,2.3,7.1,2.6,9968a898-10aa-4d74-85a3-68382fddca84,0.298461672,2.789450468
459,56370,Narembeen,3809.0285,https://linked.data.gov.au/dataset/asgsed3/LGA2021/56370,373,37,17.3,36429,46419,53.1,202,55,8.6,23556,42376,24.8,402,53,5.6,991,14026,20.9,12,43,0.3,9000,27283,1.2,509,49,30.7,46841,60331,6.3,2.14,0.34,0.13,0.545,6,21.3,33.7,28.7,26.6,20.7,24,67,1.7,3361,24670,,,,18.1,22.8,28.1,5.5,3.4,3.3,0.9,17.5,1064,13.4,26.3,37.4,8.4,5,1.9,8.8,,8bd4ac3f-9974-4dac-8450-a8b21c8336aa,0.363708351,3.10668632
460,56460,Narrogin,1631.3024,https://linked.data.gov.au/dataset/asgsed3/LGA2021/56460,2295,41,125.9,47501,54842,71.3,538,55,20,17130,37206,11.3,1728,52,21.3,400,12328,16.1,46,54,1.2,10000,25343,0.7,2713,46,161.8,50086,59641,4.86,1.84,0.38,0.14,0.455,5.7,18.1,29.4,25.1,27.5,25.4,21.9,255,13,3638,50934,,15,,23.7,23.1,24,6,2.7,7.2,1.1,12,893,19.5,29.5,28.4,7.6,3.3,1.7,7.1,2.7,6159ddfd-ca0d-4fda-86c3-cd94c10f3de5,0.157387131,2.499167967
461,56580,Nedlands,19.6449,https://linked.data.gov.au/dataset/asgsed3/LGA2021/56580,10954,43,1285,64878,117313,58,2260,52,257.1,17991,113780,6.9,12446,50,597.3,2955,47995,31.2,409,72,18,32902,44043,1.7,14627,49,2150.7,71149,147034,9.81,2.57,0.26,0.1,0.652,19.5,38,51.2,24.8,16.7,14.9,43.6,4014,735,7158,183106,,25,22,18.6,14.6,20.8,10,21.1,9.9,0.4,4.4,1821,8.2,14.9,26,20.4,20.9,1.7,6.9,0.9,58fb8011-27b0-41be-885d-ca1ea39fd5cd,0.001874383,0.313013466
462,56620,Ngaanyatjarraku,159815.9632,https://linked.data.gov.au/dataset/asgsed3/LGA2021/56620,,,,,,,,,,,,,,,,,,,,,,,,,,,,,,,,,,,,,,,,,,,,,,,,,52.8,14.4,6.8,3.2,0.8,4.3,,17.6,556,34.7,25.9,10,6.2,3.2,,10.3,7.4,5d65fdb7-06c8-4c29-a65f-cbaafad1dbcc,14.30671657,15.27708244
463,56730,Northam,1431.2215,https://linked.data.gov.au/dataset/asgsed3/LGA2021/56730,5098,43,313.8,54447,61560,77.9,883,53,19.5,9010,22102,8.1,3255,51,23.3,69,7155,11.4,157,57,3.2,10000,20689,1.9,5569,46,339.1,53600,60890,5.19,1.81,0.35,0.13,0.44,4.6,16.1,27.2,25.5,23.4,26.1,25,414,13.2,4965,31927,,29,,26.9,20,21.8,6.2,2.6,7.1,1,14.5,837,22.7,27.3,28.2,6.9,2.5,1.4,8.5,2.6,ed412fe5-f71e-4176-8bfb-f08a36312eea,0.136137261,2.438896324
464,56790,Northampton,12543.7142,https://linked.data.gov.au/dataset/asgsed3/LGA2021/56790,1362,47,70.7,39486,51944,62.2,496,57,10.6,12275,21360,13.7,1213,55,13.9,501,11422,21.1,60,59,2.3,21721,37592,1.8,1761,52,94.9,40519,53896,7.57,2.25,0.3,0.08,0.547,6.6,20.2,33,32.5,27.9,17.5,22,177,12,4484,68030,,14,,30.6,20.6,19.4,4.2,3.5,5.1,1.4,15.2,763,25.1,28.6,25.2,5,3.1,2.5,8,2.8,c43ed399-5734-4d7d-88c0-c89bcc238d74,1.148211043,5.763567325
465,56860,Nungarin,1166.0245,https://linked.data.gov.au/dataset/asgsed3/LGA2021/56860,97,42,5.1,38865,53064,62,42,55,0.6,1659,13573,12.4,77,46,0.8,309,10020,24,4,35,,6993,6658,1.7,118,46,5.4,31506,45948,,,,,0.634,,19.4,35.1,45.5,16.5,19,19,,,,,,,,22.6,15.7,22.1,4.1,1.4,7.8,,23,741,16.1,34.4,24.7,3.2,,3.2,11.8,3.2,8f6fa415-8b11-49e5-8653-d30d6fc82b83,0.110291741,2.101695254
466,56930,Peppermint Grove,1.0677,https://linked.data.gov.au/dataset/asgsed3/LGA2021/56930,729,41,120.2,55881,164872,42.9,174,56,41.3,24908,237408,7.3,976,53,218,17588,223391,45.2,18,77,1.7,62095,95573,1.1,1109,51,389.3,96244,351014,10.41,2.56,0.25,0.07,0.787,41.7,59.5,70.8,20.9,14,11.2,54,370,114.4,21025,309174,,,,15.7,8.5,18.6,7.2,30.3,13.3,1.2,5.2,2370,5.5,9.6,19.3,19.5,35,1.9,8.4,1,b948aa15-162c-4df8-9184-0a56f1883608,0.000101888,0.049627229
467,57000,Perenjori,8301.3551,https://linked.data.gov.au/dataset/asgsed3/LGA2021/57000,173,39,9.2,47122,53152,56.2,112,55,0.7,14622,6638,24.3,185,51,3.1,769,16926,19.5,,,,,,,248,47,12.1,42245,48745,5.76,2.01,0.35,0.01,0.7,,22.9,35.8,32.3,22.3,26.7,18.7,22,2.4,1936,109059,,,,10.9,12.6,25.3,11.5,6.5,2.8,0.7,31.6,1118,15.1,22.3,38.8,8.6,7.9,,3.6,4.3,af4e07ef-cbab-4ec9-8312-2da41814657d,0.77194001,5.143037341
468,57080,Perth,13.7335,https://linked.data.gov.au/dataset/asgsed3/LGA2021/57080,19576,33,1527.9,51921,78051,80.1,2245,37,67.3,9357,29988,5.1,12685,37,141,125,11114,12.6,322,60,11,21223,34288,1.1,19830,35,1656,54587,83512,7.72,2.23,0.29,0.12,0.557,11,27.4,39.7,28.9,19.7,19.4,31.9,3139,170.2,3343,54214,,14,,17,16.9,26.1,10.8,9.6,8.7,0.5,10.4,1468,10.4,16.5,33.8,16.1,13.8,3.2,5.3,0.9,059e33a1-661f-402c-a284-d2ebe793421e,0.001310166,0.262786909
469,57140,Pingelly,1294.5721,https://linked.data.gov.au/dataset/asgsed3/LGA2021/57140,470,44,21.6,35926,46035,58.4,223,57,5.2,9731,23182,16.4,439,55,7.7,1057,17573,22.8,16,65,0.3,13772,16226,1.8,620,51,33.7,40807,54341,6.27,2.13,0.34,0.09,0.524,6.6,20.6,33,32.6,27.4,19.7,20.2,89,4,5815,45028,,,,32.8,22.4,21.1,5,3.3,6.1,1.6,8.3,686,27.8,28.2,23.4,4.4,1.9,3.9,6.9,3,0257467d-3735-4c8e-8dc0-d5cd2baefd07,0.124247034,2.32147136
470,57210,Plantagenet,4876.682,https://linked.data.gov.au/dataset/asgsed3/LGA2021/57210,2434,44,123.1,44544,50561,66.3,992,55,19.4,7220,19586,15.6,2037,54,16,148,7868,14.9,82,59,2.1,10257,25709,1.7,3090,49,156,41434,50498,6.65,1.9,0.29,0.08,0.521,7.7,21.1,32.8,33.4,26.9,23.7,16,327,18.4,3920,56376,,37,8,28.9,22.8,20.5,4.4,2.8,6.6,1.1,13,755,24.2,30.3,24,4.6,3.4,1.5,8.5,2.7,4c0cc1d3-48d4-4d54-aa04-e4f86235f401,0.479224971,4.701314478
471,57280,Port Hedland,18417.0777,https://linked.data.gov.au/dataset/asgsed3/LGA2021/57280,9939,36,913.2,84767,91883,93.6,565,40,13.9,5716,24674,2.3,5927,38,11.4,15,1929,3.4,129,49,3,10000,23222,0.5,9041,37,876.2,89365,96910,4.05,1.7,0.42,0.2,0.377,3.8,13.3,23.2,14,14.8,20.1,51,887,27.1,3355,30522,,,,10.6,10,25.9,16,12.5,6.5,1.1,17.5,1845,6.5,8.8,33.4,24.5,14.3,1.2,8.8,2.4,9c2f4dbb-a8b3-4a4d-afdc-443054aaebd4,1.599237708,12.83424146
472,57350,Quairading,2016.9268,https://linked.data.gov.au/dataset/asgsed3/LGA2021/57350,341,44,16.4,41493,48158,50.7,204,57,12.6,30620,61824,24.4,385,56,6.6,1890,17013,21.7,23,55,0.7,9932,30896,2.9,518,52,35.7,52016,68866,6.77,1.99,0.29,0.1,0.522,5.9,20.9,35,28.8,21.5,22.8,26.9,93,3.3,4496,35686,,,,25.4,16.9,17.4,3.2,3.6,5.4,0.7,26.7,744,23,29.7,23,5.4,5.1,2.9,8.3,4.5,f6eb3f44-9d5e-432c-85d8-a7b02ef08a57,0.192501055,2.553537913
473,57420,Ravensthorpe,9841.7504,https://linked.data.gov.au/dataset/asgsed3/LGA2021/57420,897,38,50,43782,55757,66.2,294,56,3.5,3363,11739,12.6,708,49,6.7,238,9410,18.6,19,58,0.4,17914,23118,1.2,1067,47,56.3,41225,52741,10.71,2.24,0.21,0.02,0.594,6.2,19.9,32.8,36.7,20.7,18.8,23.9,120,2.4,5395,19600,,10,,22.9,16.4,24.3,11.6,6.3,6.1,0.6,11.6,1080,19.2,21.1,29.6,10.8,6.4,1.7,8.8,2.8,6a634ad9-c617-4f92-b6e5-ae84a36eb0a3,0.956190105,5.495430856
474,57490,Rockingham,257.4979,https://linked.data.gov.au/dataset/asgsed3/LGA2021/57490,70018,39,4901,59991,69997,84.7,7544,44,152.7,10298,20247,5,42467,45,131.8,23,3103,7.4,2582,57,73,21010,28276,2,74684,41,5101.1,57170,68303,4.94,1.89,0.38,0.17,0.432,4.9,16.2,27.4,22.5,23.5,24.4,29.6,6239,159.1,2723,25504,45,646,141,23.2,20.7,25.6,9,4.3,9.1,0.8,7.3,1051,15.5,24.9,34.3,9.4,2.8,1.4,10.1,1.6,73c0da26-621a-438e-ac8d-f81eb5c4c9ac,0.024666136,1.185952692
475,57630,Sandstone,32605.2912,https://linked.data.gov.au/dataset/asgsed3/LGA2021/57630,37,60,2.3,68838,63097,66,14,55,0.4,27760,28497,22,36,60,0.1,222,2665,10,,,,,,,52,59,3,50745,57847,,,,,,,,,16,36,24,24,,,,,,,,22.1,17.7,15.9,3.5,,8,3.5,36.3,850,23.3,14,25.6,,,,,,6c74b5a5-0692-4fa9-a599-3e8aa78e9d4f,3.000616114,10.5113435
476,57700,Serpentine-Jarrahdale,901.2054,https://linked.data.gov.au/dataset/asgsed3/LGA2021/57700,16652,37,1163.8,60912,69891,81.9,2450,46,45.4,11394,18526,6.7,10622,42,85.4,28,8042,9.7,372,55,10.6,17826,28381,1.1,18308,39,1270.4,59390,69393,4.4,1.8,0.41,0.19,0.424,5.7,16.7,27.4,20.5,23.4,26.3,29.8,1399,47.1,2506,33666,7,71,9,19.9,20,29.2,9,4.6,8.9,0.8,7.6,1174,10.5,23.6,38.7,10.3,3.4,1.1,11.1,1.3,9be97503-8404-4b42-9137-1c3db8da204d,0.086328207,1.458746028
477,57770,Shark Bay,24201.5491,https://linked.data.gov.au/dataset/asgsed3/LGA2021/57770,465,38,24.2,41381,51961,80.7,75,52,1.5,9030,20160,7.4,303,48,2.1,51,7083,11.5,,,,,,,485,42,26.4,44217,54524,6.13,2.02,0.33,0.13,0.459,,15.5,27.8,31,27.7,20.5,20.7,43,2.6,3113,60867,,,,21.7,22.6,22,7.4,0.9,6.4,1.4,18.4,894,21.7,22.8,28.1,7.5,0.8,3.6,8.6,5,94bc253a-73a0-476a-b37b-8d908c21e3c1,2.191890255,18.85339929
478,57840,South Perth,19.8114,https://linked.data.gov.au/dataset/asgsed3/LGA2021/57840,23203,38,1921.8,62166,82827,71.2,3778,47,141,10997,37310,6.2,21218,46,383,432,18049,19.4,685,68,23.5,26494,34314,1.7,27697,43,2402,60022,86724,6.61,2.1,0.32,0.13,0.531,10.4,25.6,37.5,25,20.1,20.5,34.4,5356,261.7,4091,48860,,100,41,19.5,18.5,25.6,10.4,11,7.9,0.5,6.6,1372,12.3,19,32,16,11.6,2.2,5.8,1.2,71b8e156-e6c6-4a6a-bc84-8356879445d5,0.001890716,0.253593901
479,57910,Stirling,104.7273,https://linked.data.gov.au/dataset/asgsed3/LGA2021/57910,122573,37,8860.8,58002,72290,75.9,21318,41,597.5,10956,28027,7.3,97547,43,1063.2,144,10899,14.3,3194,63,98.9,22522,30950,1.5,139960,40,10277,55839,73428,5.29,1.93,0.37,0.16,0.486,8.7,22.2,33.6,24.2,23.1,23.7,29.1,20193,797.7,3160,39502,20,650,189,21.9,20.4,27.1,9.4,7.1,7.3,0.6,6.1,1180,15.1,22.2,33.4,13.3,6.8,1.7,6,1.4,3a99efc1-6385-4b07-bd3a-4425172a51d7,0.009982601,0.49275481
480,57980,Subiaco,5.6182,https://linked.data.gov.au/dataset/asgsed3/LGA2021/57980,9264,39,911.8,71202,98427,68.8,1593,49,98.3,13892,61707,6.4,8919,47,171.1,852,19187,21.4,287,71,12.8,31350,44605,1.6,11253,45,1161,68296,103172,7.38,2.19,0.3,0.11,0.55,9.3,26.5,39.3,23.5,17.9,18.1,40.5,2552,158.9,4299,62279,,29,,17.5,16.8,24.9,12.3,15.4,6.7,0.3,6.1,1541,11.8,17.1,30.1,17.9,15.8,1.6,4.6,1.1,199b37a6-13b8-4263-984a-afc6d2e91c1d,0.000535866,0.113219153
481,58050,Swan,1042.9936,https://linked.data.gov.au/dataset/asgsed3/LGA2021/58050,79957,38,5245,57606,65598,83.9,10592,43,200.4,10220,18918,6.3,48872,43,268.1,29,5487,7.9,1790,55,47.7,15083,26661,1.2,85372,40,5553.6,55884,65052,4.25,1.76,0.41,0.19,0.419,5.6,16.8,27.6,21.5,25,28.2,25.3,6787,173.3,2374,25527,15,405,65,21.8,21.4,29,7.6,3.6,9.3,0.8,6.5,1085,13.8,25.3,37.5,9.1,2.7,1.5,8.7,1.5,b39d91f3-ccf3-44f0-9699-d8799f2607a1,0.099267315,1.798312349
482,58190,Tammin,1101.692,https://linked.data.gov.au/dataset/asgsed3/LGA2021/58190,186,38,7.9,35661,42364,59.4,84,50,5.6,30655,66470,23.6,149,50,1.2,949,8383,15.7,5,47,,5856,4781,1.3,232,44,14.1,44856,60579,5.63,1.97,0.35,0.12,0.525,,24.4,36.8,27.9,29.3,22.3,20.5,27,4.1,3700,151203,,,,25.1,21.9,22.5,4.8,3.2,5.4,1,15.6,732,25,30.1,21.3,4.4,2.2,,11,2.2,818ec163-214b-4bc5-ba88-e79cfdfbd416,0.10470513,1.730410241
483,58260,Three Springs,2656.6928,https://linked.data.gov.au/dataset/asgsed3/LGA2021/58260,229,43,12.5,46785,54415,64.3,91,52,2.3,18758,25646,17.5,184,49,1.2,729,6593,16.8,,,,,,,292,45,15.6,45239,53406,6.92,2.06,0.3,0.07,0.515,,16,28.9,29.6,28.2,19.9,22.3,25,2.6,1368,104486,,,,23.1,18,21.5,9,4.6,7.3,1.8,16.5,1016,16.1,22,30.2,10.2,5.4,2.9,11.2,,2485d28b-6228-4341-b673-f32267983ae9,0.247235249,2.570877224
484,58330,Toodyay,1691.6485,https://linked.data.gov.au/dataset/asgsed3/LGA2021/58330,2123,49,143.7,56598,67664,70.8,583,57,6.7,5136,11532,11.5,1666,55,13.2,86,7949,14.6,72,59,1.8,21171,25496,1.7,2560,52,157.8,50272,61638,6.61,2.04,0.31,0.09,0.487,5.9,18,29.9,28.1,23.6,22.7,25.6,278,7.5,4597,27081,,28,5,28.6,19.3,21,6.7,3.1,8,1.1,12.3,810,21.3,27.8,25.3,7.7,3.2,2.2,10.4,2.5,419b7cc4-362a-4e61-83d7-9467286866b7,0.160546042,2.064378377
485,58400,Trayning,1651.2043,https://linked.data.gov.au/dataset/asgsed3/LGA2021/58400,109,46,4.7,36721,43448,48.3,80,53,2.5,18577,31765,26.7,130,54,0.9,1648,7127,22.2,4,56,0.1,31201,31190,2.3,177,52,8.2,37056,46491,,,,,0.553,,17.1,30.8,33.5,27.8,21,17.6,26,1,3337,39552,,,,34.6,21.4,15.8,4.9,,8.6,1.9,14.3,609,34.4,26,17.6,3.1,2.3,,10.7,8.4,0e4186b3-4167-49b7-841f-439fa3142f0d,0.156175069,2.030254339
486,58470,Upper Gascoyne,57809.8737,https://linked.data.gov.au/dataset/asgsed3/LGA2021/58470,51,48,3.4,59015,66847,91.5,9,48,0.2,31287,25089,8.5,,,,,,,,,,,,,47,48,3.6,61447,76223,,,,,,,,,14.9,25.5,25.5,34,,,,,,,,35.7,17.8,16.3,7,2.3,9.3,,10.9,680,29.8,24.6,10.5,15.8,,7,14,,26f2af48-5587-421f-b03d-b5cb7d6e59e1,5.158846497,13.38694712
487,58510,Victoria Park,17.9396,https://linked.data.gov.au/dataset/asgsed3/LGA2021/58510,21280,35,1536.9,58266,72223,81,3222,39,71.4,9072,22159,6.5,15397,40,100.4,82,6522,10.2,468,60,13.3,19639,28506,1.4,22815,37,1632.7,56240,71561,5.4,1.94,0.36,0.15,0.47,7.6,20.1,31.5,24.2,22.6,23.7,29.5,3313,96.5,2117,29114,,78,45,19,19.8,27.6,10.7,6.8,6.7,0.5,8.9,1241,13.3,21.5,33.8,14.5,7.7,1.9,6,1.3,620ef322-3637-4a7a-b1a2-df26c01d1f1e,0.001711753,0.243387162
488,58540,Victoria Plains,2551.0132,https://linked.data.gov.au/dataset/asgsed3/LGA2021/58540,413,40,21.8,44871,52790,54.1,247,54,11.2,19629,45539,25.3,413,51,6.8,604,16567,19.9,8,51,0.2,21464,24641,0.5,575,49,38.1,51414,66210,6.19,1.97,0.32,0.06,0.545,6.1,21.8,34.9,27.2,23.6,22.4,26.9,65,11,9707,169328,,,,19.9,16.9,27.2,8.7,6,6.1,0.9,14.3,1139,14.6,20.1,30.6,12.2,7.6,2.1,11.8,3.8,f06843de-03ae-4790-bc13-e201a503a304,0.240959048,2.708573213
489,58570,Vincent,11.3771,https://linked.data.gov.au/dataset/asgsed3/LGA2021/58570,23674,35,1860.4,61507,78585,79.9,3738,41,122.1,10752,32674,6.9,17368,40,176.8,159,10178,11.4,420,60,12.1,20204,28899,1,24524,38,2063.3,63973,84133,5.52,1.97,0.36,0.16,0.481,7.6,21.3,32.8,21.6,20.3,22.2,35.9,4109,161.4,3011,39288,,67,13,17.1,17.5,28.2,13.2,11.7,5.5,0.4,6.3,1561,10.3,16.3,33,18.8,13.5,1.5,5.7,0.9,37f58e99-6a09-46d4-9fdb-0d5c1f022d07,0.001084971,0.165414566
490,58610,Wagin,1946.1763,https://linked.data.gov.au/dataset/asgsed3/LGA2021/58610,893,42,42.5,42132,47552,66.3,270,54,9.2,20925,33973,15.1,741,55,7.5,236,10113,16.9,25,60,0.5,12441,18831,1.4,1097,49,58,45998,52829,6.18,1.88,0.3,0.1,0.468,4.9,16.7,28.3,29.5,26.9,24.4,19.3,120,1.8,3741,15118,,,,27.7,21.8,23.1,5.5,2.2,6.2,0.4,13,836,24.4,27.8,28.8,5.3,3.2,1,7.3,3.8,ec737adf-7e7c-4518-9bec-2e6aea4a1973,0.188357547,2.688849021
491,58680,Wandering,1903.8645,https://linked.data.gov.au/dataset/asgsed3/LGA2021/58680,230,43,15,55182,65179,64.9,111,51,3.1,11037,28110,17.9,210,50,2.3,212,10865,15.1,6,57,0.1,22653,21632,2.1,292,47,19.7,54478,67339,6.38,2.2,0.35,0.12,0.472,,15.6,27.9,24.4,24.1,19.9,31.6,43,3.3,1194,76421,,,,19.7,13.4,22.7,8.6,3.9,7.3,1.7,23.5,1048,12.6,22,24.7,11.5,5.5,,15.4,4.9,bf0e2062-cb11-42fd-a68b-cfe2e2ab96f9,0.182781572,2.463565782
492,58760,Wanneroo,683.2602,https://linked.data.gov.au/dataset/asgsed3/LGA2021/58760,109041,38,7128.3,56112,65373,82.8,15322,43,365.5,14076,23858,7.4,67372,43,318.3,25,4725,7.5,2364,56,58,12772,24536,1.2,118098,40,7652.3,54448,64796,4.4,1.81,0.41,0.2,0.424,5.6,17,27.9,22.2,25.9,26.6,25.4,9518,241.5,2321,25369,46,649,106,22.4,21.9,27.9,7.9,3.8,9.4,0.8,5.9,1088,13.7,25.3,37.1,9.4,2.6,1.4,9.1,1.4,3993de19-aa05-45d2-85b5-1a7f996bcc38,0.064940822,1.339483282
493,58820,Waroona,832.2285,https://linked.data.gov.au/dataset/asgsed3/LGA2021/58820,1973,44,140.8,56993,71346,76.7,362,55,3.4,4924,9375,7,1373,52,10.4,86,7601,13.3,73,57,1.8,19750,24349,2.3,2227,48,150,51529,67350,6.84,2.29,0.33,0.1,0.476,4.9,16.4,28.3,27.7,22.8,18.2,31.3,198,9.7,4954,49203,,9,,28.5,20,19,7.7,4.2,8.7,1,10.5,844,22.4,24.9,25.9,7.6,3.4,2.6,10.4,3.3,b1fbc770-9725-41e5-bb2f-f58ed0744ef7,0.080170161,1.756756211
494,58890,West Arthur,2831.8272,https://linked.data.gov.au/dataset/asgsed3/LGA2021/58890,380,39,15.6,33314,40932,47.9,275,55,12.6,21343,45722,30.5,419,51,5.1,,12267,20.2,16,56,0.2,4502,10204,1.4,574,49,32.4,41280,56370,7.17,2.09,0.29,0.1,0.536,7.3,22.9,34.9,32.6,27,20.4,20,82,3.3,4732,39742,,,,24.1,20.4,25.3,7.1,4.6,5.2,1.1,14.6,912,19.5,25.6,25.9,7.8,5.1,1,9.6,4.1,14185e1e-e110-46ca-8f78-daea509fe6d9,0.274633044,3.048970122
495,59030,Westonia,3319.4496,https://linked.data.gov.au/dataset/asgsed3/LGA2021/59030,119,42,6.7,49946,56369,64.8,52,52,2,32728,39109,25.4,92,47,0.4,321,3860,9.9,,,,,,,144,45,8.2,54243,57084,,,,,0.451,,14.6,25.8,25.4,23.9,28.9,21.8,,,,,,,,26.6,17.7,26.6,6.4,7.4,4.9,,13.3,866,26.7,25.7,18.8,7.9,7.9,,3,5,4ab8c3c2-d54a-4b75-a59b-c3ed576ffc4b,0.313413744,3.470178486
496,59100,Wickepin,2040.8985,https://linked.data.gov.au/dataset/asgsed3/LGA2021/59100,299,41,14.1,40496,47044,53.8,204,55,8.1,18443,39790,24,336,52,4.8,,14267,21.6,4,38,0.2,63,38519,0.4,452,49,26.6,46658,58743,5.91,1.87,0.32,0.1,0.503,,19.8,32.3,29.8,24.4,25.3,20.4,47,1,3740,20259,,,,25,22.8,21.7,5.1,2.7,4.7,0.5,18.5,862,24,25.8,30.1,4.4,3.1,2.2,7.4,3.9,f5b01b6d-aca3-4033-9db7-b7470ae80cb3,0.196494715,2.472719003
497,59170,Williams,2304.7119,https://linked.data.gov.au/dataset/asgsed3/LGA2021/59170,455,38,22.8,41910,50137,54.1,267,54,11.1,30556,41744,24.8,473,51,8.1,,17166,19.6,9,55,0.1,4671,8181,0.7,615,46,39.9,52966,64920,4.67,1.81,0.39,0.13,0.475,6.6,19.3,31.4,23,25.5,25.5,26,87,3.9,3869,44870,,,,17.9,21.5,31.5,7.5,5.2,3.2,,12.6,1114,15.3,25.2,34.5,9.9,4.4,1.4,5.8,3.8,1b73f9a6-5cf8-4c61-9882-128aa41478c5,0.222545716,2.606929181
498,59250,Wiluna,181297.3382,https://linked.data.gov.au/dataset/asgsed3/LGA2021/59250,217,43,8.3,18546,38325,90.1,15,53,0.3,9253,17416,6.3,49,46,-0.1,9,-2423,2.1,,,,,,,141,43,7.1,39332,50072,,,,,0.501,,19.3,30.7,35.2,25.4,21.8,17.6,,,,,,,,19.5,6.9,19.2,10.8,6,3.1,0.9,33,837,39.3,10.7,23.8,7.1,3.6,4.8,6,10.7,906903d8-8a2a-4152-a79e-7d8f3c3b9503,16.25564735,18.10328403
499,59310,Wongan-Ballidu,3365.0675,https://linked.data.gov.au/dataset/asgsed3/LGA2021/59310,678,40,36,45285,53169,62.2,278,54,15.1,25586,54394,18.8,651,52,6.4,400,9820,18.1,19,53,0.2,3216,12918,0.8,881,47,56.1,49882,63652,6.7,1.98,0.29,0.07,0.571,5.2,22.4,36,29.9,21.8,23,25.3,82,4.9,6767,59288,,,,25.8,24.2,26,6.5,2.9,3.7,1.1,9.2,916,22.6,24.4,29.2,8.1,4.8,1.5,8.3,1.5,e5af6aad-949e-44eb-b4d5-fb54510bd379,0.316886937,2.948585255
500,59320,Woodanilling,1128.8348,https://linked.data.gov.au/dataset/asgsed3/LGA2021/59320,171,41,8.4,38361,49283,54.7,98,54,4.7,23782,47549,24.6,175,51,2.1,,11881,17.8,5,69,0.1,15088,19813,2.5,234,49,14.7,47912,62622,6.13,2.21,0.36,0.08,0.48,,16.8,29.5,28,27.1,18.2,26.7,27,1.5,1454,56963,,,,22.7,19.3,26.6,5.3,2.8,7.3,,11.8,831,20.5,31.7,24.2,8.1,2.5,,8.7,2.5,e2327345-f810-478c-933f-4ec41026277b,0.109569971,2.193667444
501,59330,Wyalkatchem,1594.4884,https://linked.data.gov.au/dataset/asgsed3/LGA2021/59330,203,46,10.4,40736,51442,53.8,117,51,5.2,15000,44104,22.2,216,52,2.7,769,12652,22.2,,,,,,,278,50,17.4,44425,62504,10.13,2.22,0.22,0.04,0.611,,25.8,39.6,32.3,24.7,19,24,37,0.6,1938,15637,,,,33,20.5,18.8,8.1,1.2,5.1,,11.7,664,34.4,23.4,23.4,8.1,3.8,3.3,2.4,,a12ea4e5-8e58-4bca-9aec-c767bab224fb,0.150877652,2.206379573
502,59340,Wyndham-East Kimberley,112066.3217,https://linked.data.gov.au/dataset/asgsed3/LGA2021/59340,4542,37,270.2,52278,59489,88.1,489,49,6.3,7467,12859,4.3,2282,42,21.8,58,9575,6.4,51,56,0.7,9766,13590,0.5,4104,39,279,59833,67991,4.22,1.74,0.41,0.2,0.413,5.1,16.2,26.5,20.2,22.8,28.1,28.8,257,8.9,1861,34597,,,,18.9,14.7,28.8,7.9,4,5,1.1,19.8,1234,16.5,16.6,34.8,12.1,4.4,1.6,10.4,4,cdd3444b-148c-40d6-9fca-4f30b9d230e2,9.442265401,75.26630896
503,59350,Yalgoo,27949.4641,https://linked.data.gov.au/dataset/asgsed3/LGA2021/59350,93,42,4.6,41358,49517,73.1,30,52,0.4,1904,12475,11.8,49,52,0.2,93,3963,12.9,,,,,,,95,45,4.5,41358,47815,,,,,,,,,33.3,26.9,24.7,15.1,,,,,,,,9.6,9.6,15.3,9.9,5.1,2.2,,47,982,13.6,34.1,40.9,9.1,,,6.8,,95b4f3f2-7bfb-48aa-bf6a-84e02a2dcb48,2.577599214,13.55666798
504,59360,Yilgarn,30428.7648,https://linked.data.gov.au/dataset/asgsed3/LGA2021/59360,461,43,28.9,53835,62786,66.9,168,55,10.8,31431,64448,19.4,346,53,4.4,433,12696,12.4,5,48,0.1,12251,18303,0.9,559,49,42,60645,75180,5.95,1.95,0.33,0.1,0.495,5.2,19.3,30.9,23.6,21.4,20.9,34.2,59,2.7,4197,45101,,,,16.2,15.5,23.6,12.7,7.3,4.5,0.3,19.7,973,18.6,23.9,27.3,10.3,5.3,1.9,10.1,2.9,bdce4935-cbe5-4bf9-a018-fb67447e2fc8,2.872690528,8.231967843
505,59370,York,2131.5916,https://linked.data.gov.au/dataset/asgsed3/LGA2021/59370,1638,45,94.8,48239,57889,66.3,527,57,8.7,5456,16589,12.2,1353,55,15.1,266,11190,17.8,62,60,1.4,15570,22647,2.5,2039,52,115.4,44483,56619,7.1,2.04,0.29,0.1,0.516,5.7,19,31.5,31.8,24.1,21.2,23,251,10.9,3625,43254,,31,,30.9,22.2,20.3,5.9,2.4,7,1,10.4,759,25.5,28,25.9,5.7,2.7,2.2,6.7,2.5,f607dfa5-82fc-439a-a28b-d0949bb332b0,0.203274235,2.974562464
506,59499,No usual address (WA),,https://linked.data.gov.au/dataset/asgsed3/LGA2021/59499,,,,,,,,,,,,,,,,,,,,,,,,,,,,,,,,,,,,,,,,,,,,,,,,,,,,,,,,,,,,,,,,,,3d4c7e99-6a0c-4f42-813a-90372fbea0fa,,
507,59799,Migratory - Offshore - Shipping (WA),,https://linked.data.gov.au/dataset/asgsed3/LGA2021/59799,,,,,,,,,,,,,,,,,,,,,,,,,,,,,,,,,,,,,,,,,,,,,,,,,,,,,,,,,,,,,,,,,,d66ca80c-8cd0-44c2-b7b1-ca9f1568fa6d,,
508,60210,Break O'Day,3523.8858,https://linked.data.gov.au/dataset/asgsed3/LGA2021/60210,2327,46,101.9,35653,43781,63.6,779,54,11.8,9128,15116,15.1,1913,56,12,193,6278,15.5,180,60,6,24594,33467,4.6,3056,51,129.7,32571,42451,6.71,2.05,0.31,0.08,0.51,6.7,20.3,32.7,40.1,30.9,16.6,12.5,307,22.7,6393,73976,,66,18,42,25.2,14.3,2.7,1.5,5.3,0.9,8.1,587,34.8,33.7,16.8,2.6,1.5,2.5,6,2.2,f320a39b-b713-43b9-86a5-adf0edc08cc3,0.379572453,5.786511163
509,60410,Brighton,171.1508,https://linked.data.gov.au/dataset/asgsed3/LGA2021/60410,8729,38,463.2,51033,53059,87,887,46,20,13107,22576,5.6,4614,44,15.2,76,3291,4.8,331,59,7.8,14463,23710,2.3,9139,40,492.9,50986,53934,3.45,1.57,0.46,0.22,0.365,4.1,13.8,23.7,21.5,30.7,32.8,15.1,501,19.8,3000,39522,,65,17,28.6,26.4,26.7,3.8,1.1,6.1,0.9,6.5,838,22.7,31.5,31.6,4.4,1.1,1.2,5.1,2.4,326dd8ca-6774-493e-978a-f0ffff2c2ed0,0.018809271,1.157679264
510,60610,Burnie,610.9528,https://linked.data.gov.au/dataset/asgsed3/LGA2021/60610,9550,40,544.5,50456,57013,82.8,1049,51,20.1,8419,19176,4.9,5828,48,37,132,6350,9.5,362,59,9,17447,24764,2.3,10233,43,593.9,49655,58039,4.37,1.75,0.4,0.16,0.435,7,18.3,28.8,24.3,28.7,27.6,19.5,894,32.7,3231,36622,,65,35,30.1,26.1,23.5,4.6,2.2,6.2,0.7,6.6,802,23.4,31.6,29,4.7,2,1.3,5.7,2.2,09a9522e-0efb-4a9e-ad39-083d1732d56d,0.06559999,1.625753474
511,60810,Central Coast (Tas.),933.0891,https://linked.data.gov.au/dataset/asgsed3/LGA2021/60810,10752,43,596.3,49726,55461,77.8,1931,54,33.4,7587,17312,7.7,7827,51,49.3,158,6293,11,506,60,14.8,25098,29296,2.9,12211,47,677.3,47673,55464,4.88,1.81,0.37,0.14,0.438,6.1,17.4,28,26.5,28.2,25.9,19.4,1175,58.3,4358,49597,,104,34,32.1,25.9,23,4.6,1.8,5.6,0.7,6.3,780,24.6,31.4,27.6,5.1,1.8,1,6,2.6,d6222da3-42e8-4fb1-b554-6d0373e30a38,0.10028702,2.408015495
512,61010,Central Highlands (Tas.),7982.4155,https://linked.data.gov.au/dataset/asgsed3/LGA2021/61010,1021,42,49.7,44065,48650,69.3,312,56,7,12675,22539,13.9,733,53,6.6,183,8983,12.4,69,58,2.2,12000,31859,3.6,1247,48,63.5,42329,50921,6.07,1.82,0.3,0.08,0.547,7.8,23.4,35,31.5,28.7,25,14.8,92,13.1,4200,142317,,18,,33.2,23.8,19.8,2.3,2.6,5.9,1.4,10.9,683,29.8,29.9,22.5,4,2.7,1.9,5.9,2.8,a26ccbf5-900a-48af-aaf8-9f3d89e35d3e,0.870285484,5.39457269
513,61210,Circular Head,4897.6511,https://linked.data.gov.au/dataset/asgsed3/LGA2021/61210,,,,,,,,,,,,,,,,,,,,,,,,,,,,,,,,,,,,,,,,,,461,28.3,7082,61343,,14,9,28.8,26.3,22.9,3.7,1.7,6.2,1.1,9.1,832,23.2,31.9,30.2,3.7,2.1,1.3,6,1.7,85884d0f-4df2-458a-a219-a97823558106,0.524788055,11.09262244
514,61410,Clarence,377.9614,https://linked.data.gov.au/dataset/asgsed3/LGA2021/61410,,,,,,,,,,,,,,,,,,,,,,,,,,,,,,,,,,,,,,,,,,4049,153.8,2792,37990,16,240,111,23.8,24.5,29,7,2.9,6.1,0.5,6.2,1018,16.1,28.9,36.2,8.6,3,1.1,4.8,1.4,aec4733e-299e-4432-96d9-bfe3523ef887,0.041615347,2.902630984
515,61510,Derwent Valley,4108.1113,https://linked.data.gov.au/dataset/asgsed3/LGA2021/61510,5098,41,266.9,49703,52357,83.6,684,50,11.6,8369,17018,6.6,2857,49,8,121,2813,6.6,221,58,5.9,18768,26754,2.8,5449,44,283.3,48959,51996,3.88,1.62,0.42,0.18,0.388,4.3,14.3,24.3,23.8,30.7,30.6,14.9,294,17.1,7102,58080,,45,14,31.8,25.3,24,3,0.9,6.5,1,7.4,768,25.6,31.5,28.4,3.6,0.9,1.1,6.5,2.3,7d3bde02-12dd-4b69-bf86-e016c34d296a,0.452150702,4.294652948
516,61610,Devonport,111.259,https://linked.data.gov.au/dataset/asgsed3/LGA2021/61610,12799,39,647.8,45071,50615,80.6,1653,50,31.1,10593,18802,6.3,7983,49,45.1,143,5652,9.9,552,60,15.2,19399,27517,2.8,13668,44,715.9,45738,52381,4.65,1.75,0.38,0.16,0.426,5.5,16.8,27.5,27.6,29.9,26.4,16.1,1203,48.4,2635,40197,10,153,34,32.1,27.3,22.5,4,1.5,5.6,0.6,6.3,771,25.2,32.4,28,4.4,1.3,1.3,4.7,2.6,1928d38b-7184-43b2-8d7a-9e691fdca77c,0.011944846,0.990963065
517,61810,Dorset,3230.5456,https://linked.data.gov.au/dataset/asgsed3/LGA2021/61810,3061,42,139.1,41080,45433,71.7,864,54,16.5,9704,19128,11.9,2342,53,17.1,182,7307,13.1,133,59,3.8,14968,28527,2.3,3668,48,174.1,40302,47475,5.39,1.85,0.34,0.11,0.467,6.6,18.3,29.2,31.3,30.9,24.7,13.1,288,12.9,7113,44886,,30,12,33.7,26.3,20.2,2.6,1.5,5.8,1,9.1,691,29.1,32.5,24,2.9,1.6,1.6,5.2,3,4d9639b5-17fe-4aa9-8a5e-25f95f45166d,0.346124967,4.679996453
518,62010,Flinders (Tas.),1996.6244,https://linked.data.gov.au/dataset/asgsed3/LGA2021/62010,418,48,19.8,40791,47413,61.2,215,59,5.1,5992,23946,20.2,357,57,3.2,422,9072,15.2,22,69,0.5,19533,24586,2.4,539,55,27.9,43899,51703,6.11,1.81,0.3,0.1,0.516,6.2,20.1,31.8,31.4,26.7,25,16.9,52,2.8,8956,54482,,,,30.2,25.7,23.2,4.6,3.1,4,0.9,8.1,780,25.5,30.3,25.2,5.8,1.2,2.6,4.8,4.8,937e1f9b-1a8c-497e-b448-1977fc59e288,0.210942299,9.901245809
519,62210,George Town,653.4308,https://linked.data.gov.au/dataset/asgsed3/LGA2021/62210,,,,,,,,,,,,,,,,,,,,,,,,,,,,,,,,,,,,,,,,,,252,10.3,6260,40733,,58,13,36.6,24.7,17.7,3.6,1.3,7.2,0.8,8,638,31.1,32.1,22.2,3.8,1.2,2.1,4.7,2.7,cdd0ba82-7e1f-43f6-b360-3caf89707b79,0.070041019,1.872203911
520,62410,Glamorgan-Spring Bay,2591.591,https://linked.data.gov.au/dataset/asgsed3/LGA2021/62410,2189,43,97.5,38143,44533,67.5,620,55,10.9,9317,17558,12,1816,56,16.4,182,9024,15.9,135,64,4.3,28569,32198,4.1,2724,51,125.3,37430,46004,5.61,1.86,0.33,0.09,0.498,8.6,21.7,32.9,34.4,32.8,21,11.8,296,15.4,6148,51969,6,31,7,33.1,27.1,19.8,3.1,1.9,5,0.9,9,703,27.4,33.3,22.8,3.8,2.1,1.3,7.3,2.1,b0ff7294-c4fb-41ed-9eed-8e96f60e6725,0.28280327,9.190518134
521,62610,Glenorchy,121.1632,https://linked.data.gov.au/dataset/asgsed3/LGA2021/62610,,,,,,,,,,,,,,,,,,,,,,,,,,,,,,,,,,,,,,,,,,1789,50.7,1333,28329,,142,76,28.1,28.2,26.1,3.6,1,6.7,0.6,5.7,853,21.2,32.8,32.3,4.7,1,1.2,4.7,2,9a48334e-4ac9-4cd2-905c-cd34a8b4e998,0.01334112,0.874915249
522,62810,Hobart,77.8965,https://linked.data.gov.au/dataset/asgsed3/LGA2021/62810,,,,,,,,,,,,,,,,,,,,,,,,,,,,,,,,,,,,,,,,,,5444,331.4,3225,60868,,90,42,20.9,23,27.8,8.9,6.1,7.6,0.4,5.4,1194,12.4,24.2,36.5,12.4,6.9,1.5,5.3,0.8,ed5a44d3-b24a-4896-b7a2-10d2aa9a4a56,0.008585213,0.610825337
523,63010,Huon Valley,5507.3541,https://linked.data.gov.au/dataset/asgsed3/LGA2021/63010,8243,41,415.9,45686,50458,71.8,2037,52,32.4,8644,15927,11.7,6034,50,38.9,155,6449,12.2,446,59,13.7,24002,30741,3.1,9689,47,511.9,43200,52831,5.45,1.79,0.33,0.11,0.502,12.1,23.7,34,31.6,27.6,26.1,14.6,1016,45.2,4027,44507,11,72,13,31.6,24.8,22.5,3.7,1.8,7.1,0.8,7.7,775,24.2,33.3,26.7,4.7,1.9,1.5,5.8,2,f62e6632-e52f-4026-99d1-84463d9f81b5,0.610444245,13.11913141
524,63210,Kentish,1156.1888,https://linked.data.gov.au/dataset/asgsed3/LGA2021/63210,2912,43,151.6,46430,52065,73.2,849,53,7.5,5697,8825,11.4,2156,51,9.1,130,4199,11.6,157,59,5.3,22090,33554,3,3512,48,169,41647,48109,5.72,1.85,0.32,0.1,0.463,5,16.7,28.2,31.1,29.6,24.1,15.2,329,12.3,3481,37377,,35,10,32.9,25.3,21.2,3.7,0.9,6.3,0.7,8.9,760,25.2,33.9,25.3,4.4,1.1,1.7,6.5,2.2,94e3e6d3-85c3-42e7-96e8-788f49f1a086,0.124590867,2.43101983
525,63410,King Island,1095.7407,https://linked.data.gov.au/dataset/asgsed3/LGA2021/63410,829,41,42.3,44848,51080,67.7,371,54,11.7,13696,31537,19.5,675,52,5,338,7474,10.8,22,54,0.5,9960,21088,1.3,994,48,57.1,48154,57396,3.93,1.74,0.44,0.18,0.454,6.4,19.4,30.7,23.3,31.9,27.2,17.7,98,7.5,4404,76544,,,,22.1,24.2,27.1,5.5,3.5,4.3,0.9,11.9,940,19.6,27.1,32.1,7.2,3.7,2,6,3.2,053fb041-0216-4aa7-ac95-eb59baac7cf2,0.115338288,2.680982233
526,63610,Kingborough,720.1093,https://linked.data.gov.au/dataset/asgsed3/LGA2021/63610,19585,41,1182.1,53317,60355,73.3,3673,49,92.2,11442,25105,8,16324,48,120.3,193,7368,13.2,1443,66,49.2,28180,34106,4.6,23305,45,1409.6,50254,60484,4.92,1.82,0.37,0.15,0.45,7,19.1,29.7,25.9,25.9,25.9,22.2,2987,346.6,2566,116051,9,170,39,24.1,24.4,28.7,7.2,3.4,7.6,0.5,4.2,1029,14.4,29.5,36.7,8.5,3.1,1.3,5.5,1.2,dfb3fb3e-288e-4448-99c4-c3a0560a4997,0.079737347,5.859384433
527,63810,Latrobe (Tas.),600.4619,https://linked.data.gov.au/dataset/asgsed3/LGA2021/63810,5774,42,323.2,49580,55972,77.6,1082,53,17.2,7645,15904,8.1,4117,51,35.7,141,8679,11.2,251,62,6.5,22168,25844,2.5,6513,47,371.1,48301,56978,4.65,1.77,0.38,0.15,0.453,8.5,19.7,30,26.3,28.2,27,18.5,673,47.6,4247,70674,5,79,26,30.9,26.3,23.6,4.2,1.9,6.1,0.9,6.3,830,23,31.5,29.9,5,1.5,1.5,5.6,2,3e1703cf-86ef-4cd5-ae59-fab81de5b537,0.064500738,2.649198904
528,64010,Launceston,1413.6306,https://linked.data.gov.au/dataset/asgsed3/LGA2021/64010,34259,39,1850.2,47888,54007,80.1,4817,48,108.3,8561,22487,6.1,23251,47,193.7,158,8333,10.8,1446,62,40,21075,27683,2.6,37497,42,2130.1,47821,56806,4.48,1.75,0.39,0.16,0.444,7.5,19.6,30,26.1,29,27.1,17.8,3561,169.5,3140,47604,9,215,107,28.4,26.9,24.7,4.5,2.5,6.1,0.6,6.3,867,20.9,31.9,31,5.6,2.6,1.3,4.7,1.8,4542eb1f-49c1-4c69-aef9-a7f11b3d217e,0.152118509,2.643986929
529,64210,Meander Valley,3330.8146,https://linked.data.gov.au/dataset/asgsed3/LGA2021/64210,9916,42,533.2,48760,53772,76.4,2093,53,43.2,9524,20627,9.4,7441,50,50.3,168,6762,11.2,397,60,12,21112,30212,2.2,11484,46,624.4,47322,54373,4.48,1.76,0.39,0.15,0.433,6.1,17.6,28.2,26.3,29.4,27.2,17.1,1044,54.5,5821,52210,11,102,25,30.1,26.8,24.3,4.4,2,6.1,0.6,5.7,828,23,32,30.1,5.2,1.7,1.1,5,1.8,03f66bae-ca67-4d8f-be06-1e88c497127b,0.359870549,4.201384615
530,64610,Northern Midlands,5135.2505,https://linked.data.gov.au/dataset/asgsed3/LGA2021/64610,6597,42,343.7,48186,52092,76.3,1252,53,28.7,9392,22920,8.5,4638,51,45.6,164,9828,12,284,60,8,20531,28165,2.6,7409,47,413.1,48158,55753,4.32,1.67,0.39,0.15,0.448,8.1,19.8,30.2,25.3,29.3,29.3,16.1,648,36.3,6291,55979,,72,19,29.4,27.1,24.8,3.6,1.8,5.7,0.7,6.8,829,22.7,32.3,29.9,4.6,1.8,1.2,5.3,2.2,b38db214-529b-4aef-8c81-054d37021020,0.556654038,5.254366507
531,64810,Sorell,583.7723,https://linked.data.gov.au/dataset/asgsed3/LGA2021/64810,,,,,,,,,,,,,,,,,,,,,,,,,,,,,,,,,,,,,,,,,,634,32,3219,50465,7,90,19,27.6,26,27.3,4.6,1.4,5.7,0.7,6.7,897,19.7,31.5,33.5,5.2,1.4,1.3,5.4,1.9,06cd1ee7-d078-4d05-a497-b79b9030e9cf,0.06421673,2.275100204
532,65010,Southern Midlands,2615.4935,https://linked.data.gov.au/dataset/asgsed3/LGA2021/65010,3059,42,159.7,48807,52210,77.3,757,54,10.1,6278,13327,10.4,1925,50,16.2,158,8434,8.9,156,59,3.8,15047,24600,3,3500,46,183,47243,52292,4.25,1.67,0.39,0.14,0.444,7,18.7,28.8,26.4,30.4,28.8,14.5,243,10.1,6279,41567,,22,,30.1,24.3,24.4,3.2,1.8,6.5,1,8.6,822,23.9,29.7,29.7,4.5,2.2,1.4,6.2,2.4,d36b0b53-3e50-4d01-94b8-06a43de25583,0.286149871,3.740465662
533,65210,Tasman,660.3947,https://linked.data.gov.au/dataset/asgsed3/LGA2021/65210,967,47,43.1,38543,44607,63.4,331,57,5,7371,14982,15.1,811,58,4.6,238,5706,15.5,93,63,2.6,21329,28353,5,1255,53,53.2,34333,42380,7.34,1.98,0.27,0.06,0.496,6.2,18.8,30.7,37.9,29.7,21.2,11.3,121,15.3,12500,126237,,20,,37.7,24.6,17,2.3,1.8,6.2,0.7,10,603,33.4,31.4,18.8,3.3,1.6,1.7,6.9,3.1,43d979e4-f28d-41f3-9205-7311ceb75b15,0.072966532,4.603585649
534,65410,Waratah-Wynyard,3535.9075,https://linked.data.gov.au/dataset/asgsed3/LGA2021/65410,6356,43,364.6,51020,57360,78.4,1106,54,20,8656,18127,7.6,4368,51,26.6,158,6079,10.7,288,60,8.2,20731,28346,2.8,7182,47,408.5,49071,56877,4.85,1.79,0.37,0.14,0.442,5.8,17.6,28.4,26.3,27.5,26.2,20,600,18.9,4068,31464,,64,16,33.8,24.4,22.2,4.3,2,5.7,0.7,6.9,755,27.1,30.8,26.5,4.5,1.8,1.4,5.5,2.4,5deb0b56-6947-4ec8-b06d-178eacfb9477,0.380630492,3.665085196
535,65610,West Coast,9583.5388,https://linked.data.gov.au/dataset/asgsed3/LGA2021/65610,1921,43,115.2,49973,59956,84.9,188,53,4,6816,21401,4.9,1041,49,4.5,78,4346,6.5,91,53,2.7,10000,29198,3.2,1970,45,120.5,50770,61155,5.3,1.93,0.36,0.16,0.43,4.3,15.4,26.5,24.8,26.1,22.7,26.3,135,4.4,4468,32423,,16,,34.4,20.2,18.7,5.5,2.5,6.1,0.7,11.8,653,31.3,25.4,23.8,5.5,2.1,1.8,6.6,3.6,9475c7be-97d7-4605-9cc2-3b4fbc347b63,1.046291308,13.14141536
536,65810,West Tamar,691.1537,https://linked.data.gov.au/dataset/asgsed3/LGA2021/65810,,,,,,,,,,,,,,,,,,,,,,,,,,,,,,,,,,,,,,,,,,1516,73.3,5172,48339,9,122,33,29,24.7,25.2,5.6,2.4,6.7,0.6,5.8,895,20.3,31.1,31.6,6.4,2.4,1.3,5.3,1.6,81a578b2-3e0b-4e5d-abfc-3409fc1441c8,0.074284535,2.674019147
537,69499,No usual address (Tas.),,https://linked.data.gov.au/dataset/asgsed3/LGA2021/69499,,,,,,,,,,,,,,,,,,,,,,,,,,,,,,,,,,,,,,,,,,,,,,,,,,,,,,,,,,,,,,,,,,93647101-4007-47cb-8785-daf396435764,,
538,69799,Migratory - Offshore - Shipping (Tas.),,https://linked.data.gov.au/dataset/asgsed3/LGA2021/69799,,,,,,,,,,,,,,,,,,,,,,,,,,,,,,,,,,,,,,,,,,,,,,,,,,,,,,,,,,,,,,,,,,d4f351c7-15d3-4560-b174-4bb1d0e6e2ce,,
539,70200,Alice Springs,327.7132,https://linked.data.gov.au/dataset/asgsed3/LGA2021/70200,19373,38,1224.9,57184,63229,90.6,1743,45,32.6,8679,18679,3.7,9792,42,44.9,46,4582,4,395,60,12.6,23997,31836,1.3,17795,39,1228.2,61606,69017,3.89,1.67,0.43,0.21,0.399,5.4,16.2,26.3,19,22.5,29.8,28.8,1087,35.5,2436,32647,,15,,16.5,17.1,36.2,10.5,4.8,5.9,0.8,8.4,1385,10.4,17.1,40.2,15.3,5.8,1.3,8.4,1.6,d6d94326-ed71-4e13-b09f-f2261f1dd774,0.029020664,0.879812733
540,70420,Barkly,322710.4145,https://linked.data.gov.au/dataset/asgsed3/LGA2021/70420,2354,38,129.5,50321,55022,94.3,138,50,0.7,3765,4996,2,877,42,1.9,42,2159,2.7,46,54,0.9,11740,19179,0.9,2001,39,122.2,57004,61054,4.78,1.69,0.35,0.19,0.402,3.5,13.7,24.4,23.8,21.9,29.5,24.8,88,1.6,939,18160,,,,42.4,12.9,19,5.4,1.6,4.5,0.6,13.6,814,28.4,18.5,24.6,9.2,3.6,0.8,9.6,5.3,7e1a34d0-802e-408d-859d-f8b688f530f6,27.77019721,28.00878962
541,70540,Belyuen,41.4054,https://linked.data.gov.au/dataset/asgsed3/LGA2021/70540,16,47,0.2,8142,11673,100,,,,,,,,,,,,,,,,,,,18,47,0.3,8142,14038,,,,,,,,,,,,,,,,,,,,68.3,5.6,5.6,,,2.4,2.4,18.3,372,58.7,6.5,,,,,10.9,8.7,d1d6feb7-6cef-4ae1-b69c-f3a60ad03705,0.003443838,0.234741432
542,70620,Central Desert,281338.022,https://linked.data.gov.au/dataset/asgsed3/LGA2021/70620,531,39,21.4,24916,40389,97.4,17,54,,5658,2109,0.3,123,45,0.4,15,3328,1.5,5,55,0.1,16108,15914,0.3,390,40,20.2,40721,51816,6.64,2.05,0.31,0.15,0.471,,17.7,29.9,34.4,26.7,21.1,17.7,,,,,,,,57.7,9.2,10.1,3.5,1.1,4.8,0.6,12.4,435,50.5,15,16.6,5.2,2,0.7,7.3,3.2,11789d8f-37ca-4946-a137-db9cdd40e6e9,24.52761374,33.77774068
543,70700,Coomalie ,2056.0547,https://linked.data.gov.au/dataset/asgsed3/LGA2021/70700,606,48,32.4,45159,53470,78.6,117,53,0.5,2937,4184,7.1,307,56,1.8,87,6022,8.3,38,59,1.3,23670,35240,5.1,632,50,33.7,43883,53378,5.92,1.94,0.33,0.11,0.5,5.5,18.8,30.8,31.6,25.1,24.8,18.6,36,1.7,10685,46207,,7,,26.1,20.9,14.8,3.9,1.7,6,0.7,26.4,727,26.1,27.5,22.2,4.6,0.7,3,8.5,4.4,46ecdf07-105c-4733-8915-b2e922b230d7,0.171398928,2.700996924
544,71000,Darwin,111.2614,https://linked.data.gov.au/dataset/asgsed3/LGA2021/71000,53049,37,3732.2,62005,70354,85.7,6313,43,149.2,8902,23638,5.2,34107,40,223.4,40,6550,6.3,1882,66,69.3,30447,36798,2.4,53535,39,3956,61808,73895,4.17,1.73,0.42,0.2,0.433,8.2,19.7,29.9,19.4,22.7,27.3,30.6,5146,184.7,2192,35887,9,99,25,15,18.5,33.3,11.2,5.5,6.8,0.6,9.1,1396,9.8,17.6,39.1,15.6,6.8,1.2,8.6,1.3,06d68e3c-2c99-4af6-9688-2b248254eba3,0.009249144,0.640486012
545,71150,Darwin Waterfront Precinct,0.7447,https://linked.data.gov.au/dataset/asgsed3/LGA2021/71150,,,,,,,,,,,,,,,,,,,,,,,,,,,,,,,,,,,,,,,,,,30,0.1,472,2744,,,,4.8,12.8,31.9,26,12.1,5.1,,7,1993,5.7,3.8,38,29.1,19,,7,,3d374d49-5015-42a0-962f-197a51d56654,6.19313E-05,0.039463715
546,71300,East Arnhem,33309.9334,https://linked.data.gov.au/dataset/asgsed3/LGA2021/71300,1301,37,43.3,18292,33317,97.8,24,43,0.3,9231,14367,0.6,234,40,,18,67,0.6,20,50,0.4,14334,19346,0.8,922,38,40.1,29231,43534,7.15,2.53,0.35,0.18,0.498,5.2,19.1,32.1,42.3,27.5,15.4,14.9,,,,,,,,66.2,9,5.2,1.9,0.4,5.7,1.5,10.2,465,47.5,21.7,11.7,5.1,1,0.3,11,2.6,22da939a-5a3f-44b7-9672-46c2bdceb1a0,2.774653512,39.00554526
547,72200,Katherine,7416.6444,https://linked.data.gov.au/dataset/asgsed3/LGA2021/72200,6497,36,394,57074,60640,90.2,533,44,8.8,8119,16551,3.7,3209,39,14.3,47,4471,4.5,142,58,4.7,21216,32908,1.3,5625,38,385.5,64209,68533,3.38,1.55,0.46,0.23,0.38,5.1,15.3,24.9,17.2,21.8,32.2,28.8,401,10.1,1791,25106,,,,17.8,16.1,32.8,8.9,3.5,4.7,0.9,15.5,1321,13.7,15.8,38.3,14.1,4.7,1.3,10.1,2.3,cf6ed8df-4fa3-480c-a3a2-d0492ff789c6,0.622352789,3.97224305
548,72300,Litchfield,2903.3391,https://linked.data.gov.au/dataset/asgsed3/LGA2021/72300,12814,41,918.7,65234,71693,83.2,1899,49,43.9,11963,23108,7.4,7828,47,41.7,28,5330,6.8,455,59,16.7,28076,36789,2.2,12877,44,951.3,65253,73877,3.92,1.69,0.43,0.2,0.405,5.1,16.2,26.6,18,20.8,28.8,32.4,1105,49.5,5000,44827,,56,7,14.7,15.6,30.7,10.3,4.6,6,0.7,17.4,1379,9,16.9,38.4,15.1,5.4,1.2,11.8,2.1,d1ace468-c22e-400e-b73f-093a8b5f7d09,0.241480411,4.421734764
549,72330,MacDonnell,268339.0281,https://linked.data.gov.au/dataset/asgsed3/LGA2021/72330,747,37,27.2,21617,36386,96.7,12,28,0.1,1177,8099,0.7,145,45,0.6,29,3838,1.1,11,51,0.1,7141,12415,0.9,550,38,25.6,34652,46511,6.83,2.21,0.32,0.15,0.469,4,16.7,28.9,38.9,24.7,21.2,15.2,,,,,,,,51.3,9.8,8.4,1.8,0.5,3.6,0.2,24.4,459,46.4,15,15.1,5.4,1.8,0.5,7.6,8.4,85a6ee4f-7e9e-4c11-965d-dfdc50d05175,23.93036133,26.4925804
550,72800,Palmerston,52.6559,https://linked.data.gov.au/dataset/asgsed3/LGA2021/72800,22726,36,1618.1,67224,71200,91.4,1969,40,39.2,8466,19927,3.9,12446,38,14.6,13,1177,3,631,56,19.2,22195,30389,1.4,22440,37,1616.2,67256,72023,3.21,1.56,0.49,0.25,0.358,4.3,14.1,23.8,15.3,20.8,32.7,31.1,1461,44.4,2014,30377,,51,17,13.9,17.6,36.7,10.8,3.6,6.9,0.7,9.8,1329,9.7,17.6,44,13.1,3.5,1.1,9.9,1.1,36da841e-11cf-48b0-a8fc-0d38e6d2f44c,0.004378867,0.329653499
551,73600,Roper Gulf,185213.4546,https://linked.data.gov.au/dataset/asgsed3/LGA2021/73600,1553,37,57.3,24567,36904,93.9,84,54,1.8,4610,21377,2.6,322,46,1.3,45,4158,1.8,34,47,0.5,9076,15120,1.5,1210,39,55.7,33955,46039,6.63,2.21,0.33,0.14,0.499,7,19.6,31.9,38.8,27.5,18.9,14.8,27,0.4,2006,13670,,,,54,13.5,8.8,2.2,0.8,5.4,1.3,13.9,479,48.7,21.1,15.3,5.8,1.8,0.8,4.7,1.4,d59f8384-5ffe-4b6f-894a-c8421813671e,15.5990138,33.27733946
552,74050,Tiwi Islands,7483.1661,https://linked.data.gov.au/dataset/asgsed3/LGA2021/74050,497,38,18.6,28610,37425,98.4,9,46,0.1,557,11986,0.3,86,44,0.2,82,2396,0.3,,,,,,,380,39,17.7,37551,46677,5.07,2.04,0.4,0.18,0.44,,17,29.1,32.6,36.8,17.1,13.4,,,,,,,,65,8.2,8.7,2.3,0.3,4.2,0.6,10.9,359,59.1,13.2,10.6,5.1,1.7,,9.3,1.3,124632a4-686d-4967-b2e2-2e486e4511a4,0.620194631,8.826089795
553,74550,Victoria Daly,153287.3722,https://linked.data.gov.au/dataset/asgsed3/LGA2021/74550,735,37,29.1,29588,39527,90.7,52,46,-0.3,3641,-5998,2.8,206,44,0.8,15,3882,4.4,20,48,0.5,9699,25063,2,640,38,27.8,37124,43439,5.97,1.94,0.32,0.14,0.476,4.1,16.2,28.1,36.9,27.4,23.8,11.8,30,0.9,4083,30133,,,,43.1,15.5,14.7,3.7,1.2,4.3,1.8,16.3,561,39.8,19.7,19.7,6,2.7,0.7,9.4,3.6,0a77a02b-0f89-492e-b47e-5a0cf48da999,12.96069448,26.54807632
554,74560,Wagait,5.6628,https://linked.data.gov.au/dataset/asgsed3/LGA2021/74560,235,49,16.5,63843,70060,79.8,43,53,0.8,3520,18484,6.7,144,56,0.5,76,3276,8.7,12,62,0.3,25490,29087,4.3,254,51,17.3,62927,68216,4.54,1.7,0.37,0.05,0.421,,14,24.7,20.6,19.8,26.9,32.8,,,,,,,,27.1,15.5,26.5,11.6,3.3,6.6,,11,890,21.1,20.6,25.1,8.6,3.4,1.7,14.9,1.7,f12d51d5-ac45-4261-9deb-e56ce0eb92e1,0.000470829,0.168181608
555,74660,West Arnhem,49675.0342,https://linked.data.gov.au/dataset/asgsed3/LGA2021/74660,1372,37,68.8,33581,50137,97.7,36,48,0.7,4287,18614,0.6,415,42,-0.2,30,-555,0.6,13,57,0.3,16141,24271,0.8,1093,39,64.6,46840,59127,7.67,2.12,0.28,0.11,0.469,4.8,16.5,28.4,31.6,21.9,19.9,26.6,47,1.1,3000,22480,,,,58,10.3,10.1,3.3,1.3,4.9,0.4,11.6,564,38.9,16.6,18.8,8.1,2.9,0.3,9.7,4.9,ba725865-df63-480a-a5eb-b2c29dda1d06,4.130571511,23.23531891
556,74680,West Daly,14069.698,https://linked.data.gov.au/dataset/asgsed3/LGA2021/74680,482,38,20.9,30950,43352,98.4,10,31,0.1,5186,9477,0.2,,,,,,,15,49,0.1,6710,8272,0.9,436,39,20.9,35450,47870,5.46,2.21,0.41,0.25,0.449,,16.7,28.4,33.7,31.9,18.2,16.2,,,,,,,,65.7,5.8,7.1,1.7,0.7,5,0.5,13.3,312,57.6,6,10.2,5.2,1.4,,15.3,2.8,b3bf3d5e-98ed-4aca-a606-9a431b9cad8f,1.178261639,7.556528595
557,79399,Unincorporated NT,19792.8884,https://linked.data.gov.au/dataset/asgsed3/LGA2021/79399,,,,,,,,,,,,,,,,,,,,,,,,,,,,,,,,,,,,,,,,,,346,10.3,2761,29641,,9,,11.1,16.3,27.9,11.9,5.3,4.8,0.5,22.4,1393,8,18.6,40.8,15.2,5.7,1,8.2,2.5,abc71f51-c05f-4a1f-a1fd-70799e481e17,1.650132775,19.27130676
558,79499,No usual address (NT),,https://linked.data.gov.au/dataset/asgsed3/LGA2021/79499,,,,,,,,,,,,,,,,,,,,,,,,,,,,,,,,,,,,,,,,,,,,,,,,,,,,,,,,,,,,,,,,,,726aaa8e-2cb0-4b3a-8ed6-ffdb9e15569a,,
559,79799,Migratory - Offshore - Shipping (NT),,https://linked.data.gov.au/dataset/asgsed3/LGA2021/79799,,,,,,,,,,,,,,,,,,,,,,,,,,,,,,,,,,,,,,,,,,,,,,,,,,,,,,,,,,,,,,,,,,72c9be45-cc2b-4a5a-a3f2-a5fce74db683,,
560,89399,Unincorporated ACT,2358.133,https://linked.data.gov.au/dataset/asgsed3/LGA2021/89399,256321,37,20036.3,70814,78169,79,27400,43,845.3,9287,30850,3.9,202906,43,1314.6,120,6479,7.8,33778,67,1488.5,39000,44066,8.7,285300,41,22722.7,68325,79645,4.03,1.68,0.42,0.2,0.424,6.8,18.5,29,17.7,20.2,26.6,35.5,40608,1890.7,2158,46559,56,909,180,15.7,17.6,32.7,14.3,7.8,6.7,0.3,4.9,1553,8,16.2,40.6,19.7,9.5,0.9,4.2,0.8,6c5be60e-0a0b-449d-b4e5-d87d5303f062,0.234227204,3.032133031
561,89499,No usual address (ACT),,https://linked.data.gov.au/dataset/asgsed3/LGA2021/89499,,,,,,,,,,,,,,,,,,,,,,,,,,,,,,,,,,,,,,,,,,,,,,,,,,,,,,,,,,,,,,,,,,68136bc7-a474-49dd-bbc7-23f0109f3c7c,,
562,89799,Migratory - Offshore - Shipping (ACT),,https://linked.data.gov.au/dataset/asgsed3/LGA2021/89799,,,,,,,,,,,,,,,,,,,,,,,,,,,,,,,,,,,,,,,,,,,,,,,,,,,,,,,,,,,,,,,,,,bd1147dd-a1d6-4c66-ad79-6564bb9c99fc,,
563,99399,Unincorp. Other Territories,105.8806,https://linked.data.gov.au/dataset/asgsed3/LGA2021/99399,,,,,,,,,,,,,,,,,,,,,,,,,,,,,,,,,,,,,,,,,,84,5.1,9536,60419,,14,,24.5,29.4,21.1,4.3,1.8,3.6,1,14.8,852,19.6,33.4,30.8,4.2,2,1.5,4.8,3.3,f6779ecf-8318-4f27-9728-16ec53f953af,0.010230644,1.301008458
564,99499,No usual address (OT),,https://linked.data.gov.au/dataset/asgsed3/LGA2021/99499,,,,,,,,,,,,,,,,,,,,,,,,,,,,,,,,,,,,,,,,,,,,,,,,,,,,,,,,,,,,,,,,,,8e6529cf-625b-48cb-91db-7c23e7ec74e0,,
565,99799,Migratory - Offshore - Shipping (OT),,https://linked.data.gov.au/dataset/asgsed3/LGA2021/99799,,,,,,,,,,,,,,,,,,,,,,,,,,,,,,,,,,,,,,,,,,,,,,,,,,,,,,,,,,,,,,,,,,225b34d2-f431-4375-93c6-cb699d64f3a9,,
566,ZZZZZ,Outside Australia,,https://linked.data.gov.au/dataset/asgsed3/LGA2021/ZZZZZ,,,,,,,,,,,,,,,,,,,,,,,,,,,,,,,,,,,,,,,,,,,,,,,,,,,,,,,,,,,,,,,,,,253f67fc-2d82-4ae5-bdd6-397019a9d983,,