OBJECTID,Local Government Areas 2021 code,Local Government Areas 2021 name,Area in square kilometres,Uniform Resource Identifier,Persons who reported having private health insurance (no.) (Data year: 2022),Persons with disability (no.) (Data year: 2018),Persons with disability (%) (Data year: 2018),Persons with profound/severe core activity limitation (no.) (Data year: 2018),Persons with profound/severe core activity limitation (%) (Data year: 2018),Persons with moderate/mild core activity limitation (no.) (Data year: 2018),Persons with moderate/mild core activity limitation (%) (Data year: 2018),Persons who are carers (no.) (Data year: 2018),Persons who are carers (%) (Data year: 2018),Persons aged 15 years and over who are primary carers (no.) (Data year: 2018),Persons aged 15 years and over who are primary carers (%) (Data year: 2018),Persons who are non-primary carers (no.) (Data year: 2018),Persons who are non-primary carers (%) (Data year: 2018),"Persons with disability aged 15 years and over who need assistance or have difficulty with household chores, meal preparation or property maintenance (accommodation support) (no.) (Data year: 2018)","Persons with disability aged 15 years and over who need assistance or have difficulty with household chores, meal preparation or property maintenance (accommodation support) (%) (Data year: 2018)",Persons with disability who need assistance or have difficulty with personal/health care (no.) (Data year: 2018),Persons with disability who need assistance or have difficulty with personal/health care (%) (Data year: 2018),Persons with disability aged 16 years and over who need assistance or have difficulty with private transport (no.) (Data year: 2018),Persons with disability aged 16 years and over who need assistance or have difficulty with private transport (%) (Data year: 2018),Persons with disability aged 0-64 years whose need for assistance with core activities is fully met (no.) (Data year: 2018),Persons with disability aged 0-64 years whose need for assistance with core activities is fully met (%) (Data year: 2018),Persons with disability aged 0-64 years whose need for assistance with core activities is partly met or not met at all (no.) (Data year: 2018),Persons with disability aged 0-64 years whose need for assistance with core activities is partly met or not met at all (%) (Data year: 2018),Persons who have need for assistance with core activities (no.) (Data year: 2021),Persons who have need for assistance with core activities (%) (Data year: 2021),Persons with long-term health condition(s): Arthritis (%) (Data year: 2021),Persons with long-term health condition(s): Asthma (%) (Data year: 2021),Persons with long-term health condition(s): Cancer (including remission) (%) (Data year: 2021),Persons with long-term health condition(s): Dementia (including Alzheimer's) (%) (Data year: 2021),Persons with long-term health condition(s): Diabetes (excluding gestational diabetes) (%) (Data year: 2021),Persons with long-term health condition(s): Heart disease (including heart attack or angina) (%) (Data year: 2021),Persons with long-term health condition(s): Kidney disease (%) (Data year: 2021),Persons with long-term health condition(s): Lung condition (including COPD or emphysema) (%) (Data year: 2021),Persons with long-term health condition(s): Mental health condition (including depression or anxiety) (%) (Data year: 2021),Persons with long-term health condition(s): Stroke (%) (Data year: 2021),Persons with other long-term health condition(s) (%) (Data year: 2021),Persons with no long-term health condition(s) (%) (Data year: 2021),globalid,Shape__Area,Shape__Length
1,10050,Albury,305.6386,https://linked.data.gov.au/dataset/asgsed3/LGA2021/10050,20604,11914,22.6,3324,6.3,5546,10.5,6943,13.2,2204,5.2,4082,7.7,4821,11.4,6313,12,2775,6.7,1233,2.8,534,1.2,3916,7,10.1,10.2,3.4,0.8,4.9,4.7,1,2.2,11.6,1.2,8.4,55,80b389e9-6fcd-49d0-9b2f-6eedfa3d1d5d,0.0305604098057302,1.32176762431458
2,10180,Armidale Regional,7809.4406,https://linked.data.gov.au/dataset/asgsed3/LGA2021/10180,9380,5882,20.3,1480,5.1,3077,10.6,3713,12.8,1114,4.7,2657,9.2,2154,9.1,2921,10.1,1159,4.9,650,2.7,247,1,1528,5.2,8.9,9.4,3.2,0.6,4.1,4.2,0.9,1.9,9.6,1,8.1,54.2,a5f86050-4e4a-4011-8d5c-fdd8fc604758,0.732824737156079,6.03458271577016
3,10250,Ballina,484.9692,https://linked.data.gov.au/dataset/asgsed3/LGA2021/10250,16450,10507,24.1,3184,7.3,5371,12.3,6083,14,2041,5.7,3767,8.6,5054,14,5648,13,2813,7.9,1003,3,287,0.9,3117,6.7,10.9,8.1,4,1.1,4.3,5.6,1.2,2.5,10,1.4,8.5,55.4,8ad153dd-ad35-41a5-90c8-3a9ebd5ed8c2,0.0448434369468487,1.51112127170985
4,10300,Balranald,21690.7493,https://linked.data.gov.au/dataset/asgsed3/LGA2021/10300,724,420,18.5,152,6.7,269,11.9,325,14.3,89,5,200,8.8,141,8,206,9.1,114,6.5,58,3.1,24,1.3,124,5.6,8.3,8,2.3,0.5,4.8,4.7,1,1.6,4.9,0.9,5.2,54.4,40079107-4990-4df8-b5e8-965d280e1c4d,2.11552808722536,11.4899119511329
5,10470,Bathurst Regional,3817.8645,https://linked.data.gov.au/dataset/asgsed3/LGA2021/10470,14018,8587,20.8,2771,6.7,3991,9.6,6103,14.8,1623,4.9,3672,8.9,3273,10,4282,10.4,1808,5.6,1086,3.1,458,1.3,2807,6.4,10.4,11.1,3.2,0.9,5,4,0.9,2,10.9,1.1,8.9,53.1,bccadb31-c0da-4028-bb75-eb9da8f00208,0.370148777416034,5.39511407526543
6,10500,Bayside (NSW),50.6204,https://linked.data.gov.au/dataset/asgsed3/LGA2021/10500,57383,20166,11.7,6882,4,9367,5.4,14168,8.2,4622,3.2,10851,6.3,8971,6.2,10889,6.3,6504,4.5,1956,1.3,1227,0.8,8844,5,5.8,5.4,2.1,0.8,4.4,3,0.8,0.9,5.4,0.7,6.6,68.2,6160a5d6-6da7-40ea-8710-e4de034ecf95,0.00493713955120256,0.576414859777446
7,10550,Bega Valley,6278.5013,https://linked.data.gov.au/dataset/asgsed3/LGA2021/10550,12449,7827,23.1,2153,6.3,4710,13.9,5468,16.1,1784,6.3,3248,9.6,3329,11.7,4403,13,1599,5.7,831,3.3,255,1,2273,6.3,13.7,8.8,4.2,0.8,5.1,6.1,1.6,3.1,10.3,1.2,8.8,51.6,03a2598c-1e36-4ac4-833c-ffff2e5d23e7,0.634170324692604,6.14082057609557
8,10600,Bellingen,1600.4338,https://linked.data.gov.au/dataset/asgsed3/LGA2021/10600,3915,2300,17.9,764,6,1638,12.8,1627,12.7,663,6.3,968,7.5,1031,9.8,1471,11.5,546,5.3,325,3.3,114,1.2,830,6.3,11.2,7.4,3.9,1.1,4.2,5.1,1.3,3,10.3,1.2,9.4,53.8,57d5f268-f9d1-43d9-8bff-f7f283e4dd3d,0.150235002870886,2.31147779771911
9,10650,Berrigan,2065.8878,https://linked.data.gov.au/dataset/asgsed3/LGA2021/10650,2840,2097,24.5,587,6.9,1205,14.1,1419,16.6,399,5.6,869,10.1,882,12.5,1006,11.7,506,7.2,201,3.3,46,0.8,644,7.4,15.3,10.5,4.4,1.2,6.2,6.6,1.4,2.6,10,1.5,7.7,47.4,33eff2f6-4cb7-4534-938f-c286d3c299ad,0.205817890297567,2.91769996684886
10,10750,Blacktown,238.8471,https://linked.data.gov.au/dataset/asgsed3/LGA2021/10750,109215,49437,13.6,16584,4.6,22808,6.3,35388,9.7,11587,4.1,25210,6.9,20290,7.3,29321,8.1,12216,4.4,7326,2.2,3613,1.1,21032,5.3,6.1,7.3,1.7,0.5,6.1,3,0.8,1.2,6,0.7,7,65.4,2e081ea8-41cf-4e3b-a783-9c8b7b9ac7e1,0.0232385342424095,0.741290550227582
11,10800,Bland,8557.6536,https://linked.data.gov.au/dataset/asgsed3/LGA2021/10800,2182,1256,21.2,424,7.1,696,11.7,993,16.7,235,5,591,10,453,9.6,776,13.1,287,6.2,166,3.5,55,1.2,292,5.3,12.7,8.7,3.6,0.5,5.5,4.3,1,2.4,6.9,1,5.7,55,0ff3f10d-7899-4765-8bf8-5816aa0e4d22,0.834081970328953,5.65858788765292
12,10850,Blayney,1524.647,https://linked.data.gov.au/dataset/asgsed3/LGA2021/10850,2769,1676,23.1,548,7.5,791,10.9,754,10.4,294,5.1,474,6.5,575,10.1,890,12.3,359,6.4,204,3.4,79,1.3,421,5.6,10.5,10.5,3.7,0.6,5.4,4.5,0.9,2.5,9.5,1,7.5,55,0bc59a13-3a45-43b1-a51b-db50660fb316,0.14809141903379,2.28606621339244
13,10900,Blue Mountains,1431.1442,https://linked.data.gov.au/dataset/asgsed3/LGA2021/10900,29053,17553,22.4,4133,5.3,8396,10.7,12015,15.3,3086,4.8,8977,11.5,5672,8.9,8710,11.1,3056,4.9,1705,2.7,673,1.1,4568,5.8,10.6,9.5,3.8,0.8,4.6,5,1,2.2,11.4,1,10.6,54.9,779f91d5-d958-4f7d-be66-5863aec49b8a,0.139172971469634,3.09787950379781
14,10950,Bogan,14599.8996,https://linked.data.gov.au/dataset/asgsed3/LGA2021/10950,903,405,15.2,153,5.7,248,9.3,309,11.6,92,4.4,198,7.4,136,6.5,229,8.6,125,6,64,2.9,25,1.1,111,4.5,8.8,8.6,3.5,0.5,5.1,4.7,1.2,1.9,6.3,1,4,59.1,52d1e228-42d7-4a58-aae5-5c42d4f0d279,1.38661461573838,7.41067738370892
15,11150,Bourke,41598.3722,https://linked.data.gov.au/dataset/asgsed3/LGA2021/11150,723,,,,,,,,,,,,,,,,,,,,,,,102,4.4,6,8,2,0.9,5.1,4.6,0.9,1.7,6.4,1.1,6.2,51.3,f3fe5fd0-2763-4a88-bafe-e7e19e1b39c7,3.88597290706275,10.6190349265777
16,11200,Brewarrina,19162.0296,https://linked.data.gov.au/dataset/asgsed3/LGA2021/11200,249,,,,,,,,,,,,,,,,,,,,,,,52,3.8,7.1,8.7,1.1,0.9,8.5,5,1.7,1.1,4.5,1.1,2.5,56.8,7a03d27d-af0d-413f-a231-43a554422632,1.78796378978359,9.88993546752901
17,11250,Broken Hill,170.1153,https://linked.data.gov.au/dataset/asgsed3/LGA2021/11250,4728,4456,25.7,1036,6,2709,15.6,2354,13.6,855,6,1865,10.7,1703,11.9,1870,10.8,1024,7.2,452,3.3,158,1.2,1462,8.3,14.2,12.1,3.4,1,8.1,6.1,1.6,3.4,11.8,1.3,8.5,46.4,78db7bf1-0123-46f4-943c-98f9caf2456f,0.0162258192067384,0.610208145840146
18,11300,Burwood,7.1282,https://linked.data.gov.au/dataset/asgsed3/LGA2021/11300,13400,3492,8.9,1442,3.7,1708,4.4,3050,7.8,1029,3,2063,5.3,1901,5.6,2137,5.5,1334,4,392,1.1,268,0.8,2045,5.1,5,4.5,1.9,0.7,4.1,2.8,0.7,0.8,4.7,0.6,6.5,70.4,f464ee5a-25f0-401c-8fc7-3819d943f5d4,0.000694723517881357,0.11916527814494
19,11350,Byron,565.8027,https://linked.data.gov.au/dataset/asgsed3/LGA2021/11350,11510,5732,16.8,1594,4.7,3202,9.4,3328,9.7,1505,5.3,1985,5.8,2604,9.2,3197,9.4,1614,5.8,682,2.4,318,1.1,1490,4.1,6.8,6,2.8,0.5,2,3,0.6,1.8,7.5,0.8,7.1,60.6,f530fff4-de60-42fe-8864-3716c7ccd957,0.0521959776610856,1.5592983893132
20,11400,Cabonne,6022.3496,https://linked.data.gov.au/dataset/asgsed3/LGA2021/11400,5255,2774,20.3,683,5,1548,11.3,2373,17.4,505,4.7,1844,13.5,1003,9.4,1427,10.4,558,5.3,286,2.6,129,1.2,681,4.9,10.5,9,3.5,0.8,4.9,4.5,0.9,2.3,8.9,0.9,6.9,56.5,4837cef2-be7f-49f9-97b1-03e8bf218cf8,0.582059950240364,6.71622612148118
21,11450,Camden,201.5278,https://linked.data.gov.au/dataset/asgsed3/LGA2021/11450,40978,12228,13.1,3604,3.9,5888,6.3,9095,9.8,2748,3.9,6444,6.9,4482,6.4,6878,7.4,2997,4.3,1622,1.9,943,1.1,5530,4.6,6.6,7.8,2.1,0.5,4.1,2.8,0.7,1.1,7.2,0.6,7.3,66.2,bec3e6ae-61bc-49be-8c1c-60c999013671,0.0196679022537865,0.781939032252249
22,11500,Campbelltown (NSW),311.4117,https://linked.data.gov.au/dataset/asgsed3/LGA2021/11500,39000,27900,16.7,8772,5.3,13306,8,20625,12.4,6260,4.8,13968,8.4,12172,9.4,13748,8.2,7431,5.8,4106,2.8,1657,1.1,11184,6.3,8.6,8.5,2.3,0.6,6.6,3.7,1,1.6,7.7,0.9,8.1,60.6,4addf28c-bf76-4dc6-b13f-70d6e860b60c,0.0304183427115277,0.992641695286971
23,11520,Canada Bay,19.9239,https://linked.data.gov.au/dataset/asgsed3/LGA2021/11520,41493,10022,10.6,3343,3.5,4611,4.9,6967,7.4,2065,2.6,5229,5.6,3760,4.8,5394,5.7,2916,3.7,898,1.1,612,0.8,3863,4.3,6.4,5.7,2.7,0.6,3.8,3.3,0.7,0.9,5.3,0.7,7.1,67.7,df33274d-5e3d-48a0-8299-3f0f0af5c13a,0.00194089491333216,0.438232040681325
24,11570,Canterbury-Bankstown,110.2374,https://linked.data.gov.au/dataset/asgsed3/LGA2021/11570,90592,52294,14.1,19556,5.3,25067,6.8,37957,10.3,12976,4.4,26337,7.1,22336,7.6,27849,7.5,15984,5.5,6415,2,3527,1.1,25076,6.8,6.3,5.6,2,0.7,5.6,3.1,0.9,1.1,5.1,0.8,7.2,65.4,6515ffdc-8e03-44f3-b885-197dec5140b6,0.0107476703929024,0.710778006903495
25,11600,Carrathool,18934.4853,https://linked.data.gov.au/dataset/asgsed3/LGA2021/11600,992,636,22.6,197,7,333,11.8,484,17.2,105,4.7,299,10.6,200,8.9,335,11.9,126,5.7,76,3.1,31,1.3,115,4,7.6,9.6,2.6,0.5,4.2,3.4,0.9,2.1,6.2,1,4.8,57.1,8c3497d6-ff66-4ff4-a89a-cfc1891ee7df,1.83949538303705,11.0103988865211
26,11650,Central Coast (NSW),1681.0059,https://linked.data.gov.au/dataset/asgsed3/LGA2021/11650,109042,71277,21.1,20676,6.1,37134,11,39367,11.6,14365,5.3,22449,6.6,27657,10.1,37755,11.2,17911,6.7,7671,2.8,2911,1.1,24360,7,11.5,9.6,3.7,1.1,5.5,5,1.3,2.7,11,1.3,9,54.2,7a0c8f60-c855-4477-816a-610eb63080a6,0.162751102313905,5.26114666875877
27,11700,Central Darling,53492.193,https://linked.data.gov.au/dataset/asgsed3/LGA2021/11700,338,,,,,,,,,,,,,,,,,,,,,,,70,4.1,8.8,7.4,1.8,0.5,6.7,4.8,1.9,2.4,5.5,1.5,4.1,50.9,110a7a23-ed27-4833-a3f9-c5c92b715ce0,5.09757746690866,16.1989595993077
28,11720,Cessnock,1965.1593,https://linked.data.gov.au/dataset/asgsed3/LGA2021/11720,18645,17173,29.9,3801,6.6,8124,14.1,9864,17.2,2778,6.2,7138,12.4,6459,14.4,9614,16.7,3437,7.8,1811,3.7,640,1.3,4952,7.8,11.8,11,3.1,0.8,6,4.9,1.3,2.7,13,1.2,8.8,50.6,ed37c5ab-7c1c-44f9-a2ad-a8c46c207227,0.189449688591139,2.98220593378245
29,11730,Clarence Valley,10428.6804,https://linked.data.gov.au/dataset/asgsed3/LGA2021/11730,13598,11990,23.6,3724,7.3,7256,14.3,6432,12.7,2815,6.7,3939,7.8,6326,15.1,6527,12.9,3544,8.6,1516,4,425,1.1,4580,8.5,14.3,9.4,4.4,1.1,6.1,6.3,1.7,3.6,11.4,1.5,8.8,48.8,c34d5b8f-4470-4bb1-b47d-ed3e88e8115d,0.972005782396081,7.20568439585164
30,11750,Cobar,45575.3512,https://linked.data.gov.au/dataset/asgsed3/LGA2021/11750,1327,1047,22.9,283,6.2,582,12.7,680,14.8,165,4.7,391,8.5,233,6.6,568,12.4,277,8,120,3,48,1.2,180,4.4,8.3,8.8,2.6,1,5.6,4.2,0.8,1.8,6.5,0.8,5.8,53.6,b308813e-6108-4050-a396-5fbca1088e07,4.34373576024973,13.6851359533945
31,11800,Coffs Harbour,1173.7435,https://linked.data.gov.au/dataset/asgsed3/LGA2021/11800,23854,13723,18.2,4507,6,8470,11.2,7394,9.8,3453,5.6,4244,5.6,6859,11.2,7782,10.3,3986,6.6,1824,3,665,1.1,5415,6.9,12.1,8.5,3.8,1,4.5,5.4,1.2,2.9,10.8,1.2,8.7,54.2,ea631835-eb7c-4407-ae1a-85eca9882b96,0.109945439683543,2.55729262331171
32,12000,Coolamon,2430.9037,https://linked.data.gov.au/dataset/asgsed3/LGA2021/12000,1711,924,21.5,282,6.6,549,12.8,631,14.7,187,5.5,374,8.7,371,10.9,525,12.2,245,7.3,106,3.1,43,1.3,324,7.4,12.1,12.3,3.7,0.8,6.2,4.8,1,3.1,9.8,0.9,8.1,53,9363cae4-a3e2-41a9-82c5-12b0572d0711,0.238980517124673,2.75871224696058
33,12150,Coonamble,9916.0535,https://linked.data.gov.au/dataset/asgsed3/LGA2021/12150,1148,1086,27.8,344,8.8,515,13.2,790,20.2,180,5.9,391,10,356,11.7,600,15.4,305,10.2,131,4,50,1.5,261,7,9.6,11.8,3.3,1.1,7,5.2,1.5,2.3,7.9,0.9,5.9,48.9,f2a9325d-0f42-4a15-8d3f-651587837c59,0.935258481154051,5.70290505756261
34,12160,Cootamundra-Gundagai Regional,3981.4172,https://linked.data.gov.au/dataset/asgsed3/LGA2021/12160,3619,3193,28.7,768,6.9,1719,15.5,1607,14.5,525,5.8,975,8.8,1323,14.7,1481,13.3,679,7.6,287,3.4,91,1.1,877,7.7,14.1,10.3,4.6,1.1,7,6.2,1.8,3.4,10,1.6,7.1,50.7,2804a203-d020-402b-be63-973c6e98419b,0.392439130642288,5.27439420054471
35,12350,Cowra,2808.7821,https://linked.data.gov.au/dataset/asgsed3/LGA2021/12350,3571,3676,29.3,902,7.2,1795,14.3,1678,13.4,627,6.2,1078,8.6,1398,13.7,1885,15,766,7.6,350,3.7,117,1.2,1021,8,13.4,9.8,3.9,1.1,6.4,5.1,1.2,3.2,10.7,1.2,8.4,50.6,46d61a70-a1c0-49ec-b777-85068bd5462a,0.273452199880467,4.30511524672205
36,12380,Cumberland,72.7496,https://linked.data.gov.au/dataset/asgsed3/LGA2021/12380,50028,31622,13.4,11647,5,14769,6.3,22758,9.7,7879,4.2,14783,6.3,12838,6.9,18970,8.1,9278,5,4425,2.1,2235,1.1,14036,6,5.2,4.8,1.5,0.5,5.3,2.8,0.7,0.9,4.2,0.6,6.1,68.6,d00d45b3-371a-44d2-b997-515528c0a4e6,0.00708653262609005,0.516181969027185
37,12390,Dubbo Regional,7534.5251,https://linked.data.gov.au/dataset/asgsed3/LGA2021/12390,17262,10079,19.5,2856,5.5,5543,10.7,7179,13.9,1910,4.8,5395,10.5,4409,11,5494,10.6,2370,6,1216,2.8,477,1.1,3271,6,9.9,10.2,2.9,0.8,5.4,4.6,1.2,2.2,9.7,1,7.5,52.9,c28b9001-87a5-4d78-b920-ec011fda377e,0.722387283105036,5.62963636367342
38,12700,Dungog,2249.9983,https://linked.data.gov.au/dataset/asgsed3/LGA2021/12700,3814,2698,29.1,622,6.7,1199,12.9,1691,18.2,437,5.8,1236,13.3,872,11.6,1204,13,536,7.3,258,3.5,87,1.2,558,5.8,12.3,10.5,3.7,0.8,5.2,5.1,1.2,2.1,10.4,1.1,7.8,55.8,78c40bba-4e62-4aec-ad05-22bfa10c2b36,0.215545150465914,2.6278297693423
39,12730,Edward River,8883.4463,https://linked.data.gov.au/dataset/asgsed3/LGA2021/12730,3419,1992,22.4,456,5.1,1247,14,1053,11.9,369,5.1,849,9.6,872,12,997,11.2,529,7.4,200,2.9,73,1.1,606,7.2,12.2,10,3.2,1.2,5.7,5.1,0.9,2.6,9.9,1.1,7.8,51,54942016-6761-44f5-a2c8-6a1b49aaa5ec,0.878986535417425,5.92887422075272
40,12750,Eurobodalla,3428.1695,https://linked.data.gov.au/dataset/asgsed3/LGA2021/12750,11750,10736,28.5,2877,7.6,5403,14.3,5556,14.8,2114,6.6,3719,9.9,4344,13.6,5825,15.5,2401,7.6,1039,3.9,237,0.9,3139,7.7,15.6,8.9,5,1.3,5.8,6.2,1.6,3.2,10.6,1.5,9.5,48.6,20098a72-9523-483c-ad1b-758749b87bfa,0.342431228213172,4.59512186788966
41,12850,Fairfield,101.5072,https://linked.data.gov.au/dataset/asgsed3/LGA2021/12850,36526,35779,17.1,15538,7.4,17542,8.4,30871,14.8,9267,5.5,21058,10.1,18704,11.1,20010,9.6,9857,5.9,6525,3.6,2352,1.3,19285,9.3,7.1,5.4,1.9,0.9,6.8,3.6,1,1.1,4.9,1,8.5,64.4,ace352a8-cb5c-4bf2-9ab0-3e2a2ebe3909,0.00989007265343389,0.652562024602059
42,12870,Federation,5684.9253,https://linked.data.gov.au/dataset/asgsed3/LGA2021/12870,4476,3093,25,768,6.2,1923,15.6,1706,13.8,572,5.6,1201,9.7,1400,13.7,1538,12.4,761,7.6,263,2.9,85,0.9,916,7.1,14.6,10.4,4.4,0.8,6.6,6.6,1.5,3.3,9.9,1.4,7.2,49.9,f441d71c-578a-4da0-b92f-33f73b802846,0.564731764193766,6.27295618320177
43,12900,Forbes,4710.128,https://linked.data.gov.au/dataset/asgsed3/LGA2021/12900,2943,2020,21.1,528,5.5,1253,13.1,1235,12.9,382,5,795,8.3,791,10.4,1118,11.7,429,5.7,219,2.9,86,1.1,570,6.1,11.9,9.2,4.1,0.9,6.4,5.3,1.3,2.7,9.3,1,6.7,54.1,47259941-202b-46a9-8528-6880fccf21be,0.456608601359676,5.12684090143275
44,12930,Georges River,38.3375,https://linked.data.gov.au/dataset/asgsed3/LGA2021/12930,57976,19090,12.2,6843,4.4,9839,6.3,15253,9.7,4836,3.7,11988,7.7,8865,6.8,10521,6.7,5628,4.4,1850,1.4,1154,0.9,8137,5.3,6.1,5.2,2.5,0.8,4.4,3.6,0.8,0.9,4.9,0.8,7.1,68.7,287c76fb-a263-4577-8c5a-49953629612b,0.00373993125276684,0.566678252295532
45,12950,Gilgandra,4831.5057,https://linked.data.gov.au/dataset/asgsed3/LGA2021/12950,1297,877,21.2,314,7.6,582,14.1,711,17.2,184,5.6,490,11.8,466,14.1,585,14.1,193,5.9,111,3.5,40,1.3,306,7.1,12.2,9.7,3.6,0.6,5.2,5.5,1.1,2.4,8.2,0.9,7.7,50.4,7e5bb28d-31d3-4ade-8bc1-784d498ae4e6,0.459248564031441,3.8780519383578
46,13010,Glen Innes Severn,5479.977,https://linked.data.gov.au/dataset/asgsed3/LGA2021/13010,2432,2282,26.6,581,6.8,1390,16.2,1196,13.9,462,6.6,798,9.3,897,12.8,1607,18.7,468,6.8,268,4.2,78,1.2,715,8,13.8,9.7,4.2,1,6.2,6.2,1.2,3.5,11.2,1.6,9.3,46.7,b9ea900a-9a27-4854-a41d-a33603b85898,0.510574837637705,4.83865423691355
47,13310,Goulburn Mulwaree,3220.0796,https://linked.data.gov.au/dataset/asgsed3/LGA2021/13310,9409,6317,21.4,1582,5.4,3317,11.2,2878,9.7,1201,5,1746,5.9,2452,10.2,2556,8.7,1390,5.9,656,2.7,234,1,2315,7.2,12.8,10.1,3.6,1,6,5.1,1.8,2.9,10.6,1.1,9.1,51.3,7c4708d9-ce1f-4a8f-8293-a5935bdf28f5,0.317481934222542,4.79309004335945
48,13340,Greater Hume Shire,5749.3875,https://linked.data.gov.au/dataset/asgsed3/LGA2021/13340,4601,2653,25.3,629,6,1318,12.6,1756,16.8,428,5.3,1128,10.8,710,8.7,1005,9.6,485,6.1,234,2.8,100,1.2,670,6,10.8,10.1,3.5,0.6,5,4.8,1.2,2.1,8.9,1,7.2,54.5,598dcbc0-49f0-4acb-8bea-c827ea7b0b1b,0.572906561905256,5.60911440413722
49,13450,Griffith,1639.1732,https://linked.data.gov.au/dataset/asgsed3/LGA2021/13450,9630,4441,16.7,1481,5.6,2459,9.3,2695,10.2,934,4.5,1700,6.4,1714,8.2,2306,8.7,918,4.5,532,2.4,228,1,1375,5.1,8,9.3,2.6,0.7,4.6,3.2,0.7,1.5,7.1,0.9,5.8,59.8,eedb9986-89e7-4d10-a20a-36311bda4c16,0.160517455830359,2.32908629240075
50,13550,Gunnedah,4987.0295,https://linked.data.gov.au/dataset/asgsed3/LGA2021/13550,4281,2063,16.6,742,6,1443,11.6,1237,9.9,483,5,730,5.9,843,8.7,1132,9.1,571,6,303,2.9,115,1.1,793,6.1,9.6,9.7,3.1,0.7,5.2,4.5,1.2,2.5,8,1.2,6.6,54.7,8442d4da-a845-4498-ae54-cc19bfa5ce07,0.471213293979872,5.25284674114687
51,13660,Gwydir,9259.6544,https://linked.data.gov.au/dataset/asgsed3/LGA2021/13660,1589,1175,22.2,397,7.5,725,13.7,799,15.1,251,5.9,467,8.8,492,11.6,771,14.6,261,6.2,148,3.7,55,1.4,430,8.8,13.4,9.9,3.8,1.1,6.4,5.1,1.1,3,8.6,2,7.9,50.4,e566d04a-37bc-416f-8e0d-c2542e2fc991,0.862318650460566,6.72311948464304
52,13800,Hawkesbury,2775.1378,https://linked.data.gov.au/dataset/asgsed3/LGA2021/13800,24185,11299,17,3541,5.3,5336,8,7686,11.6,2391,4.5,5100,7.7,4265,8,6684,10.1,2618,5,1540,2.7,660,1.2,3735,5.6,9.1,8.5,3,0.7,4.8,4,1,1.9,9.3,0.8,8.2,59,19a37443-21a0-492f-b1ff-e45e03eb16ee,0.268763594517623,3.91064528679853
53,13850,Hay,11325.9324,https://linked.data.gov.au/dataset/asgsed3/LGA2021/13850,997,637,21.6,191,6.5,378,12.8,458,15.5,122,5.1,267,9.1,213,8.9,269,9.1,135,5.7,75,3.2,28,1.2,180,6.2,10.6,11,3.6,1.2,6.5,5.5,1.3,3,8.6,0.9,5.8,50.1,2105062a-4c76-4e35-bb7c-6ab91e4c4612,1.10932057575519,7.53504312862277
54,13910,Hilltops,7140.8865,https://linked.data.gov.au/dataset/asgsed3/LGA2021/13910,6152,4790,25.9,1159,6.3,2324,12.6,2673,14.4,845,5.7,1485,8,2109,14.3,2658,14.4,1015,7,497,3.4,174,1.2,1368,7.1,13.2,10.5,3.6,1.1,5.9,5,1.3,3.1,9.5,1.3,7.7,52.4,8bdac0c4-217a-4a03-a986-880ade7fd260,0.699703040185341,6.64865134565627
55,14000,Hornsby,455.0374,https://linked.data.gov.au/dataset/asgsed3/LGA2021/14000,74603,17336,11.7,5808,3.9,8892,6,14208,9.6,4157,3.5,9722,6.5,6190,5.2,8350,5.6,4369,3.7,1961,1.6,976,0.8,7020,4.6,6.9,6.9,2.9,0.9,4.1,3.7,0.7,1,6.5,0.7,8.2,65.4,3fb0231a-c4bc-44b0-a0e0-3c6269f35ccd,0.0441932929147697,2.47648848207718
56,14100,Hunters Hill,5.7169,https://linked.data.gov.au/dataset/asgsed3/LGA2021/14100,7270,1555,11.2,500,3.6,783,5.7,1308,9.5,370,3.3,1052,7.6,635,5.7,823,6,432,3.9,191,1.7,86,0.8,635,4.7,7.9,6.5,3.5,0.9,3,4.2,0.6,1.2,5.9,0.8,7.1,63.2,d9062aad-fe42-48d5-b749-ecb63ec39dba,0.000556825960757124,0.218158020571003
57,14170,Inner West,35.2115,https://linked.data.gov.au/dataset/asgsed3/LGA2021/14170,78931,23330,12,7300,3.7,10293,5.3,19260,9.9,4474,2.7,14265,7.3,10054,6.1,12023,6.2,7034,4.3,2688,1.6,1540,0.9,8828,4.8,6.1,8,2.5,0.8,3.4,2.8,0.7,1.1,10.4,0.7,8.5,62.5,7c2d7052-cba5-41ff-8c9f-888e8eb7d684,0.00343160112652185,0.427888136592344
58,14220,Inverell,9404.7564,https://linked.data.gov.au/dataset/asgsed3/LGA2021/14220,4923,3839,21.9,1157,6.6,2322,13.2,2212,12.6,806,5.8,1379,7.9,1606,11.6,2589,14.8,765,5.6,447,3.2,196,1.4,1245,7,12,9.5,3.3,0.8,6.1,5,1,2.7,9,1,7.6,52.6,74830985-330c-433f-b302-ed179d3548f0,0.874347251082327,6.93110388599034
59,14300,Junee,2030.0222,https://linked.data.gov.au/dataset/asgsed3/LGA2021/14300,1873,1256,22.6,337,6.1,677,12.2,800,14.4,232,5.3,468,8.4,459,10.5,536,9.6,324,7.5,138,3,56,1.2,394,6.1,12.5,10.4,3.2,0.7,5.7,4.2,0.9,2.8,8,1.1,6.2,45.4,45dbfe13-85f7-43a9-8f71-2270fc4ff4f9,0.200008070623426,2.62956172320451
60,14350,Kempsey,3375.6704,https://linked.data.gov.au/dataset/asgsed3/LGA2021/14350,6773,7817,27.3,2838,9.9,4464,15.6,4177,14.6,1797,7.7,2659,9.3,3751,16.1,4976,17.4,1970,8.6,1370,6.3,294,1.3,2920,9.5,14.1,9.9,4.2,1.2,6.4,6,1.6,3.8,11.4,1.8,9.1,47,8d697553-719a-4da2-8593-ec7fd5655658,0.318647794534172,3.9170003371841
61,14400,Kiama,257.6638,https://linked.data.gov.au/dataset/asgsed3/LGA2021/14400,9861,4269,18.8,1326,5.8,2402,10.6,3083,13.6,918,4.9,1953,8.6,1783,9.5,2110,9.3,1135,6.1,396,2.3,118,0.7,1221,5.3,11.7,8.2,4.2,1.1,4.1,5.2,1.2,1.8,8,1.1,8.8,57,0b1edf05-689e-4771-afc9-daecc632b793,0.0253445705216109,1.04249388796734
62,14500,Ku-ring-gai,85.4093,https://linked.data.gov.au/dataset/asgsed3/LGA2021/14500,70028,13831,11.2,4272,3.4,6754,5.4,9598,7.7,3007,3,5917,4.8,4398,4.5,5806,4.7,3390,3.5,1631,1.6,621,0.6,4834,3.9,6.3,6.4,3.2,0.9,3.2,3.9,0.6,0.9,5.1,0.7,7.5,68.3,e7228788-ac38-451b-a2ae-a9f6f791b4fe,0.00830912434048514,0.503529273526948
63,14550,Kyogle,3584.1829,https://linked.data.gov.au/dataset/asgsed3/LGA2021/14550,2433,2609,29.5,655,7.4,1288,14.6,1437,16.3,534,7.3,928,10.5,1027,14,1248,14.1,525,7.2,320,4.7,92,1.4,697,7.4,12.5,9,3.4,0.9,5,5.4,1.5,3.5,10.2,1.3,9.7,50.4,9a4ef83f-0f07-438f-acae-d0bbfaa0506a,0.330688510678101,4.01329578306307
64,14600,Lachlan,14968.2539,https://linked.data.gov.au/dataset/asgsed3/LGA2021/14600,2050,1304,21.1,414,6.7,789,12.8,1006,16.3,241,5.1,646,10.4,455,9.6,564,9.1,374,8,156,3.1,66,1.3,357,5.9,11.4,10.9,2.9,0.9,6.4,4.9,1.3,2.3,7,1.1,5.8,51.8,bf899a7a-27e2-476a-a884-6ecf3be15995,1.44295938592768,8.79108071375323
65,14650,Lake Macquarie,648.6393,https://linked.data.gov.au/dataset/asgsed3/LGA2021/14650,79858,45286,22.4,11582,5.7,23360,11.5,24467,12.1,8922,5.5,17145,8.5,20282,12.4,21299,10.5,10113,6.3,4429,2.7,1610,1,15456,7.2,11.9,10.2,3.7,1.1,5.6,5.5,1.3,2.5,12,1.3,9.3,53.4,8dedfa7f-d456-45dd-ade5-467c6f3625cf,0.0626109197469304,3.0507100054844
66,14700,Lane Cove,10.4789,https://linked.data.gov.au/dataset/asgsed3/LGA2021/14700,21642,4002,10.3,1252,3.2,1776,4.6,3396,8.8,826,2.6,2572,6.6,1662,5.3,1964,5.1,1152,3.7,470,1.4,195,0.6,1083,2.7,5.2,7.1,2.5,0.4,2.5,2.6,0.6,0.9,6.5,0.5,7,68.7,ca556e7b-4e8c-48de-a9f4-4a31fb0cf41e,0.00102051471503728,0.249661060285076
67,14750,Leeton,1167.1876,https://linked.data.gov.au/dataset/asgsed3/LGA2021/14750,3718,2416,22.2,666,6.1,1291,11.9,1629,15,428,5,1100,10.1,973,11.4,1358,12.5,419,5,251,2.8,102,1.1,712,6.2,9.8,11.3,2.6,0.9,5,3.7,1.1,2.5,9.3,0.9,6.9,54.1,40e4f35d-a49f-4dde-8714-6682985fd507,0.114609552845195,2.02801195548355
68,14850,Lismore,1287.7042,https://linked.data.gov.au/dataset/asgsed3/LGA2021/14850,13095,9566,22.1,2910,6.7,4698,10.9,5957,13.8,2170,6.2,3473,8,4014,11.4,4839,11.2,2498,7.2,1331,3.8,466,1.3,3133,7.1,10.1,9.9,3.5,0.7,4.5,4.7,1.2,2.7,12.4,1.3,9.4,52.2,fa078d8e-32fa-498f-a195-36a0d0ed8adf,0.118961620104983,2.50860325077232
69,14870,Lithgow,4512.2561,https://linked.data.gov.au/dataset/asgsed3/LGA2021/14870,6155,5897,28.3,1376,6.6,2993,14.4,3780,18.1,1011,5.9,2799,13.4,2278,13.3,2775,13.3,1456,8.6,556,3.4,196,1.2,1582,7.6,13.9,9.8,3.6,1,6.7,5.5,1.1,3,10.7,1.3,8.4,49.9,1be43718-f2c5-4d27-be53-d8e14bdc8ddd,0.436718444273083,5.07060610131445
70,14900,Liverpool,305.7401,https://linked.data.gov.au/dataset/asgsed3/LGA2021/14900,53653,34616,15.6,13495,6.1,15066,6.8,27181,12.3,7920,4.6,18849,8.5,16803,9.8,20710,9.3,8625,5.1,6215,3.1,2434,1.2,15269,6.5,6.1,6.3,1.7,0.5,5.6,3,0.8,1,5.2,0.8,7.2,65.9,900274c7-ab69-479c-afa2-4a7de3beca24,0.0298133355408936,1.34684359939194
71,14920,Liverpool Plains,5082.2398,https://linked.data.gov.au/dataset/asgsed3/LGA2021/14920,2412,1604,20.6,536,6.9,1039,13.3,1230,15.8,362,5.8,765,9.8,814,13,918,11.8,485,7.8,207,3.4,82,1.3,506,6.7,11.7,9.8,3.2,0.8,6.8,5,1.6,2.6,8.3,1.3,6.6,51,09f5051f-4dfc-4fd1-9022-124de23ec239,0.482733789715439,4.91981403323446
72,14950,Lockhart,2895.8049,https://linked.data.gov.au/dataset/asgsed3/LGA2021/14950,1311,625,19.8,203,6.4,385,12.2,454,14.4,134,5.5,270,8.6,232,9.5,382,12.1,171,7.1,82,3.3,33,1.3,241,7.3,13.7,11.5,3.7,1.6,5,4.9,1.4,3.2,10.2,1.8,8.2,51.8,2d901a09-c364-4a8b-99e8-2e7ea49bd49f,0.28707977176191,2.77637882840767
73,15050,Maitland,391.5089,https://linked.data.gov.au/dataset/asgsed3/LGA2021/15050,33049,18059,21.9,5145,6.2,8608,10.4,13032,15.8,3500,5.5,8655,10.5,5632,8.8,8457,10.2,4035,6.4,2334,3.3,795,1.1,6042,6.7,10.4,11,2.9,0.7,5.5,4.3,1.1,2.1,13.2,1,9,54.6,52c0d1a1-8955-43f2-9a6b-6c6baef077d9,0.0376538113619063,1.21058714700835
74,15240,Mid-Coast,10053.8633,https://linked.data.gov.au/dataset/asgsed3/LGA2021/15240,26654,31347,34.1,8136,8.9,15401,16.8,15266,16.6,5355,7,8630,9.4,10647,13.8,15867,17.3,6791,8.9,3169,4.9,648,1,8714,9,15.8,10.1,4.8,1.6,6.6,6.7,1.8,3.5,11.4,1.8,9,48,96f9070c-59b4-4ea9-89f1-72a2103622a0,0.959687031008798,6.89603504703891
75,15270,Mid-Western Regional,8752.2589,https://linked.data.gov.au/dataset/asgsed3/LGA2021/15270,8431,6107,24.7,1482,6,3104,12.5,3671,14.8,1067,5.5,2467,10,2173,11.1,3053,12.3,1143,5.9,642,3.2,236,1.2,1553,6,10.3,9.2,3,0.7,4.9,4.7,1.1,2.8,9.2,1.1,7.3,55.3,498fb542-c1fa-48b2-aeae-55f27d50f6e6,0.840688114367822,7.04078783743172
76,15300,Moree Plains,17902.7033,https://linked.data.gov.au/dataset/asgsed3/LGA2021/15300,3951,2647,19.9,892,6.7,1446,10.9,1855,14,526,5.2,1297,9.8,1012,9.9,1646,12.4,680,6.8,377,3.3,155,1.4,570,4.5,6.9,8.2,2.3,0.5,4.9,3.5,1,1.9,6.1,0.8,5,50.7,cfb1e7da-7d85-4c39-aa4c-e31e024755b7,1.66173384368813,9.2614047103686
77,15350,Mosman,8.6503,https://linked.data.gov.au/dataset/asgsed3/LGA2021/15350,16675,3492,11.4,962,3.1,1485,4.9,2965,9.7,725,2.9,2050,6.7,1395,5.5,1517,5,956,3.9,300,1.2,161,0.6,993,3.5,6.8,6.7,3.7,0.9,2.2,3.9,0.6,1.1,5.8,0.8,6.5,66.7,89b38e9a-d286-42f0-bfed-31474dd6104b,0.000842540190205909,0.216078495138323
78,15520,Murray River,11863.0162,https://linked.data.gov.au/dataset/asgsed3/LGA2021/15520,3926,2510,20.9,732,6.1,1616,13.5,1398,11.7,497,5.1,974,8.1,1063,10.8,1386,11.6,645,6.7,246,2.8,98,1.1,711,5.5,12.6,9.1,4.2,0.8,5.5,5.3,1.4,2.3,7.9,1.2,6.2,55.2,e6624de4-9e68-43aa-925f-a5cb9ac61fe7,1.17599134405555,11.6945636971545
79,15560,Murrumbidgee,6880.7902,https://linked.data.gov.au/dataset/asgsed3/LGA2021/15560,1485,897,23.3,287,7.5,455,11.8,704,18.3,155,5.1,413,10.7,309,10.2,460,12,151,5,107,3.4,41,1.3,188,5.6,12.4,13.3,3.9,0.3,5.3,4.4,1.2,3.4,7.9,0.9,5.8,51.4,ee057a91-b14a-4305-a9bb-41c139fc5624,0.679012693648019,5.74745522450367
80,15650,Muswellbrook,3404.8841,https://linked.data.gov.au/dataset/asgsed3/LGA2021/15650,5086,3565,22.3,1150,7.2,1699,10.6,2166,13.5,648,5.3,1101,6.9,1056,8.6,1777,11.1,877,7.3,445,3.2,233,1.7,914,5.6,9.7,10.8,2.6,0.6,5.6,4,1.2,2.2,10.6,0.9,7.2,54.2,a7313938-701a-4932-9d50-46fd3dd1a9de,0.326501003967223,3.9922287265927
81,15700,Nambucca Valley,1491.3431,https://linked.data.gov.au/dataset/asgsed3/LGA2021/15700,4872,5051,25.9,1813,9.3,3093,15.9,3038,15.6,1180,7.3,2003,10.3,2526,15.7,2938,15.1,1115,7,714,5,208,1.5,1903,9.3,14.9,9.4,5,1.3,5.9,6.9,1.6,4.8,11.3,1.4,9.4,48.2,0569b2df-1125-4cde-8ff9-a9bd97cf2a13,0.14039768177463,2.06651605240529
82,15750,Narrabri,13014.9937,https://linked.data.gov.au/dataset/asgsed3/LGA2021/15750,4430,2456,18.7,809,6.1,1488,11.3,2417,18.4,522,5.1,1679,12.8,912,9,1361,10.3,587,5.9,339,3.1,136,1.2,764,6,10.3,10.7,3.1,1,5.6,4.7,1.3,2.6,7.4,1.1,6.4,52.3,1735ec5c-e725-4488-8a0f-999bfaeead45,1.2211743282719,6.25964774718152
83,15800,Narrandera,4116.3458,https://linked.data.gov.au/dataset/asgsed3/LGA2021/15800,1687,1354,23.4,408,7,769,13.3,921,15.9,252,5.6,597,10.3,637,14.1,778,13.4,265,5.9,158,3.4,60,1.3,438,7.7,12.1,11.5,3.3,1.2,5.9,5.6,1.5,3.3,8.8,1,8,51.1,6411f685-151b-44af-91b7-f481f67c8eee,0.404575529381418,3.96593262252936
84,15850,Narromine,5261.5165,https://linked.data.gov.au/dataset/asgsed3/LGA2021/15850,2115,1268,19.6,442,6.8,793,12.3,1027,15.9,258,5.2,718,11.1,603,12.1,730,11.3,289,5.9,160,3.1,68,1.3,306,4.8,10.5,9.6,3.3,0.4,5.2,5.3,0.9,2.6,7.3,0.8,5.8,50.9,41b3579b-6e53-4f6b-98e6-2352df119417,0.503371589212747,4.15463659517144
85,15900,Newcastle,186.7255,https://linked.data.gov.au/dataset/asgsed3/LGA2021/15900,65629,31911,19.7,8828,5.5,15418,9.5,18097,11.2,6205,4.6,14739,9.1,16798,12.6,17568,10.9,7616,5.8,3713,2.7,1371,1,10752,6.4,9.4,9.6,2.9,1,4.6,4.2,1.1,1.9,12.5,1,8.9,56.2,a5f8537c-66e6-479b-b498-ddd84e0b7250,0.0179920212463003,1.26906945667676
86,15950,North Sydney,10.491,https://linked.data.gov.au/dataset/asgsed3/LGA2021/15950,38188,6546,8.9,1795,2.4,2850,3.9,5537,7.5,1162,1.8,4256,5.8,2788,4.4,3289,4.5,1944,3.1,673,1.1,391,0.6,1713,2.5,5.6,7.1,2.9,0.4,2.4,3.1,0.6,1,7,0.6,7.1,66.7,4c709b4e-e213-4ea9-bfab-4222198e5ac4,0.00102175803885984,0.265366756765884
87,15990,Northern Beaches,254.2072,https://linked.data.gov.au/dataset/asgsed3/LGA2021/15990,132492,29215,10.9,10004,3.7,15475,5.8,24779,9.2,6248,2.9,17118,6.4,11111,5.2,16003,6,8398,4,3723,1.7,1527,0.7,10154,3.9,6.9,6.8,3.1,0.9,2.9,3.6,0.6,1.1,6.2,0.8,6.7,66.4,6933c887-84e4-4535-8e73-5098660b2366,0.0247185298471777,1.96465093590566
88,16100,Oberon,3625.047,https://linked.data.gov.au/dataset/asgsed3/LGA2021/16100,1720,1215,23.5,307,5.9,634,12.3,689,13.3,222,5.3,402,7.8,447,10.6,533,10.3,247,5.9,126,3.1,47,1.2,308,5.5,10.8,9.1,3.5,0.9,6.4,4.1,0.9,2.4,8,1.3,7,51,d8cc195b-75aa-4f2d-be76-c99f258435a1,0.353273718970286,4.84099775230156
89,16150,Orange,284.2159,https://linked.data.gov.au/dataset/asgsed3/LGA2021/16150,14897,9269,22.5,2928,7.1,4083,9.9,5167,12.5,1584,4.9,3573,8.7,3589,11.2,5517,13.4,2143,6.8,1284,3.7,418,1.2,2706,6.2,9.7,10,2.9,0.8,4.8,4.3,1,2.3,12,1,8.5,55.3,17cc5cd0-6f43-44c5-b855-0bd1609b23f2,0.0275221749275261,0.962256223338688
90,16200,Parkes,5957.6137,https://linked.data.gov.au/dataset/asgsed3/LGA2021/16200,4429,3321,22.7,1025,7,1723,11.8,2424,16.5,610,5.3,1475,10.1,1122,9.7,1798,12.3,671,5.9,408,3.4,151,1.3,1053,7.3,11.3,10.8,3.1,1.2,6,5,1.2,2.5,10.3,1.3,7.4,52.6,dfc78369-6e5e-4a72-b060-1a9ff334c68a,0.574062181253794,4.30285636824612
91,16260,Parramatta,83.8303,https://linked.data.gov.au/dataset/asgsed3/LGA2021/16260,95979,27818,11.3,9208,3.7,13548,5.5,19645,8,7042,3.5,12516,5.1,11287,5.7,16025,6.5,7690,3.9,2968,1.4,1786,0.8,10535,4.1,4.9,5.3,1.9,0.5,4.3,2.8,0.7,0.9,5.1,0.5,6.6,70.2,d71fec76-fce7-4f03-ae3c-cb91a808a3aa,0.00816172499298773,0.569111282032382
92,16350,Penrith,404.7021,https://linked.data.gov.au/dataset/asgsed3/LGA2021/16350,61295,38553,18.7,10717,5.2,15150,7.3,22767,11,7217,4.5,14052,6.8,13208,8.2,22737,11,8165,5.1,4879,2.7,1924,1.1,12041,5.5,7.9,9,2.3,0.5,5.5,3.6,0.9,1.6,8.9,0.8,7.9,59.5,96d1d574-e2ed-4c26-894d-a204bde22140,0.0393861280613237,1.06886935191876
93,16380,Port Macquarie-Hastings,3682.3915,https://linked.data.gov.au/dataset/asgsed3/LGA2021/16380,26796,21174,25.8,5873,7.2,11180,13.6,9704,11.8,3942,5.8,6656,8.1,10990,16.2,11300,13.8,5669,8.5,1926,3.2,528,0.9,7187,8.3,14,9.6,4.6,1.3,5.7,6.1,1.5,3.3,11.3,1.6,9.6,51.5,12c6465b-4937-483d-8646-99c47e582d32,0.349254002596354,3.90729837731064
94,16400,Port Stephens,858.4357,https://linked.data.gov.au/dataset/asgsed3/LGA2021/16400,24888,14733,20.5,4833,6.7,8439,11.7,7876,10.9,3410,5.8,5154,7.2,9101,15.5,9149,12.7,4160,7.2,1746,3.1,662,1.2,5453,7.2,13.6,9.7,4.3,0.9,6.2,5.9,1.4,2.8,11.6,1.3,9.2,51.1,7b61ada4-c1c6-4295-9678-86f5fbdfd893,0.0825711409524956,2.96504079506826
95,16490,Queanbeyan-Palerang Regional,5319.0075,https://linked.data.gov.au/dataset/asgsed3/LGA2021/16490,26416,8825,14.8,2348,3.9,4436,7.4,5927,9.9,1852,3.9,4523,7.6,3803,8,4719,7.9,2111,4.5,1256,2.4,488,0.9,2776,4.4,9,8.9,2.7,0.5,4.3,3.2,1.1,1.6,9.8,0.8,8.7,59.4,d1a95ce6-26ef-43d7-9877-5602c24aba63,0.527897748270334,6.09416448543655
96,16550,Randwick,36.331,https://linked.data.gov.au/dataset/asgsed3/LGA2021/16550,58729,15698,10.4,5202,3.5,6753,4.5,11207,7.4,3089,2.4,7655,5.1,5948,4.6,8586,5.7,4806,3.8,1697,1.3,1097,0.8,5527,4.1,5.9,6.3,2.6,0.8,3.2,3,0.8,1,6.5,0.7,6.7,66.3,dd9decb9-1e2a-4c1e-aeec-a3bc8768be1a,0.00354329425545075,0.472235125384502
97,16610,Richmond Valley,3047.3748,https://linked.data.gov.au/dataset/asgsed3/LGA2021/16610,5957,7814,33.7,2155,9.3,3709,16,3922,16.9,1301,7,2575,11.1,3080,16.5,4094,17.7,1933,10.6,857,4.8,218,1.2,1863,7.9,12.4,10.2,3.9,0.8,6.1,6.3,1.5,3.4,10.8,1.6,8.3,49.2,d5c44960-4e0e-4026-8a24-84d11f99c73f,0.282332100430722,3.43195855772665
98,16700,Ryde,40.4746,https://linked.data.gov.au/dataset/asgsed3/LGA2021/16700,57249,11394,9.1,4234,3.4,5784,4.6,9493,7.5,3111,3,7163,5.7,5133,4.9,5867,4.7,3781,3.6,1306,1.2,818,0.8,6086,4.7,5.4,5.7,2.2,0.6,4,2.9,0.7,0.9,5.7,0.6,7.2,69.2,e3b4fdf0-81ef-4769-b451-a5e5becba182,0.00394040427863729,0.384066746400366
99,16900,Shellharbour,147.4208,https://linked.data.gov.au/dataset/asgsed3/LGA2021/16900,24754,13203,18.5,3895,5.4,6976,9.8,9591,13.4,3108,5.5,5914,8.3,5192,9.1,7542,10.5,3442,6.1,1603,2.7,661,1.1,5392,7.1,11.2,9.2,3.2,0.7,5.6,4.4,1.2,2.3,10.6,1.1,8.6,55.7,ebe1621b-7cf8-434d-9c0f-986bd47661c9,0.0144842867221087,0.998827330962503
100,16950,Shoalhaven,4567.2011,https://linked.data.gov.au/dataset/asgsed3/LGA2021/16950,30766,27225,26.6,7742,7.6,14827,14.5,14269,13.9,5306,6.3,8065,7.9,12975,15.3,16228,15.9,6520,7.8,2872,3.8,823,1.1,8783,8.1,14.7,9,4.5,1.2,6.4,5.9,1.8,3.3,11.3,1.5,9.3,50,365272d7-dafc-46a5-afd5-5e91f0fd86ad,0.451483938212277,5.47172184939002
101,17000,Singleton,4892.7168,https://linked.data.gov.au/dataset/asgsed3/LGA2021/17000,9787,5661,24.2,1209,5.2,2575,11,4062,17.4,931,5.1,2795,12,1690,9.3,2566,11,1132,6.3,610,3,233,1.1,1324,5.4,10,9.1,2.6,0.7,4.6,3.7,0.9,1.9,9.6,0.9,7.6,57.9,1a9c9a79-fd4f-4c55-9aaa-fbb4574670bb,0.470305862475016,4.6607298649095
102,17040,Snowy Monaro Regional,15164.7904,https://linked.data.gov.au/dataset/asgsed3/LGA2021/17040,8567,4670,23,1152,5.7,2198,10.8,2568,12.6,767,4.6,1690,8.3,1664,10,2125,10.5,825,5,478,2.9,161,1,1055,4.9,10.8,8,3.1,0.7,4.2,4.2,0.9,2,8.9,0.9,7.2,56.6,66c11d7f-d632-4660-b6a7-95c740ea8fe2,1.52339233494786,7.74920298418603
103,17080,Snowy Valleys,8958.9215,https://linked.data.gov.au/dataset/asgsed3/LGA2021/17080,5115,3313,23.3,897,6.3,1861,13.1,2236,15.7,614,5.4,1377,9.7,1131,9.9,1463,10.3,712,6.3,343,3.1,132,1.2,909,6.1,12.4,10.5,3.6,0.5,5.4,4.5,1.5,2.9,8.3,1.4,6.4,52.8,26055386-d070-4ed5-9a19-c8290b63af13,0.89256004249637,8.20235160887918
104,17100,Strathfield,14.0008,https://linked.data.gov.au/dataset/asgsed3/LGA2021/17100,16014,4047,9.1,1538,3.4,1739,3.9,3824,8.6,1032,2.7,3208,7.2,1821,4.8,2170,4.9,1332,3.6,452,1.1,330,0.8,1951,4.3,4.3,4.3,1.6,0.7,4.3,2.6,0.6,0.6,4,0.6,5.9,72.7,b847e3d9-f0a0-452b-a520-242b8c5166e6,0.00136437859600846,0.207187233798222
105,17150,Sutherland Shire,333.5806,https://linked.data.gov.au/dataset/asgsed3/LGA2021/17150,110437,29893,13.2,9106,4,16077,7.1,23289,10.3,6802,3.7,17106,7.5,10980,6,15674,6.9,7856,4.4,3226,1.7,1392,0.7,10369,4.5,8.7,7.5,3.3,0.9,3.9,4.2,0.9,1.3,7.1,0.9,7.9,63.1,1ea45630-d2f7-4db7-aab4-b24b3c0b2044,0.0325804051822161,2.46696280399544
106,17200,Sydney,26.6762,https://linked.data.gov.au/dataset/asgsed3/LGA2021/17200,86678,19014,8,6523,2.7,8052,3.4,15479,6.5,3353,1.5,10072,4.2,10166,4.6,10692,4.5,7608,3.5,2660,1.2,1629,0.7,5812,2.7,3.9,6.5,1.9,0.3,2.2,2,0.5,0.9,8.5,0.4,6.9,67.2,9b08207e-bc5e-456c-b882-341b36ed3f5c,0.00259985102547944,0.41679090585804
107,17310,Tamworth Regional,9884.3505,https://linked.data.gov.au/dataset/asgsed3/LGA2021/17310,20640,11970,19.6,3475,5.7,6355,10.4,6335,10.4,2491,5.2,3732,6.1,4733,9.8,5727,9.4,3544,7.5,1369,2.7,619,1.2,4204,6.7,10.6,11.2,3.4,0.9,5.3,4.8,1.3,2.3,10.7,1.2,8.2,53,ab28820c-b6ce-4921-8732-6ce1aa5b5a94,0.932488899527016,7.7252904359914
108,17350,Temora,2802.0159,https://linked.data.gov.au/dataset/asgsed3/LGA2021/17350,2333,1218,19.8,358,5.8,803,13,629,10.2,262,5.3,422,6.9,505,10.2,650,10.6,279,5.8,140,3,37,0.8,447,7.4,13.1,11.3,3.8,0.9,6.1,5.1,1.3,2.6,9.2,1.5,8.6,53.8,bde40985-5613-409f-a5ff-2a62bd187e63,0.274671137039604,3.03741739826296
109,17400,Tenterfield,7324.3072,https://linked.data.gov.au/dataset/asgsed3/LGA2021/17400,2045,1932,29.6,513,7.9,1063,16.3,1085,16.6,412,7.5,672,10.3,763,13.9,1299,19.9,351,6.5,224,4.7,64,1.4,552,8.1,16.1,9.3,4.6,1,6.7,6.6,1.7,3.5,10.8,1.6,8.9,48.1,3df53f91-9ac9-40f8-8b82-cbc4a3638eef,0.677841796371922,6.59346566231398
110,17420,The Hills Shire,386.1583,https://linked.data.gov.au/dataset/asgsed3/LGA2021/17420,95204,17529,10.2,5656,3.3,9248,5.4,15688,9.2,4369,3.2,12598,7.3,6536,4.9,9797,5.7,4195,3.2,2309,1.6,1107,0.7,7108,3.7,5.9,6.2,2.4,0.5,4.3,3.2,0.6,0.9,5,0.6,7,69.2,2d53b910-0e5e-4f0f-bde5-feb56e4d050b,0.0375057947030655,1.43997381429625
111,17550,Tweed,1307.7853,https://linked.data.gov.au/dataset/asgsed3/LGA2021/17550,29621,21362,22.6,6219,6.6,11424,12.1,10673,11.3,4544,5.8,5988,6.3,8009,10.3,11058,11.7,5333,6.9,2249,3.1,758,1.1,7241,7.4,11.9,8.2,4.1,1.2,4.3,5.4,1.3,2.9,9.5,1.3,8.4,54.2,a3fed712-7b47-4807-8d34-720465fdb150,0.120371840908774,2.45937090143941
112,17620,Upper Hunter Shire,8096.0889,https://linked.data.gov.au/dataset/asgsed3/LGA2021/17620,5284,2915,20.7,807,5.7,1648,11.7,1836,13.1,530,4.8,1190,8.5,920,8.3,1241,8.8,633,5.8,317,2.7,132,1.1,827,5.8,10.3,9.9,3.2,0.9,5.4,4.7,0.9,2.2,8.2,1.1,7.3,57,d0c81616-1c1b-4353-9ae4-dd8c52d11977,0.77242143586227,7.33841575567228
113,17640,Upper Lachlan Shire,7127.3957,https://linked.data.gov.au/dataset/asgsed3/LGA2021/17640,3252,1502,19,422,5.3,893,11.3,1068,13.5,338,5.2,590,7.5,660,10.2,734,9.3,418,6.5,180,2.9,53,0.9,507,6,14.3,9.3,3.9,1,5.8,5.5,1.2,2.8,8.7,1.1,8.4,50.9,62a7ccf9-c1d0-4d7b-b990-0c1e2031a40b,0.698920654133417,7.51696367681397
114,17650,Uralla,3226.5327,https://linked.data.gov.au/dataset/asgsed3/LGA2021/17650,2059,1449,23.9,377,6.2,755,12.4,995,16.4,275,5.6,703,11.6,505,10.3,705,11.6,274,5.7,149,3.1,58,1.2,402,6.7,13,10.3,4.4,0.7,5.8,5.5,1,2.7,10.4,1,8.9,52.4,96273259-e0f5-4109-869c-04ec403f27d6,0.303198636636353,4.08540459235097
115,17750,Wagga Wagga,4824.4888,https://linked.data.gov.au/dataset/asgsed3/LGA2021/17750,23933,11173,17.4,3389,5.3,6084,9.5,7223,11.3,2314,4.6,4380,6.8,4267,8.4,5372,8.4,2929,5.9,1498,2.7,539,1,3998,5.9,9.1,11.1,3.1,0.8,4.6,3.8,1.2,2.2,10.3,1,7.7,56.9,dec5de23-e0f5-4df1-837c-959dff8d0849,0.477504288538967,4.6142249966065
116,17850,Walcha,6261.0243,https://linked.data.gov.au/dataset/asgsed3/LGA2021/17850,1225,501,16.4,150,4.9,348,11.4,331,10.8,126,5,250,8.2,197,7.9,283,9.3,119,4.8,65,2.9,17,0.7,161,5.3,13.3,9,4.4,0.9,5.4,6.2,1,3,6.3,1.2,6.1,53.4,d7270a17-28f7-4a6f-8975-b9cf687dcc35,0.592307578580858,5.18755358954312
117,17900,Walgett,22308.2528,https://linked.data.gov.au/dataset/asgsed3/LGA2021/17900,1393,,,,,,,,,,,,,,,,,,,,,,,318,6.1,10,7.6,2.7,0.5,5.9,4.9,0.9,3.3,6.5,1,5.8,43.2,fd560ec0-e99e-4f59-8d24-55219726a753,2.08200890322541,9.79976671275809
118,17950,Warren,10753.7672,https://linked.data.gov.au/dataset/asgsed3/LGA2021/17950,976,443,16.8,176,6.7,286,10.8,363,13.7,99,4.8,228,8.6,187,9.1,256,9.7,112,5.5,70,3.3,27,1.3,129,5.1,10.8,10.2,3,1,4.7,5.6,0.9,2.3,6.2,1.2,5.9,53.6,7ab83c54-d212-4eb6-af4a-ce5e2ad773f7,1.01906488201803,7.78689282737222
119,18020,Warrumbungle Shire,12372.12,https://linked.data.gov.au/dataset/asgsed3/LGA2021/18020,2525,2240,24.1,730,7.9,1373,14.8,1677,18.1,466,6.2,1147,12.3,1181,15.7,1462,15.7,486,6.6,263,3.8,98,1.4,712,7.7,14,10,4.1,1,5.9,6.2,1.6,3.3,8.3,1.2,7.7,46.5,3327ddfa-0e66-406f-8775-be8fd3370547,1.17410404917291,8.24068221602869
120,18050,Waverley,9.3506,https://linked.data.gov.au/dataset/asgsed3/LGA2021/18050,33655,6410,8.8,2190,3,2637,3.6,5579,7.6,1268,2.1,3469,4.7,2890,4.7,3521,4.8,2263,3.7,848,1.3,504,0.8,1951,2.8,4.8,6,2.3,0.7,2.2,2.5,0.6,0.8,5.8,0.5,5.9,69.4,99d6ab5e-d56b-443f-a828-86144d4e9cc1,0.00091131991621296,0.199179616931171
121,18100,Weddin,3414.8566,https://linked.data.gov.au/dataset/asgsed3/LGA2021/18100,1260,885,24.5,229,6.4,522,14.5,470,13,174,5.8,304,8.4,358,12,490,13.6,191,6.5,93,3.6,21,0.8,281,7.8,15.1,11.1,4.3,1.1,6.3,6.5,1.6,4.2,10.1,1.7,8.2,49.9,3a1d80e0-299c-4241-bc5c-108677afc1ef,0.332745745000011,4.17107633320446
122,18200,Wentworth,26255.9338,https://linked.data.gov.au/dataset/asgsed3/LGA2021/18200,2491,1587,22.8,446,6.4,951,13.7,1010,14.5,318,5.7,648,9.3,645,11.7,747,10.7,372,6.8,187,3.4,68,1.2,413,5.5,9.4,9.3,3.2,0.8,5,4.9,1.4,2.5,8.5,1.1,6.9,53.8,ff782a59-bc95-46aa-a80b-3f913aef646f,2.54964667182185,11.2720742239068
123,18250,Willoughby,22.4257,https://linked.data.gov.au/dataset/asgsed3/LGA2021/18250,37879,7617,9.6,2387,3,3547,4.5,5132,6.5,1591,2.5,3866,4.9,2974,4.7,3799,4.8,2022,3.2,848,1.2,525,0.8,2957,3.9,5.2,6,2.6,0.7,3.2,3,0.6,0.9,5.3,0.6,7.2,70,3c02b6d1-5610-4227-b9a2-fda12dfdda06,0.00218348438056637,0.351358303976603
124,18350,Wingecarribee,2689.3415,https://linked.data.gov.au/dataset/asgsed3/LGA2021/18350,21075,9912,20.1,2385,4.8,5613,11.4,5298,10.8,1871,4.6,4031,8.2,3884,9.6,4592,9.3,2368,6,920,2.5,305,0.8,2940,5.6,12.3,8.2,4.2,0.8,4.9,4.9,1,2.2,8.7,1.1,8.3,56,62feb43d-eaa5-4b13-bb59-813374e7fa75,0.263902869038247,3.36732535186334
125,18400,Wollondilly,2555.4341,https://linked.data.gov.au/dataset/asgsed3/LGA2021/18400,20055,8341,16.1,2596,5,4044,7.8,7972,15.4,1724,4.3,6307,12.2,3646,9.1,4599,8.9,2109,5.3,1166,2.6,472,1,2564,4.8,9.5,8.7,2.9,0.4,4.4,3.9,0.8,1.7,8.2,0.8,7.6,60,52c85323-4623-4593-959f-581167b5512d,0.249664527098957,3.85033216052217
126,18450,Wollongong,684.3076,https://linked.data.gov.au/dataset/asgsed3/LGA2021/18450,75658,36682,17.2,12523,5.9,19182,9,23369,10.9,8424,4.8,13969,6.5,15462,8.9,20493,9.6,10095,5.9,4639,2.6,1862,1,14458,6.7,10.1,8.6,3.2,1,5.1,4.1,1.2,2.1,10.1,1.1,8.8,57.9,48718718-65ab-43ea-9e2d-9c73438d0555,0.0670651889713554,2.15330908016642
127,18500,Woollahra,12.2584,https://linked.data.gov.au/dataset/asgsed3/LGA2021/18500,30737,6083,10.5,1770,3.1,2334,4,5377,9.3,1214,2.5,3413,5.9,2611,5.3,2726,4.7,1835,3.8,628,1.3,359,0.8,1552,2.9,6.1,6.2,3.2,0.7,2.5,3.6,0.6,1,5.5,0.7,6.3,66.8,287ff663-9a7b-4609-8136-614fbe38edc1,0.00119428751986561,0.299721154378194
128,18710,Yass Valley,3995.017,https://linked.data.gov.au/dataset/asgsed3/LGA2021/18710,7942,3283,19.7,735,4.4,1574,9.4,1976,11.9,579,4.4,1300,7.8,1178,9,1577,9.5,581,4.5,375,2.7,147,1,926,5.4,11.2,9.6,3.5,0.7,4.3,4.4,1,1.9,10,1,9.2,56.1,74567803-3128-41ae-9817-b66dd743e18e,0.394254371999978,3.98512885103632
129,19399,Unincorporated NSW,93208.9194,https://linked.data.gov.au/dataset/asgsed3/LGA2021/19399,296,,,,,,,,,,,,,,,,,,,,,,,19,1.9,5.8,7.7,3,,2.9,3.7,0.8,0.7,5.2,,4.7,64.1,46fa089d-2462-408e-973f-d73b5cb7ff2d,8.77370599549431,19.3689593921036
130,19499,No usual address (NSW),,https://linked.data.gov.au/dataset/asgsed3/LGA2021/19499,,,,,,,,,,,,,,,,,,,,,,,,,,,,,,,,,,,,,,347afdb3-db79-4020-8d56-b56f9333be56,,
131,19799,Migratory - Offshore - Shipping (NSW),,https://linked.data.gov.au/dataset/asgsed3/LGA2021/19799,,,,,,,,,,,,,,,,,,,,,,,,,,,,,,,,,,,,,,9d67f85e-83c8-4611-9117-b08780dbb2cc,,
132,20110,Alpine,4788.157,https://linked.data.gov.au/dataset/asgsed3/LGA2021/20110,3825,2756,21.8,744,5.9,1612,12.7,1459,11.5,552,5.2,950,7.5,1086,10.3,1741,13.8,625,6,271,2.8,83,0.9,720,5.4,10.7,7.6,3.7,0.9,4.2,5.2,1.3,2,8.8,1.2,7.6,57,ec9452e1-eb34-4f4a-b8fb-e07ba73f9cba,0.483800791783779,4.53221033497804
133,20260,Ararat,4211.1172,https://linked.data.gov.au/dataset/asgsed3/LGA2021/20260,2212,2606,23.9,694,6.4,1507,13.8,1519,13.9,517,5.8,1151,10.6,952,10.6,1317,12.1,623,7,274,3.3,85,1,922,7.8,12.1,9.9,3.7,1,5.6,5.4,0.9,2.7,10.8,1.2,8.4,48.1,4be9a9aa-a81e-4666-8e18-8cf42c789c44,0.428937463538205,3.9777569855002
134,20570,Ballarat,739.0321,https://linked.data.gov.au/dataset/asgsed3/LGA2021/20570,33822,22097,20.8,6214,5.9,11377,10.7,13862,13.1,4578,5.4,9735,9.2,10892,12.8,12959,12.2,6107,7.3,2711,3.1,994,1.1,8382,7.4,10.5,11.4,3.4,0.8,5.2,4.7,0.9,2.4,13.1,1.2,9.6,53.1,30bbb1d1-0a46-454d-9484-bdb9119ff707,0.0752963777445075,1.65178094222302
135,20660,Banyule,62.5402,https://linked.data.gov.au/dataset/asgsed3/LGA2021/20660,51996,22146,17.1,6650,5.1,10637,8.2,16513,12.8,4688,4.5,11704,9,8672,8.3,11830,9.1,5187,5,2302,2.1,916,0.8,7419,5.9,8.7,8.4,3.1,0.9,4.2,3.9,0.9,1.4,9.2,1,9,60.8,0eace6cf-3320-48f7-821a-7ef74fdc13a4,0.00639216971921996,0.582851774550009
136,20740,Bass Coast,865.8094,https://linked.data.gov.au/dataset/asgsed3/LGA2021/20740,9908,9249,26.4,2419,6.9,4647,13.3,4965,14.2,1770,6.1,2911,8.3,4655,16,4613,13.2,2204,7.7,871,3.4,197,0.8,2901,7.1,13.5,9.4,4.5,0.9,6,6.4,1.1,3,10.7,1.6,9.1,51.2,c0b163c2-d6d8-4030-acdf-1d4680ca01cd,0.0894208955496651,2.90807978293273
137,20830,Baw Baw,4027.6287,https://linked.data.gov.au/dataset/asgsed3/LGA2021/20830,14524,11298,21.9,2881,5.6,5292,10.2,6059,11.7,2140,5.2,4067,7.9,4280,10.3,5658,10.9,2433,6,1169,2.8,376,0.9,3775,6.6,11.2,9.7,3.6,0.8,5.2,5,1.1,2.5,11.1,1.2,9.1,54.2,7a1d9de9-15e0-457e-a580-d703de9596e9,0.413041545938995,4.35965635463207
138,20910,Bayside (Vic.),37.2111,https://linked.data.gov.au/dataset/asgsed3/LGA2021/20910,54616,13926,13.3,4389,4.2,7018,6.7,12026,11.5,3101,3.7,8270,7.9,5492,6.5,7429,7.1,3843,4.6,1515,1.8,662,0.8,4734,4.7,7.8,7.5,3.8,1,3,4.1,0.8,1.3,7,0.8,7.7,63.5,9ed29256-54ca-402a-8abe-244e5be0cafb,0.00381385523405697,0.329052267896934
139,21010,Benalla,2352.6398,https://linked.data.gov.au/dataset/asgsed3/LGA2021/21010,2921,3493,25.1,900,6.5,1850,13.3,1852,13.3,693,6,1225,8.8,1537,13.2,2053,14.7,863,7.5,380,3.7,92,0.9,1136,7.8,13.6,10.9,4.1,1.2,6.7,6.5,1.7,3.6,11.3,1.7,8.8,48,562b2e2d-aa38-41cd-ad08-1249c55b178f,0.23690502128693,2.81937610282307
140,21110,Boroondara,60.1776,https://linked.data.gov.au/dataset/asgsed3/LGA2021/21110,88712,18899,10.5,6723,3.7,9071,5.1,17152,9.6,4750,3.2,12971,7.2,8932,6,10254,5.7,5014,3.4,2438,1.6,1201,0.8,7516,4.5,6.6,7.4,3.1,0.9,3.1,3.5,0.7,0.9,7.1,0.7,7.9,65.5,325c1502-d588-435c-b24a-e5f3d48df6ae,0.00615776562653991,0.481249917211949
141,21180,Brimbank,123.3991,https://linked.data.gov.au/dataset/asgsed3/LGA2021/21180,38475,36927,17.7,12658,6.1,17714,8.5,26972,13,8289,4.9,17890,8.6,16153,9.5,20263,9.7,9171,5.5,4860,2.7,1897,1.1,14975,7.7,7,7.3,2.1,0.8,6.4,3.4,1,1.1,6.3,1,7.6,63,afba05d7-5211-4532-88a2-9b0e0bdc87b6,0.0126148027711679,0.695486439714601
142,21270,Buloke,7998.247,https://linked.data.gov.au/dataset/asgsed3/LGA2021/21270,1916,1296,21.3,396,6.5,880,14.5,970,15.9,307,6.1,576,9.5,617,12.2,852,14,320,6.4,172,3.8,34,0.8,517,8.4,14,10.1,4.5,1.1,7.2,6.1,1.4,3,9.5,1.4,7.9,50.2,4fdd1652-9cd1-4a1f-9f1e-b909b7eaf827,0.798610322114655,5.49130419450807
143,21370,Campaspe,4519.073,https://linked.data.gov.au/dataset/asgsed3/LGA2021/21370,9164,8277,22.3,2412,6.5,4742,12.8,5663,15.2,1770,5.9,3419,9.2,3486,11.5,4366,11.8,2190,7.4,909,3.1,303,1,2864,7.4,12.8,9.7,3.8,0.9,5.8,5.4,1.4,2.5,10.1,1.3,8.2,52.7,9f8f07f1-28a6-4568-9970-df9931efb0ac,0.453666799096027,5.40826774813783
144,21450,Cardinia,1282.5671,https://linked.data.gov.au/dataset/asgsed3/LGA2021/21450,30975,17517,16.4,5297,4.9,8234,7.7,12682,11.8,3700,4.5,8340,7.8,6934,8.4,9795,9.1,4096,5.1,2691,2.8,1019,1.1,5730,4.8,7.5,9.4,2.4,0.5,4.4,3.2,0.8,1.5,9.3,0.8,7.5,61.1,240964cc-3fc5-4157-b883-04c0e78ed043,0.131704411857299,2.12660564253828
145,21610,Casey,409.4287,https://linked.data.gov.au/dataset/asgsed3/LGA2021/21610,84984,47834,14.1,15713,4.6,22804,6.7,35471,10.4,11079,4.2,23707,7,20950,8,27378,8.1,10945,4.3,7429,2.4,3172,1,18994,5.2,6,7.7,1.9,0.5,5.2,3,0.8,1.1,7,0.7,7,65.8,20856112-5feb-44ac-baf5-9dfe8ed6aa44,0.0420556564045,1.21242610692484
146,21670,Central Goldfields,1532.7843,https://linked.data.gov.au/dataset/asgsed3/LGA2021/21670,1954,3846,29.4,1333,10.2,2126,16.2,2130,16.3,791,7.2,1391,10.6,1914,17.5,2177,16.6,1165,10.8,566,5.9,152,1.6,1396,10.4,16.6,10.7,4.6,1.2,7.6,7,1.1,4.6,13.9,1.8,10.3,44.7,54561617-72be-41b8-b936-fb4676d1390d,0.155181575290044,2.52517193315252
147,21750,Colac Otway,3437.47,https://linked.data.gov.au/dataset/asgsed3/LGA2021/21750,5609,5057,23.8,1227,5.8,2661,12.5,2544,12,933,5.4,1627,7.7,1655,9.5,2677,12.6,1142,6.7,510,3,163,1,1531,6.8,10.8,8.4,3.4,0.9,5,4.7,1.1,2.2,9.1,1.3,7.5,56.1,c774cfb5-16d7-4f5b-ae5d-1a11abf467b1,0.354757302847702,3.99196328763446
148,21830,Corangamite,4407.492,https://linked.data.gov.au/dataset/asgsed3/LGA2021/21830,4009,3286,20.7,848,5.3,1919,12.1,2019,12.7,704,5.4,1223,7.7,1181,9.1,1743,11,793,6.2,394,3.2,108,0.9,1110,6.9,10.7,9.5,3.7,0.7,5.7,5.3,1.1,2.6,9.6,1.3,7.6,54.7,3d98459d-5c02-4fc6-8f39-d409e313b7a8,0.453341920019739,5.72787365256498
149,21890,Darebin,53.4712,https://linked.data.gov.au/dataset/asgsed3/LGA2021/21890,49027,28928,18,9035,5.6,12578,7.8,19324,12,5789,4.3,12803,8,12007,8.9,16715,10.4,7674,5.7,2956,2.1,1300,0.9,9855,6.6,7.2,8.5,2.3,0.8,4.3,3.1,0.8,1.1,11,0.8,8.7,60.9,86bdb818-eae4-43c1-8395-b6a2559a0fb0,0.00546522505101166,0.463812951558348
150,22110,East Gippsland,20939.5016,https://linked.data.gov.au/dataset/asgsed3/LGA2021/22110,8933,10326,22.2,2814,6.1,7000,15.1,6455,13.9,2380,6.1,4364,9.4,4421,11.4,5140,11.1,2199,5.7,1077,3.2,345,1,3755,7.7,13.6,9.2,4.5,0.7,5.7,6.4,1.1,3.5,10.5,1.5,8.9,50.3,86aba0bb-6d48-420e-a3ae-4ebeaabc4b3b,2.13024946255291,9.19356160239745
151,22170,Frankston,129.5981,https://linked.data.gov.au/dataset/asgsed3/LGA2021/22170,39371,27480,19.5,7194,5.1,13648,9.7,16782,11.9,5453,4.8,10523,7.4,9767,8.6,13464,9.5,5993,5.3,3118,2.6,1234,1,9014,6.5,9.3,10.3,3.1,0.8,5.1,4.2,1.1,2.1,11.6,1.1,8.9,55.9,9e10654d-8e4c-4ce6-a7c0-5e886789a8a7,0.0133174754173524,0.505340316866683
152,22250,Gannawarra,3737.5979,https://linked.data.gov.au/dataset/asgsed3/LGA2021/22250,2550,2488,23.8,648,6.2,1605,15.4,1877,18,493,5.7,1400,13.4,1102,12.7,1599,15.3,555,6.5,247,3.2,66,0.9,788,7.4,14.4,10.9,4.5,1.2,7.1,6,1.2,2.9,9.4,1.5,7.2,50.1,a31e0134-5551-41ae-80b5-bf37f67eab46,0.372444060960333,4.28281904556087
153,22310,Glen Eira,38.6908,https://linked.data.gov.au/dataset/asgsed3/LGA2021/22310,69163,18811,12.3,6082,4,8926,5.8,14260,9.3,4171,3.3,10240,6.7,8215,6.6,10153,6.7,5095,4.1,1897,1.4,1164,0.9,7161,4.8,6.3,7.1,2.7,0.7,3.8,3.4,0.8,1,7.8,0.7,8,65.5,245d5d27-3955-4ffa-901a-536a5f410e3f,0.00396346928482672,0.292677639026848
154,22410,Glenelg,6218.7884,https://linked.data.gov.au/dataset/asgsed3/LGA2021/22410,4379,4941,25.5,1227,6.3,2806,14.5,2677,13.8,911,5.6,1711,8.8,1721,10.6,2849,14.7,931,5.8,510,3.4,164,1.1,1566,7.8,14.2,8.9,3.9,1,6.2,5.2,1.2,2.8,10.4,1.5,9,51.7,3b022bf5-917b-4d4f-8c8e-bb355380d1b0,0.636786136023602,4.79503760053437
155,22490,Golden Plains,2703.3899,https://linked.data.gov.au/dataset/asgsed3/LGA2021/22490,8049,4284,18.5,1174,5.1,2219,9.6,3578,15.5,935,5.2,2431,10.5,1650,9.2,2513,10.9,1015,5.8,630,3.1,234,1.2,1334,5.3,8.9,10.4,2.9,0.6,4.2,3.7,0.9,1.8,9.8,0.7,8.1,58.1,68ac2933-936a-4c1d-b851-a2cfd9d41329,0.276860027572184,3.60041037713176
156,22620,Greater Bendigo,2999.9717,https://linked.data.gov.au/dataset/asgsed3/LGA2021/22620,32647,24686,21.4,6971,6,12604,10.9,16573,14.4,5044,5.5,11768,10.2,12365,13.4,13358,11.6,6395,7,3137,3.3,1073,1.1,8639,7.1,11.7,10.6,3.5,0.8,5,4.7,1.1,2.1,12.6,1.1,9.2,52.8,e0f7bcae-a301-4a4e-be4b-96a8bec2c845,0.302658611926745,3.70065809733981
157,22670,Greater Dandenong,129.5466,https://linked.data.gov.au/dataset/asgsed3/LGA2021/22670,27511,24775,15,8960,5.4,12305,7.5,16088,9.8,6242,4.6,10887,6.6,10774,8,13885,8.4,7106,5.4,3234,2.3,1430,1,11467,7.2,6.1,6.4,1.9,0.8,6.1,3.2,0.9,1.1,6,1,7.1,66.1,479b40cc-453d-4578-a221-f8b6fcb6f096,0.0132891593307249,0.523487094678233
158,22750,Greater Geelong,1247.9872,https://linked.data.gov.au/dataset/asgsed3/LGA2021/22750,89878,54985,22.1,15028,6,26985,10.9,29984,12.1,10136,5,19351,7.8,20803,10.3,29116,11.7,12371,6.2,6093,3,2026,1,17726,6.5,9.3,9.8,3.2,0.9,4.9,4.4,1,1.9,11.1,1.1,8.8,56.5,d7d16917-b4e6-4b08-b0b5-dad57b39639f,0.128129574268769,3.15253037135391
159,22830,Greater Shepparton,2421.9092,https://linked.data.gov.au/dataset/asgsed3/LGA2021/22830,15263,15891,24.4,4192,6.4,7664,11.7,8090,12.4,2965,5.7,4641,7.1,5213,10.1,9050,13.9,3581,7,1681,3.1,643,1.2,4932,7.2,11.1,9.8,3.3,0.8,5.5,4.8,1.2,2.1,10.1,1.1,8.5,54.5,fa7b0c75-0f93-4ca8-bfbd-4006a6afca63,0.243292100736198,3.10054891111034
160,22910,Hepburn,1472.9843,https://linked.data.gov.au/dataset/asgsed3/LGA2021/22910,4457,3814,24.5,1048,6.7,2059,13.2,2074,13.3,791,6,1353,8.7,1824,13.9,2186,14,946,7.3,410,3.5,133,1.1,1050,6.3,12.3,9.6,4.3,1,5.2,5.8,1,3.2,11.1,1.4,9.8,50.2,a24b2f42-a8cc-4eae-b408-d2510943be71,0.149728904006679,2.80118021415044
161,22980,Hindmarsh,7524.1823,https://linked.data.gov.au/dataset/asgsed3/LGA2021/22980,1353,1286,23.2,387,7,792,14.3,944,17,285,6.1,558,10.1,546,11.7,901,16.2,316,6.9,136,3.3,31,0.8,470,8.2,14.6,10.1,4.2,1,7.2,5.8,1,2.7,10.4,1.4,8.8,51.5,21713314-89cf-46ff-8986-04afffef1bcf,0.752586092681668,4.32909317006244
162,23110,Hobsons Bay,64.2405,https://linked.data.gov.au/dataset/asgsed3/LGA2021/23110,31818,15020,15.7,5360,5.6,7099,7.4,10539,11,3358,4.3,7376,7.7,7311,9.4,8688,9.1,4221,5.5,1937,2.4,782,0.9,5812,6.4,7.5,8.2,2.6,0.8,4.8,3.6,1,1.3,8.4,0.9,7.8,61.7,4db625e7-ca02-451c-ad46-75b59ad891c7,0.00657662055755281,0.559519819361648
163,23190,Horsham,4266.769,https://linked.data.gov.au/dataset/asgsed3/LGA2021/23190,5304,3934,19.9,1133,5.7,2451,12.4,2020,10.2,767,4.8,1526,7.7,1291,8.1,2139,10.8,845,5.4,454,2.8,152,1,1279,6.3,11.5,9.7,3.7,0.7,5.2,5.1,1,2.3,10.1,1.4,7.6,55.3,75ef5b3f-bdfc-4020-818d-5edafe86e355,0.430967376194985,4.56881126132374
164,23270,Hume,503.8488,https://linked.data.gov.au/dataset/asgsed3/LGA2021/23270,47428,39113,17.4,14648,6.5,16672,7.4,27060,12.1,8674,5,17758,7.9,17165,9.9,24254,10.8,8920,5.2,7145,3.5,2561,1.3,16898,6.9,6.6,7.5,1.9,0.5,5.5,3.1,0.9,1.2,6.9,0.7,7.6,64.5,5c042a30-0cb0-4dce-9b42-d833bfcc7dfb,0.0514000400526129,1.32007632079034
165,23350,Indigo,2040.471,https://linked.data.gov.au/dataset/asgsed3/LGA2021/23350,5350,3262,20.2,836,5.2,1929,11.9,2050,12.7,679,5.2,1430,8.9,1150,8.7,1673,10.4,741,5.7,328,2.6,123,1,1000,5.8,10.9,9.8,3.7,0.8,4.5,5.1,1,2.3,9.2,1.1,8.2,54.8,ec8fbd3f-2357-4e45-a213-ce95930d5b93,0.204532455427398,4.2975134380224
166,23430,Kingston (Vic.),91.3676,https://linked.data.gov.au/dataset/asgsed3/LGA2021/23430,62153,24668,15.2,8130,5,12387,7.6,16828,10.4,5545,4.2,12103,7.5,11121,8.4,14215,8.8,6619,5,2699,2,1205,0.9,9311,5.9,7.8,8.1,3.1,0.8,4.6,4,0.9,1.4,8.1,1,8.2,62.4,837ff08a-d278-4bda-bda9-ae404c620ab9,0.00937048264950135,0.537643660668831
167,23670,Knox,113.9114,https://linked.data.gov.au/dataset/asgsed3/LGA2021/23670,58834,27893,17.2,8127,5,12590,7.8,19195,11.8,5871,4.4,13402,8.3,10369,7.8,15903,9.8,5800,4.4,3304,2.4,1366,1,9170,5.8,8.3,8.9,2.9,0.8,5.4,4,0.9,1.5,8.7,1,8.7,61,1e5b9a66-56c5-460c-a23d-d8e6bcb6ad50,0.0116670127754332,0.757042992674453
168,23810,Latrobe (Vic.),1425.613,https://linked.data.gov.au/dataset/asgsed3/LGA2021/23810,15999,19150,25.7,4766,6.4,9993,13.4,10339,13.9,3537,5.8,6921,9.3,7873,13,10538,14.2,4616,7.7,2297,3.8,736,1.2,6479,8.4,12.2,10.9,3.4,0.7,6.5,5.5,1.4,3.1,12.2,1.3,9.5,50,ba102f18-0d89-4521-99bb-aee752124f0f,0.146772644155135,3.02988271698196
169,23940,Loddon,6696.4447,https://linked.data.gov.au/dataset/asgsed3/LGA2021/23940,1905,1646,22.1,544,7.3,1153,15.5,916,12.3,415,6.6,730,9.8,1030,16.5,1065,14.3,471,7.6,223,4.1,69,1.3,584,7.5,14.6,9.7,4.1,0.7,6.3,6.4,1.1,3.7,10.7,1.3,8.5,47.7,0118368c-18e0-4b4a-8852-1cf21d0e6e1b,0.67241351980465,4.80748126349978
170,24130,Macedon Ranges,1748.284,https://linked.data.gov.au/dataset/asgsed3/LGA2021/24130,18844,7864,16,2399,4.9,4335,8.8,4993,10.2,1823,4.7,3368,6.9,3326,8.6,4420,9,1989,5.2,1090,2.7,429,1,2614,5.1,8.9,8.9,3.4,0.8,4,4,0.9,1.9,9.1,0.9,8.4,58.5,8d1d0b45-1609-4e67-ba96-e514824a13a3,0.177756682806375,2.72075921458904
171,24210,Manningham,113.3479,https://linked.data.gov.au/dataset/asgsed3/LGA2021/24210,56390,18879,15.2,6190,5,9982,8,14900,12,4286,4.1,11353,9.1,8764,8.5,10214,8.2,4966,4.9,1721,1.7,665,0.7,7804,6.3,7.9,6.2,3.2,1.1,4.6,4.1,0.9,1.1,5.8,1,8.2,65.4,4a0b7c3f-c191-4e6c-b623-6a9536d2ca8d,0.0115896052020616,0.898695080998139
172,24250,Mansfield,3843.8535,https://linked.data.gov.au/dataset/asgsed3/LGA2021/24250,2832,1556,17.8,487,5.6,1120,12.8,1086,12.4,366,5.1,729,8.3,667,9.2,965,11,337,4.7,185,2.8,69,1,537,5.3,10.4,8.1,4.1,0.6,4.5,5.2,1.1,2.2,8.2,1.3,8.3,55.9,786aeefd-66c1-40d0-98b9-01179cf41293,0.390139636502226,4.42842794951301
173,24330,Maribyrnong,31.2258,https://linked.data.gov.au/dataset/asgsed3/LGA2021/24330,28360,12526,13.8,3908,4.3,5637,6.2,7656,8.4,2802,3.7,5486,6,4074,5.3,6297,6.9,3229,4.3,1453,1.8,724,0.9,4523,5.3,5.2,8.5,1.8,0.6,4,2.3,0.7,0.9,9.9,0.7,8.1,63.2,3e339917-2170-4418-8652-a60b8db199e0,0.00319429852697795,0.291031762656633
174,24410,Maroondah,61.4097,https://linked.data.gov.au/dataset/asgsed3/LGA2021/24410,43352,16516,14.2,5139,4.4,8724,7.5,11266,9.7,4152,4.4,7040,6.1,6237,6.6,9329,8,4138,4.5,2124,2.1,844,0.9,6847,6,8.6,9.1,3.1,0.8,4.4,3.8,0.8,1.5,9.8,1,9.3,60.2,ecc03243-bed5-4e8d-b267-27dd8d6639b0,0.00628276765564806,0.390701324692193
175,24600,Melbourne,37.5452,https://linked.data.gov.au/dataset/asgsed3/LGA2021/24600,52353,13145,7.8,3760,2.2,6073,3.6,9384,5.6,2874,1.8,6479,3.9,6193,3.9,6090,3.6,3685,2.3,1570,1,1118,0.7,3468,2.3,3,6.3,1.5,0.3,1.9,1.6,0.4,0.5,8.1,0.4,6,69.4,f36601aa-3d5e-4336-b82f-d4d192291658,0.00384126300650678,0.414391843506533
176,24650,Melton,527.5374,https://linked.data.gov.au/dataset/asgsed3/LGA2021/24650,38940,24946,16.1,7671,5,10907,7,17424,11.3,5350,4.6,11062,7.1,9179,7.9,13715,8.9,5231,4.6,3649,2.6,1560,1.1,9496,5.3,5.7,8.3,1.7,0.3,4.9,2.5,0.8,1.2,7.2,0.7,6.9,64.5,33a63f8a-b357-4db7-800d-182c3baf8372,0.0538904203963284,1.08654615729258
177,24780,Mildura,22081.9206,https://linked.data.gov.au/dataset/asgsed3/LGA2021/24780,16370,10820,19.6,3689,6.7,5901,10.7,7386,13.4,2469,5.6,4818,8.7,4004,9,6050,11,2577,5.9,1436,3.2,508,1.1,4277,7.5,9.7,10,3.1,0.7,5.5,4.8,1.2,2.2,9.9,1.1,7.7,54.7,de2d2792-1d6d-4823-8e8a-21064c3da5b8,2.17698673937866,9.06001826912118
178,24850,Mitchell,2862.0837,https://linked.data.gov.au/dataset/asgsed3/LGA2021/24850,11468,8328,18.9,2291,5.2,4147,9.4,5187,11.8,1709,4.9,3690,8.4,3317,9.5,4330,9.8,2002,5.8,1115,2.9,430,1.1,2970,6,9.1,9.7,2.8,0.5,5.2,4,1,2,10,0.9,8.2,57.4,94e39729-b5f1-40d1-aa69-96f57d48356c,0.29025218279503,4.2668587594144
179,24900,Moira,4045.9201,https://linked.data.gov.au/dataset/asgsed3/LGA2021/24900,6662,7513,25.5,1879,6.4,4241,14.4,4536,15.4,1404,5.8,2818,9.5,2909,12,3809,12.9,1737,7.3,713,3.2,265,1.2,2390,7.8,13.8,9.9,4.2,1.1,6.3,6,1.4,3.4,10.9,1.5,8.1,50.8,ca08c645-f0c1-4263-8eb7-04ef6b047c47,0.404724111704581,5.85381215187104
180,24970,Monash,81.4829,https://linked.data.gov.au/dataset/asgsed3/LGA2021/24970,74511,26506,13.4,8743,4.4,13648,6.9,17983,9.1,6224,3.7,12923,6.5,11099,6.7,14468,7.3,6888,4.2,2428,1.5,1219,0.7,10973,5.8,6.5,6.4,2.5,1,4.8,3.7,0.8,1,6.2,0.9,7.5,66.7,f4d4b08e-19a2-453c-835d-ddf5a0645905,0.00834638703418022,0.521077230066864
181,25060,Moonee Valley,43.1384,https://linked.data.gov.au/dataset/asgsed3/LGA2021/25060,50719,18504,14.5,6437,5.1,8989,7.1,14776,11.6,4252,4,10539,8.3,8346,7.9,10866,8.5,5213,5,2126,2,1032,1,7375,6.1,7.6,7.9,2.8,0.9,4.3,3.7,0.9,1.2,8.4,0.9,8.1,62.5,133df778-14f3-4083-b225-486a06d9b672,0.0044102996471338,0.395385915682263
182,25150,Moorabool,2110.5504,https://linked.data.gov.au/dataset/asgsed3/LGA2021/25150,10271,7650,22.4,1683,4.9,3817,11.2,4999,14.6,1374,5.1,3412,10,2727,10.1,4291,12.6,1795,6.7,921,3.2,289,1,2353,6.3,9.8,9.8,3.1,0.7,4.9,4.1,0.8,2.4,10.2,1.1,9,56.9,9a6506e8-f622-45ef-b2e9-c506cecf96e6,0.21543112662448,2.88892001352907
183,25250,Moreland,50.9522,https://linked.data.gov.au/dataset/asgsed3/LGA2021/25250,56476,28772,15.9,8868,4.9,12331,6.8,19817,11,5738,3.8,14586,8.1,11752,7.8,14672,8.1,8248,5.5,2888,1.8,1342,0.8,11067,6.5,6.8,8.6,2.3,0.8,4.3,3.1,0.8,1,11,0.8,8.4,61.3,95a71789-8589-4dc9-a7c9-99ceed761deb,0.0052074463255849,0.429650264679588
184,25340,Mornington Peninsula,723.992,https://linked.data.gov.au/dataset/asgsed3/LGA2021/25340,60212,35197,21.4,9316,5.7,18813,11.4,21186,12.9,6853,5.1,13131,8,12078,8.9,17664,10.7,7804,5.8,3062,2.4,1047,0.8,10533,6.2,11.7,8.9,4.7,1.1,4.6,5.6,1.1,2.2,9.8,1.3,8.4,54.8,94e4342e-ee25-4b9e-a637-a40a7bf3b210,0.074605898153095,2.19914589106091
185,25430,Mount Alexander,1529.6183,https://linked.data.gov.au/dataset/asgsed3/LGA2021/25430,4684,5429,29.3,1271,6.8,2643,14.2,3529,19,961,6.2,2308,12.4,2375,15.3,2874,15.5,1202,7.8,441,3.2,157,1.1,1083,5.3,12.5,8.5,4.6,0.6,4.2,5.3,1.1,2.3,11.2,1.2,9.7,49.7,97798554-9063-461d-a6f0-0f5081f57ad1,0.154948158186926,2.67114101140879
186,25490,Moyne,5481.686,https://linked.data.gov.au/dataset/asgsed3/LGA2021/25490,4641,3251,19.4,908,5.4,1781,10.6,2226,13.3,701,5.3,1232,7.3,1043,7.9,1673,10,769,5.9,447,3.3,149,1.1,870,5,9.1,9.1,3.2,0.4,4.1,4.4,0.9,2,8.2,1.1,6.9,58.8,63e10bc7-ad9c-480c-bd83-24e2ac4eb464,0.563204974183463,5.29869649603335
187,25620,Murrindindi,3879.7505,https://linked.data.gov.au/dataset/asgsed3/LGA2021/25620,3991,3758,26.1,850,5.9,1902,13.2,2143,14.9,675,5.6,1368,9.5,1473,12.2,1920,13.3,764,6.4,371,3.4,96,0.9,915,6,13.1,9.6,4.2,0.6,5.5,5.3,1.3,2.7,10.1,1.4,8.6,51.6,c4b2e048-4a9c-49ff-945b-cb09d7571120,0.394344097938756,4.34035628025216
188,25710,Nillumbik,432.3373,https://linked.data.gov.au/dataset/asgsed3/LGA2021/25710,29099,8050,12.4,2245,3.5,4827,7.5,6362,9.8,2142,4.1,5130,7.9,2999,5.8,4810,7.4,1613,3.2,1279,2.3,520,0.9,2523,4,8.1,8.3,3.1,0.6,3.2,3.4,0.8,1.1,8.3,0.8,8,62.2,846ad573-50b5-40f0-935c-f8bd204e8db1,0.0441242932893147,1.53492762305921
189,25810,Northern Grampians,5729.8765,https://linked.data.gov.au/dataset/asgsed3/LGA2021/25810,2414,2567,22.8,775,6.9,1566,13.9,1367,12.1,578,6.1,1084,9.6,1062,11.2,1411,12.5,601,6.4,320,3.7,93,1.1,872,7.3,14.1,9.6,4.3,0.5,6.4,5.5,1,3,10.8,1.3,8.8,49.7,9cd3b0e2-d112-4cbe-aebc-7f68def47a64,0.578889678401993,5.87624088216525
190,25900,Port Phillip,20.6141,https://linked.data.gov.au/dataset/asgsed3/LGA2021/25900,46506,14728,13.1,3662,3.3,5981,5.3,10030,8.9,2759,2.8,7043,6.3,6050,6.1,7325,6.5,4052,4.1,1615,1.6,724,0.7,3721,3.7,5.4,7.7,2.6,0.4,2.5,2.7,0.6,1,9.8,0.6,7.5,63,ce7f724a-3b37-4eae-99c7-f531dc61d4bc,0.00211036734754089,0.317319088095949
191,25990,Pyrenees,3434.5687,https://linked.data.gov.au/dataset/asgsed3/LGA2021/25990,1748,1961,28.6,462,6.7,1084,15.8,1366,19.9,367,6.4,1046,15.3,872,15.3,1002,14.6,427,7.6,207,4,64,1.3,593,7.7,13.5,9.9,4.3,0.5,6.1,5.9,0.9,3.5,11.7,1.6,8.6,46.8,05b8df6e-d3eb-470c-a89c-b83850c7b346,0.349124694905186,3.99740255047356
192,26080,Queenscliffe,8.6166,https://linked.data.gov.au/dataset/asgsed3/LGA2021/26080,1624,825,26.9,213,6.9,481,15.7,439,14.3,139,5.1,296,9.7,392,14.4,481,15.7,240,8.9,51,2.8,12,0.7,178,5.4,13.2,7.6,5.8,0.7,4.3,7.6,0.7,2,7.5,1.5,8.3,52.2,757b5a87-3b29-4ad8-b44b-2cdf08e3e5e0,0.000887012524799502,0.381777483394804
193,26170,South Gippsland,3296.3307,https://linked.data.gov.au/dataset/asgsed3/LGA2021/26170,7498,7173,24.4,1669,5.7,4038,13.7,3659,12.4,1301,5.4,2409,8.2,2887,12,3570,12.1,1595,6.8,649,2.9,199,0.9,1962,6.4,12.2,9,4,0.7,5.5,5.8,1.1,2.5,9.7,1.4,8.5,53.7,33592ad1-0ede-4143-99d9-257088246bb0,0.340980227213549,6.07073731523033
194,26260,Southern Grampians,6654.0186,https://linked.data.gov.au/dataset/asgsed3/LGA2021/26260,3978,3755,23.8,938,5.9,2032,12.9,1910,12.1,693,5.4,1082,6.9,1347,10.4,1513,9.6,866,6.8,379,3.1,102,0.8,1137,6.9,12.5,9.1,3.8,0.8,5.7,4.9,1.1,2.3,9.8,1.2,8.2,54.4,e4b64f18-a171-4e77-8f95-4af3e3300af1,0.678338643441748,5.28969080344449
195,26350,Stonnington,25.651,https://linked.data.gov.au/dataset/asgsed3/LGA2021/26350,54422,13807,11.9,3993,3.4,5678,4.9,11053,9.5,2774,2.7,7404,6.4,6122,6,7268,6.3,3981,4,1322,1.3,644,0.7,4014,3.8,5.8,7.6,2.9,0.6,2.7,3.1,0.6,0.9,8.5,0.7,7.2,64.3,291e8b96-bfe1-40d4-b797-f3fbd287ce72,0.00262620672174307,0.307390960231131
196,26430,Strathbogie,3303.2568,https://linked.data.gov.au/dataset/asgsed3/LGA2021/26430,3076,2945,28.1,641,6.1,1492,14.2,1427,13.6,508,5.7,942,9,1247,14,1485,14.1,666,7.6,253,3.3,56,0.7,811,7.1,13.8,8.7,4.9,1.1,5.5,6.6,1.4,2.8,9.7,1.5,8.2,50.7,05288791-7391-4e8e-a340-e3e0f00b2025,0.333366100615422,3.95388869490608
197,26490,Surf Coast,1552.944,https://linked.data.gov.au/dataset/asgsed3/LGA2021/26490,15830,4679,14.6,1440,4.5,2866,8.9,3232,10.1,1202,4.7,2114,6.6,2110,8.3,2756,8.6,1211,4.8,669,2.5,234,0.9,1409,3.7,7.8,8.1,3.4,0.8,2.9,3.7,0.7,1.2,7.5,0.9,7.2,61.7,779e4683-5776-4afc-a64b-66101a6df4c4,0.159963518795848,2.31778900284448
198,26610,Swan Hill,6115.5373,https://linked.data.gov.au/dataset/asgsed3/LGA2021/26610,5151,3676,17.8,1194,5.8,2225,10.8,2611,12.7,846,5.1,1646,8,1266,7.7,2059,10,866,5.3,487,2.9,179,1.1,1265,5.9,9.8,9.7,2.8,0.7,5,4.4,1.1,2,7.5,1,6.2,57,c3a105fa-1093-49ae-ac32-6a17199aae6b,0.604730735448811,6.64671446875144
199,26670,Towong,6675.1725,https://linked.data.gov.au/dataset/asgsed3/LGA2021/26670,1917,1260,21,337,5.6,819,13.7,863,14.4,268,5.4,585,9.8,456,9.2,721,12,276,5.6,144,3.2,33,0.7,394,6.3,13.2,8.9,4.2,0.9,5.4,5.5,1.1,2.6,10.1,1.3,8.1,51.6,b905a3b8-275f-42dc-be27-63a78c8b0ba6,0.670190785430805,5.51298656503403
200,26700,Wangaratta,3645.1096,https://linked.data.gov.au/dataset/asgsed3/LGA2021/26700,7113,7234,25.2,2287,8,3456,12,4259,14.8,1376,5.9,2411,8.4,3087,13.2,4639,16.2,1514,6.6,824,3.6,267,1.2,2215,7.4,12.1,11.1,3.8,0.8,5.1,5.4,1.1,2.5,10.7,1.4,8.7,52.5,7e920df4-544c-46e0-a2aa-918f5160d5f9,0.367056625306759,4.08117026589203
201,26730,Warrnambool,120.9487,https://linked.data.gov.au/dataset/asgsed3/LGA2021/26730,8510,6971,20.2,1807,5.2,3897,11.3,3003,8.7,1421,5,1654,4.8,2451,8.7,3094,9,1668,6,770,2.7,267,0.9,2333,6.6,9.7,9.9,3.5,0.7,5,4.9,1,2,10.4,1.2,8.1,55.2,1a8cc6e4-fdbb-429c-bf2e-29972b552404,0.0124685267091991,0.715800781851634
202,26810,Wellington,10817.4231,https://linked.data.gov.au/dataset/asgsed3/LGA2021/26810,9545,7893,18.4,2302,5.4,5054,11.8,4609,10.7,1839,5.3,3005,7,3233,9.2,3864,9,2061,6,1055,3.1,371,1.1,3236,7.1,11.6,9.6,3.5,0.7,5.6,5.4,1.2,3,10.4,1.4,8.4,52,6fbfa4e3-5b85-4c3a-9d4b-69a7363f5536,1.10804741637003,12.105945928738
203,26890,West Wimmera,9108.6794,https://linked.data.gov.au/dataset/asgsed3/LGA2021/26890,1165,728,19.2,216,5.7,492,13,546,14.4,163,5.2,381,10,245,7.8,474,12.5,172,5.6,97,3.4,21,0.7,267,6.7,13.4,8.4,3.3,0.7,5.8,5.4,0.8,2.5,9.1,1.2,7,54,a9e7f53a-5bde-4725-89f3-133af223d7d8,0.918306251274771,6.07784898925713
204,26980,Whitehorse,64.2801,https://linked.data.gov.au/dataset/asgsed3/LGA2021/26980,70878,26163,15,7725,4.4,13328,7.6,18612,10.7,5688,3.9,13967,8,10695,7.4,14216,8.1,6150,4.3,2544,1.7,1106,0.8,9374,5.5,7,7.3,2.8,0.7,4.2,3.6,0.8,1.1,7.4,0.9,8.4,64.7,afbb8f3e-8cf1-4108-ba01-1a5dbfe8a3cb,0.00657837418748386,0.401704342485071
205,27070,Whittlesea,489.6938,https://linked.data.gov.au/dataset/asgsed3/LGA2021/27070,55302,35249,15.8,12823,5.8,15953,7.2,22574,10.1,8127,4.7,14342,6.4,15180,8.7,19222,8.6,8768,5.1,5173,2.6,1974,1,14419,6.3,6.9,7.3,2,0.5,5.3,3.1,0.9,1,7.3,0.8,7.4,65.2,285dab0b-405d-4508-87e2-f5ce9441a9c7,0.0499281295733454,1.41731038043141
206,27170,Wodonga,433.0021,https://linked.data.gov.au/dataset/asgsed3/LGA2021/27170,11538,7619,18.5,1810,4.4,4472,10.8,3711,9,1468,4.5,2678,6.5,3055,9.4,4321,10.5,2065,6.4,846,2.4,346,1,3131,7.2,10.3,10.9,3.4,0.7,5.2,4.7,1.2,2.3,12.8,1.1,9.9,54.1,99350288-171d-45d7-8e77-123279c90e1d,0.0433622339783142,1.54857466925235
207,27260,Wyndham,542.0943,https://linked.data.gov.au/dataset/asgsed3/LGA2021/27260,68151,31023,12.2,10384,4.1,14932,5.9,19046,7.5,7446,3.9,13738,5.4,13418,7.1,16944,6.7,6557,3.5,5108,2.2,2206,0.9,12089,4.1,4.6,6.5,1.3,0.3,4.4,2.1,0.6,0.8,5.7,0.5,6,69.8,c704aedb-35a8-434c-9087-1f2680647bb1,0.0555203369440278,1.29398597775717
208,27350,Yarra,19.5421,https://linked.data.gov.au/dataset/asgsed3/LGA2021/27350,39655,10773,11,3073,3.1,5291,5.4,8361,8.5,2339,2.7,5968,6.1,5394,6.2,6252,6.4,3406,3.9,1524,1.7,636,0.7,3544,3.9,5.3,9.3,2.3,0.5,2.7,2.3,0.6,0.8,11.8,0.6,8.2,61,754fd988-1142-4348-8810-79d81da36f26,0.00199917015697793,0.41987488770743
209,27450,Yarra Ranges,2468.2052,https://linked.data.gov.au/dataset/asgsed3/LGA2021/27450,49079,30764,19.5,7852,5,14258,9.1,21722,13.8,6144,4.8,14276,9.1,10043,7.9,15283,9.7,6173,4.9,3613,2.7,1469,1.1,8430,5.4,9.4,9.6,3.2,0.6,4.3,3.9,0.8,1.7,10.3,0.9,8.9,57.9,b6d6885f-d362-453c-945f-7b75e9ff05f0,0.25221347892284,3.66857687573447
210,27630,Yarriambiack,7325.797,https://linked.data.gov.au/dataset/asgsed3/LGA2021/27630,1784,1787,27.5,452,7,972,15,1071,16.5,354,6.6,866,13.3,595,11.1,1138,17.5,351,6.6,203,4.2,40,0.8,611,9.3,15.8,11.9,3.9,0.9,7.1,6.3,1.1,3.2,11.8,1.6,9.3,46.7,f0d82527-ba27-414c-ac81-529656f62e04,0.732179304575311,5.44392049909656
211,29399,Unincorporated Vic,283.1903,https://linked.data.gov.au/dataset/asgsed3/LGA2021/29399,152,113,12.8,41,4.6,76,8.6,85,9.6,30,4,50,5.7,48,6.4,91,10.3,28,3.8,20,2.6,8,1,12,1.3,4.5,5.1,1.9,,0.4,0.9,0.4,,4.4,,4.9,54.3,195830dd-783c-499a-a39f-37b6deddcddd,0.0290105240596858,3.01730531125993
212,29499,No usual address (Vic.),,https://linked.data.gov.au/dataset/asgsed3/LGA2021/29499,,,,,,,,,,,,,,,,,,,,,,,,,,,,,,,,,,,,,,3ef31275-5841-4153-bae5-0276232c7c1f,,
213,29799,Migratory - Offshore - Shipping (Vic.),,https://linked.data.gov.au/dataset/asgsed3/LGA2021/29799,,,,,,,,,,,,,,,,,,,,,,,,,,,,,,,,,,,,,,a0836709-f517-4dbf-bf4d-1a8bf9e5559d,,
214,30250,Aurukun,7423.9891,https://linked.data.gov.au/dataset/asgsed3/LGA2021/30250,40,,,,,,,,,,,,,,,,,,,,,,,53,4.8,0.4,1.4,,0.3,3,,,0.4,1.5,0.3,9.3,68.6,abee2260-204e-46b9-a3ff-b63a8888dc50,0.62010695199956,5.30375431417581
215,30300,Balonne,31104.0851,https://linked.data.gov.au/dataset/asgsed3/LGA2021/30300,1290,,,,,,,,,,,,,,,,,,,,,,,188,4.4,9.5,9.6,3.1,0.4,5.9,4.1,0.9,2.3,6.2,0.8,4.7,57.9,e18c37a5-e05e-41cf-b19b-a30a5258c8d5,2.86180394926782,8.83468663054866
216,30370,Banana,28550.1626,https://linked.data.gov.au/dataset/asgsed3/LGA2021/30370,5025,2217,15.8,694,4.9,1380,9.8,1463,10.4,463,4.2,853,6.1,733,6.7,1130,8,498,4.6,291,2.4,125,1,599,4.1,7.7,8.2,2.3,0.5,4.4,3.6,0.5,1.8,6.6,0.8,5.6,57.6,5da332e7-8ae3-4c2c-8f56-f024ab1e9df1,2.55191664947938,12.1009352257469
217,30410,Barcaldine,53382.654,https://linked.data.gov.au/dataset/asgsed3/LGA2021/30410,942,,,,,,,,,,,,,,,,,,,,,,,124,4.4,7.7,8.2,2.8,0.5,5.3,4.7,0.7,2.6,5.5,1.1,5.8,57.8,0419e584-08ad-4b5e-89ae-e0a53bc94f9c,4.70594208307807,14.9491410470558
218,30450,Barcoo,61830.1679,https://linked.data.gov.au/dataset/asgsed3/LGA2021/30450,107,,,,,,,,,,,,,,,,,,,,,,,11,3.6,3.5,8.3,,1,7.9,2.9,,1,4.4,,3.5,58.1,13fbc68c-898a-46d3-bfcd-1ffdcf9a2175,5.5353749827359,16.7432479687993
219,30760,Blackall Tambo,30537.248,https://linked.data.gov.au/dataset/asgsed3/LGA2021/30760,542,,,,,,,,,,,,,,,,,,,,,,,119,6.2,10.1,9,3.7,0.8,6.2,6,2,2.2,7.8,1.7,7.1,54.4,e849d294-ad34-47e1-89ec-fcaef3349264,2.72623871840597,10.8887054967227
220,30900,Boulia,60906.4695,https://linked.data.gov.au/dataset/asgsed3/LGA2021/30900,102,,,,,,,,,,,,,,,,,,,,,,,3,0.7,3.7,7.9,2.2,,4.6,2.2,,,4.6,,2.2,58.5,34d34c3f-edb5-40ba-ace5-134b7fa3cd10,5.344860937161,14.3372865610509
221,31000,Brisbane,1342.7173,https://linked.data.gov.au/dataset/asgsed3/LGA2021/31000,499429,173511,14.3,48126,4,85318,7,112872,9.3,35898,3.6,80703,6.6,59942,6,83072,6.8,40808,4.1,20529,1.9,9138,0.9,56680,4.6,6.3,7.8,2.7,0.6,3.6,3.4,0.7,1.3,9.1,0.7,8.3,63.6,7661ace1-df6a-4040-a056-2d819f8d08b7,0.122560829771373,5.16421898664802
222,31750,Bulloo,73722.0101,https://linked.data.gov.au/dataset/asgsed3/LGA2021/31750,81,,,,,,,,,,,,,,,,,,,,,,,3,0.9,6.9,8.4,1.2,,5.4,2.1,,,4.2,,3.3,64,26ac7b7c-dae4-4ccf-8bed-3425849de4a6,6.76494159955496,12.239269695535
223,31820,Bundaberg,6431.0889,https://linked.data.gov.au/dataset/asgsed3/LGA2021/31820,24276,22897,24.3,8534,9,12378,13.1,11720,12.4,5066,6.5,6290,6.7,9722,12.6,12274,13,6276,8.2,3388,4.7,882,1.2,9478,9.6,14.7,9.8,4.3,1,6.7,6.4,1.5,3.9,11.6,1.6,9.8,49.5,58198729-ed7c-4934-9fb6-89ebb967464c,0.574957284573657,6.13416582316352
224,31900,Burdekin,5043.9318,https://linked.data.gov.au/dataset/asgsed3/LGA2021/31900,6246,3351,19.9,1009,6,2293,13.6,2097,12.4,704,5.1,1631,9.7,1378,9.9,1724,10.2,738,5.4,347,2.6,119,0.9,1097,6.6,11.8,6.9,3.5,1.2,6.1,5.6,1.3,2.4,7.8,1.1,7.1,55.1,f69893ed-be11-4bfe-8bb2-9266aae44514,0.434918112250443,4.56183500751442
225,31950,Burke,39681.2234,https://linked.data.gov.au/dataset/asgsed3/LGA2021/31950,47,,,,,,,,,,,,,,,,,,,,,,,13,3.1,4.8,5.3,1.7,,4.8,2.4,1.4,1,3.6,,6.2,56.8,af8a2f5a-364d-4adc-aa52-f261c866d141,3.38610202524683,12.9482083478443
226,32080,Cairns,1689.3227,https://linked.data.gov.au/dataset/asgsed3/LGA2021/32080,43844,24369,14.9,7986,4.9,13546,8.3,16075,9.8,5853,4.5,10477,6.4,10364,8,13135,8,5567,4.4,3718,2.6,1524,1.1,8963,5.4,7.2,6.4,2.8,0.7,4,3.5,0.8,1.7,7.9,0.9,7.7,60,b3bb5329-080e-4780-9418-b71c2f705a05,0.143469664415306,3.07899018530178
227,32250,Carpentaria,64121.0123,https://linked.data.gov.au/dataset/asgsed3/LGA2021/32250,323,,,,,,,,,,,,,,,,,,,,,,,54,2.6,6.4,6.5,1.7,1,7.3,3.9,0.9,1.2,4.6,0.2,5.8,61.5,75b94468-cc21-43ee-8854-66970df260ea,5.45484868030758,20.228205823382
228,32260,Cassowary Coast,4687.824,https://linked.data.gov.au/dataset/asgsed3/LGA2021/32260,6873,6744,23,1952,6.7,3597,12.3,4045,13.8,1348,5.7,2245,7.7,2327,9.8,3076,10.5,1344,5.7,738,3.1,270,1.1,1980,6.8,10.9,6.6,3.5,1,5.6,5.3,1.2,2.6,7.4,1.2,7,55.6,1aa86d46-869a-4d40-b51b-3a4df9a543f9,0.399845993370263,7.26480833658895
229,32270,Central Highlands (Qld),59834.8359,https://linked.data.gov.au/dataset/asgsed3/LGA2021/32270,9872,2879,13.1,915,4.2,1751,8,1925,8.8,658,4,1216,5.5,1115,6.8,1678,7.6,752,4.7,602,3,215,1.1,950,3.4,5.4,7.6,2,0.2,3.4,2.7,0.6,1.5,7,0.6,5.4,61.1,abfa7eb2-5c23-4466-85f8-39024f40ec32,5.31084277538434,18.8752489551202
230,32310,Charters Towers,68382.1644,https://linked.data.gov.au/dataset/asgsed3/LGA2021/32310,3165,2215,19.6,767,6.8,1413,12.5,1781,15.8,493,5.5,1190,10.5,958,10.7,1193,10.6,610,6.9,314,3.4,116,1.3,749,6.4,9,8.4,3.3,1.1,5.5,5.5,1.2,2.3,7.6,0.9,6,53.3,43f17b39-6a21-466c-af55-796c42ecbc2c,5.90883555435107,16.8568045808047
231,32330,Cherbourg,31.6002,https://linked.data.gov.au/dataset/asgsed3/LGA2021/32330,,,,,,,,,,,,,,,,,,,,,,,,51,4.3,2.7,4.3,1,0.8,10.5,5.6,2.9,1.4,4.1,1.6,6.5,67.7,3426d963-7dd6-40a4-9934-604a55c00a68,0.00285579530122959,0.372955686659483
232,32450,Cloncurry,47971.2595,https://linked.data.gov.au/dataset/asgsed3/LGA2021/32450,714,,,,,,,,,,,,,,,,,,,,,,,95,2.6,3.7,6.9,2,0.4,5.5,2.8,0.4,1,4.9,0.4,4.2,59.5,78211f52-e9fb-4fcf-81a6-5871ebd00d68,4.16293838666638,15.7761936031863
233,32500,Cook,105717.7521,https://linked.data.gov.au/dataset/asgsed3/LGA2021/32500,591,,,,,,,,,,,,,,,,,,,,,,,172,3.8,6.6,4.6,2.3,0.4,3.7,2.9,0.8,1.9,5.1,0.8,5.2,56.5,261a8c55-b451-4595-8394-958a02e42fe0,8.85595007193751,34.6211334436056
234,32600,Croydon,29497.9025,https://linked.data.gov.au/dataset/asgsed3/LGA2021/32600,48,,,,,,,,,,,,,,,,,,,,,,,7,2.6,3.9,3.9,1.2,,3.5,3.1,,1.6,4.3,,2.7,61.1,07de2f7d-ed1f-4716-8097-b765e7d2bd01,2.524527256993,10.7421345109741
235,32750,Diamantina,94722.429,https://linked.data.gov.au/dataset/asgsed3/LGA2021/32750,60,,,,,,,,,,,,,,,,,,,,,,,6,2.3,2.6,7.9,,,1.9,3,,,4.1,,2.3,52.3,f89eff65-0db3-4bbd-b695-132e9ec5ee20,8.44655709732388,15.6812048474207
236,32770,Doomadgee,1827.6518,https://linked.data.gov.au/dataset/asgsed3/LGA2021/32770,33,,,,,,,,,,,,,,,,,,,,,,,34,2.5,1.7,2.3,,0.7,3.5,4.6,0.7,0.4,1.1,,4.3,79,18f654a8-170b-418b-8568-a003d983891c,0.155569828745683,2.40087134602982
237,32810,Douglas,2427.8626,https://linked.data.gov.au/dataset/asgsed3/LGA2021/32810,2964,2455,20.5,631,5.3,1110,9.3,1360,11.3,505,5,681,5.7,773,7.7,1107,9.2,445,4.5,262,2.6,104,1,609,4.9,7.8,5.8,3.2,0.7,3.7,4.2,0.8,2.2,7.2,0.9,6.7,58.4,39592cf1-8e4d-4f09-90f7-3642128cb056,0.205206727632003,3.65216316536208
238,33100,Etheridge,39199.2956,https://linked.data.gov.au/dataset/asgsed3/LGA2021/33100,190,,,,,,,,,,,,,,,,,,,,,,,31,4.3,8.8,3.6,3.2,,3.5,6,1.1,2.4,5,1,3.8,61.7,eaddb895-eaa9-495d-a504-9fc4e3ccb751,3.35381948566373,9.75843627455002
239,33200,Flinders (Qld),41199.9375,https://linked.data.gov.au/dataset/asgsed3/LGA2021/33200,553,,,,,,,,,,,,,,,,,,,,,,,64,4.3,7.7,9.5,3.4,0.3,5.5,5.7,1.5,1.9,5.1,1.2,5.3,53.1,ed8ae3f3-21e6-46cf-9e41-6713782015a5,3.57868686041616,10.4039400267187
240,33220,Fraser Coast,7104.5984,https://linked.data.gov.au/dataset/asgsed3/LGA2021/33220,21016,32624,31.4,11304,10.9,16357,15.7,15160,14.6,6425,7.5,7858,7.6,13701,15.9,17184,16.5,7444,8.8,4704,6.2,1072,1.4,11996,10.8,16.4,10.2,5,1.2,6.9,7.3,1.6,4.8,12.8,1.8,10.8,46.3,de44e0fa-7997-465d-a730-bec0c3313c58,0.638043326018533,10.2944070821879
241,33360,Gladstone,10484.2861,https://linked.data.gov.au/dataset/asgsed3/LGA2021/33360,21446,11550,18.4,3095,4.9,5814,9.3,6599,10.5,2344,4.9,4578,7.3,3916,8.1,5612,9,2411,5.1,1547,2.8,611,1.1,3663,5.8,8.5,8,2.7,0.4,4.6,3.6,0.8,2.3,9.6,0.8,7.6,58.6,4f8e4fcb-8559-4b98-9855-477c497f9e0d,0.931560167070984,12.5680803892628
242,33430,Gold Coast,1333.386,https://linked.data.gov.au/dataset/asgsed3/LGA2021/33430,196697,105481,17.6,28497,4.7,45831,7.6,59826,10,20398,4.2,38823,6.5,34073,7,48594,8.1,22760,4.7,10832,2.1,4815,1,34233,5.5,8.3,7.7,3.1,0.8,3.6,3.7,0.9,1.9,8.4,0.9,7.8,60.4,a25c9363-0713-4dd0-8091-e1ffd4b95815,0.122303288337662,4.2176750367557
243,33610,Goondiwindi,19265.7098,https://linked.data.gov.au/dataset/asgsed3/LGA2021/33610,3700,1815,17,577,5.4,1187,11.1,1166,10.9,403,4.9,674,6.3,627,7.6,771,7.2,394,4.8,253,2.9,103,1.2,573,5.6,9.5,9.4,2.8,0.6,5.1,4,1,2.1,7.2,0.9,6.5,56.6,4addb56d-b351-489d-9e2f-12f44a5dddc5,1.77350803931768,10.9317173141378
244,33620,Gympie,6883.9781,https://linked.data.gov.au/dataset/asgsed3/LGA2021/33620,11133,16771,32.7,5043,9.8,7581,14.8,8978,17.5,3205,7.7,5325,10.4,6041,14.5,9217,18,3610,8.8,2226,5.6,578,1.5,5171,9.7,13.7,9,4.2,0.9,5.9,5.9,1.3,3.7,12,1.4,10.2,50.2,51b2c2f9-178a-4262-a101-8dcb43c41d09,0.621400874912979,7.26482425414845
245,33800,Hinchinbrook,2807.1889,https://linked.data.gov.au/dataset/asgsed3/LGA2021/33800,3720,2357,22.5,774,7.4,1541,14.7,1750,16.7,514,5.8,1263,12,1090,12.3,1214,11.6,637,7.3,236,3.1,56,0.7,901,8.3,12.8,7.4,4.2,1.5,6.7,6.7,1.3,2.9,8.5,1.4,7.7,52.8,9b96a3d8-b50d-4abe-b76f-268a57303ba3,0.240385260597805,3.26986437829199
246,33830,Hope Vale,1111.7099,https://linked.data.gov.au/dataset/asgsed3/LGA2021/33830,27,,,,,,,,,,,,,,,,,,,,,,,25,2.6,1.7,2.7,,0.3,10.5,2.8,0.9,,1.7,0.5,2.6,69.4,4eb442df-a97e-44ef-85b6-6e11a0a8065a,0.0934909796478678,2.86582567832851
247,33960,Ipswich,1093.8562,https://linked.data.gov.au/dataset/asgsed3/LGA2021/33960,54039,37191,17.6,10883,5.1,17794,8.4,20537,9.7,7807,4.9,13392,6.3,12597,7.9,19846,9.4,8764,5.6,5556,2.9,2117,1.1,15072,6.6,8.6,10.6,2.5,0.4,5.1,3.5,0.9,2.1,11.8,0.9,9.1,56.8,8e7850d6-0d0d-44c6-9957-fc1a3df269f2,0.100047934818122,2.43656274379113
248,33980,Isaac,58707.9192,https://linked.data.gov.au/dataset/asgsed3/LGA2021/33980,7187,2309,11.1,866,4.2,1568,7.5,1740,8.3,566,3.6,1042,5,989,6.4,1529,7.3,710,4.6,543,2.8,233,1.2,489,2.2,4.1,7,1.5,0.2,2.5,1.8,0.5,1.2,5.4,0.5,4,56.7,a5813918-1247-4a34-80b9-d9ae3796d35d,5.1430690772338,19.6396835215547
249,34420,Kowanyama,2555.3325,https://linked.data.gov.au/dataset/asgsed3/LGA2021/34420,27,,,,,,,,,,,,,,,,,,,,,,,28,2.6,1.7,1.2,0.4,,10,7,1.4,0.7,1.2,0.3,2,54.9,b330ba29-8994-46c2-9d27-83166a954153,0.21503497759204,2.70647410583245
250,34530,Livingstone,11757.8686,https://linked.data.gov.au/dataset/asgsed3/LGA2021/34530,13608,8795,24.1,2251,6.2,4203,11.5,5616,15.4,1570,5.3,3725,10.2,2972,10.1,4124,11.3,1829,6.3,885,3,317,1.1,2235,5.7,10.4,7.7,3.5,0.7,4.7,4.9,1,2.7,8.4,1,7.3,54.6,60e2e8fe-bbbc-483b-a61c-57e114b2e8c4,1.03408316685704,16.3742108497882
251,34570,Lockhart River,3576.6839,https://linked.data.gov.au/dataset/asgsed3/LGA2021/34570,,,,,,,,,,,,,,,,,,,,,,,,9,1.4,0.6,,,,4.4,2.4,,,2.2,,1.3,67.5,65e879d0-2ae8-49a5-aaf3-d0ee841c81b8,0.298017954594229,4.7261660525717
252,34580,Lockyer Valley,2269.0054,https://linked.data.gov.au/dataset/asgsed3/LGA2021/34580,9840,9119,22.6,2650,6.6,4489,11.1,4612,11.4,1826,5.6,2835,7,3513,10.9,4300,10.7,2288,7.2,1076,3.2,411,1.2,3148,7.7,11.8,10,3.4,0.7,5.6,4.6,1.1,2.8,11.9,1,9.2,52.7,608db11b-441c-49b1-9267-182b23accd8c,0.207489007974345,3.0483316080532
253,34590,Logan,958.1333,https://linked.data.gov.au/dataset/asgsed3/LGA2021/34590,70679,52800,16.3,18084,5.6,27052,8.3,35414,10.9,12075,4.8,22560,7,21839,8.8,29634,9.1,12622,5.2,8464,3,3295,1.2,22933,6.6,8.5,9.8,2.5,0.6,5.2,3.8,1,2.1,10,1,8.7,57.4,e4bd8cb4-6ca4-4a9a-9b02-dd8d37d6fc65,0.0877101162473082,2.10006681112904
254,34710,Longreach,40572.2442,https://linked.data.gov.au/dataset/asgsed3/LGA2021/34710,1144,,,,,,,,,,,,,,,,,,,,,,,183,5,7.2,7.7,2.6,1.4,4.7,3.9,1.1,1.7,8,0.8,6.9,55.8,7c6e2f9f-a34c-4441-8721-212366d4dc77,3.59263441383655,11.3054076576992
255,34770,Mackay,7613.2963,https://linked.data.gov.au/dataset/asgsed3/LGA2021/34770,43690,21400,18.5,5902,5.1,11673,10.1,13305,11.5,4247,4.7,9352,8.1,7974,8.7,10315,8.9,4949,5.5,2756,2.7,1050,1,6071,5,8.1,7.8,2.7,0.7,4.7,4.2,1,1.9,8,0.9,6.7,57.8,ab13ae90-b504-4b36-a031-e32d39ef3cf6,0.661989042742789,10.6126392658291
256,34800,McKinlay,40736.7989,https://linked.data.gov.au/dataset/asgsed3/LGA2021/34800,330,,,,,,,,,,,,,,,,,,,,,,,23,2.8,7.7,6.8,1,0.7,2.5,2.8,1.4,2.3,4.6,1.3,3.5,55.1,090a6c84-df76-412a-bae9-d8fe32f0ab23,3.5284886780662,11.698187959731
257,34830,Mapoon,537.2366,https://linked.data.gov.au/dataset/asgsed3/LGA2021/34830,,,,,,,,,,,,,,,,,,,,,,,,20,4.6,2.6,4.7,,,4.7,3.5,,,4.4,,7.3,59,b925ad7e-47cf-445b-8111-a443861b596c,0.044618277641689,2.27095412073578
258,34860,Maranoa,58719.3449,https://linked.data.gov.au/dataset/asgsed3/LGA2021/34860,4267,1008,14.7,326,4.8,614,9,814,11.9,236,4.5,381,5.6,325,6.2,431,6.3,187,3.6,123,2,65,1.1,513,4,8.3,9.8,2.8,0.4,4.4,4.1,0.9,1.9,7.4,0.7,5.5,55.6,3e265fcf-4c4a-46a2-9505-c984c810abd5,5.3186747742966,14.3841372715323
259,34880,Mareeba,53491.0502,https://linked.data.gov.au/dataset/asgsed3/LGA2021/34880,5261,4444,20.7,1459,6.8,2482,11.5,2729,12.7,967,5.5,1560,7.2,1675,9.6,2396,11.1,1068,6.2,556,3.2,213,1.2,1270,5.6,8.2,5.8,2.8,0.7,4.6,4.3,1.1,2.1,6.6,0.9,6.3,54.9,8c11f558-0b16-4833-b72f-3da654138928,4.53882534577792,12.8666011301883
260,35010,Moreton Bay,2041.4737,https://linked.data.gov.au/dataset/asgsed3/LGA2021/35010,132328,94313,20.7,25198,5.5,43013,9.5,50238,11.1,17806,5,32458,7.1,32487,9.1,44307,9.7,20460,5.8,10563,2.7,4404,1.1,33740,7.1,10.3,9.9,3.5,0.8,5.2,4.8,1.1,2.6,11.6,1,9.9,55,ab14dfcb-1a64-4de6-80ac-4c3ab3cc673f,0.185817552233402,3.70768769003455
261,35250,Mornington,1247.6932,https://linked.data.gov.au/dataset/asgsed3/LGA2021/35250,33,,,,,,,,,,,,,,,,,,,,,,,35,3.4,2,3,0.7,0.9,7.5,5.5,3.4,0.9,2.6,,3.4,71.1,55fc7b74-93b1-40ad-9bec-70b2591eecbc,0.105674098726013,5.08631364946642
262,35300,Mount Isa,43715.1975,https://linked.data.gov.au/dataset/asgsed3/LGA2021/35300,5367,2275,12.3,773,4.2,1303,7,1536,8.3,533,3.8,732,4,559,4,994,5.4,651,4.7,367,2.1,171,1,609,3.3,4.4,7,1.5,0.5,4.7,3,1,1.1,5.4,0.6,5.3,63.7,6a0abe09-1c25-43db-af88-ee1389d40801,3.77265704670208,11.8775145672102
263,35600,Murweh,40699.7586,https://linked.data.gov.au/dataset/asgsed3/LGA2021/35600,1071,,,,,,,,,,,,,,,,,,,,,,,245,6.2,10.8,9.7,3.1,0.7,6.3,5.4,1.4,2.7,7.5,1.1,6.8,52.4,64c71ad0-bb1f-4cd6-a6f4-528eee3491b4,3.67537720277187,13.4718633256247
264,35670,Napranum,2004.3468,https://linked.data.gov.au/dataset/asgsed3/LGA2021/35670,24,,,,,,,,,,,,,,,,,,,,,,,14,1.6,,2.8,0.6,,7.3,3.3,1.5,0.6,0.5,0.5,3,59.6,1d217f4d-6321-41a8-b663-8b87d336d69e,0.166662847748398,6.14758487097349
265,35740,Noosa,869.8657,https://linked.data.gov.au/dataset/asgsed3/LGA2021/35740,19932,13322,24.2,2922,5.3,6373,11.6,6591,12,2389,5.2,4022,7.3,3759,8.2,5106,9.3,2721,6,1013,2.4,390,0.9,3176,5.6,10.7,7.3,4.4,0.9,3.3,5.1,0.8,2.4,8,1.2,8.3,57.4,60e5e338-7fe1-40f1-a4a3-bd9daec7ea62,0.0786381953955697,1.68510644337769
266,35760,North Burnett,19669.8489,https://linked.data.gov.au/dataset/asgsed3/LGA2021/35760,2543,2525,24.1,785,7.5,1462,13.9,1807,17.2,508,5.9,904,8.6,999,11.6,1414,13.5,529,6.2,266,3.3,93,1.2,810,8,13.4,8.7,4,1.3,6.4,6.3,1.1,2.8,8.9,1.3,8.2,50.6,c60af72b-651b-469b-b888-43b7e6e4783a,1.76403837401585,9.17933290732783
267,35780,Northern Peninsula Area,1052.0676,https://linked.data.gov.au/dataset/asgsed3/LGA2021/35780,85,,,,,,,,,,,,,,,,,,,,,,,51,1.8,1.7,3.5,0.1,0.2,5.7,2.1,0.3,0.4,1.2,0.2,2,69.5,658e10b7-5591-4522-b4af-efa379919858,0.0870274207019293,2.59289547551772
268,35790,Palm Island,71.9928,https://linked.data.gov.au/dataset/asgsed3/LGA2021/35790,51,,,,,,,,,,,,,,,,,,,,,,,70,3.3,1.3,3,0.1,0.7,7.2,4.3,0.8,0.4,2.4,0.3,3.4,75,97050e41-d5e4-4fb5-9940-5ae8f61df77c,0.00616733646120338,0.950335587669453
269,35800,Paroo,47614.9225,https://linked.data.gov.au/dataset/asgsed3/LGA2021/35800,333,,,,,,,,,,,,,,,,,,,,,,,103,6.1,10.2,13.4,2.5,1,7.5,4.4,1.9,2.9,7.4,1.7,6.5,56.1,3358ce7d-8da0-4ea0-8721-d23794d8229d,4.37126207581036,11.0151785186528
270,36070,Pormpuraaw,4395.3654,https://linked.data.gov.au/dataset/asgsed3/LGA2021/36070,21,,,,,,,,,,,,,,,,,,,,,,,24,3.9,2.6,2.9,,,10.4,6.3,0.8,,3.3,,1.8,56.4,e9fea968-fc91-4fd1-9260-ca4fe2a88014,0.368885937865571,3.04300908682048
271,36150,Quilpie,67414.6563,https://linked.data.gov.au/dataset/asgsed3/LGA2021/36150,311,,,,,,,,,,,,,,,,,,,,,,,31,4.4,9,11.2,2.6,1,6.7,4.4,1,2.3,8,,5.1,57.9,cf3d7704-d755-495a-8cd8-3226f6904c21,6.09599816746368,14.345914353119
272,36250,Redland,537.1672,https://linked.data.gov.au/dataset/asgsed3/LGA2021/36250,55525,28651,18.5,7906,5.1,14940,9.6,17441,11.2,5828,4.7,12459,8,9624,7.7,12890,8.3,6364,5.2,3225,2.5,1173,0.9,10591,6.7,10.5,9.3,3.8,0.9,5.1,5.2,1,2.4,10.3,1.2,9.9,56.4,2fa93934-c8fd-4d1d-892e-ad05a59d4d13,0.0490885429785521,3.33111129056318
273,36300,Richmond,26580.748,https://linked.data.gov.au/dataset/asgsed3/LGA2021/36300,304,,,,,,,,,,,,,,,,,,,,,,,22,2.9,5.2,7,0.8,,3.6,2.7,,0.7,5.1,0.4,4.4,56.1,c09b14a1-9d33-4e8c-a9f6-50bce6de52da,2.30237516385932,8.27803831011702
274,36370,Rockhampton,6570.2667,https://linked.data.gov.au/dataset/asgsed3/LGA2021/36370,23377,18866,23.8,4912,6.2,8859,11.2,10788,13.6,3241,5.2,7310,9.2,6406,10.2,9183,11.6,4355,7.1,2192,3.2,797,1.2,6180,7.5,10.4,10.1,3.1,0.9,5.6,5.2,1.3,2.7,11,1.2,8.6,53.4,9a0ab61a-64bc-445c-a7a2-8f66344305a4,0.580561725972757,5.45471938902496
275,36510,Scenic Rim,4243.0014,https://linked.data.gov.au/dataset/asgsed3/LGA2021/36510,11677,10113,24.1,2727,6.5,4795,11.4,5951,14.2,1939,5.7,3352,8,3225,9.5,4309,10.2,2445,7.3,1013,3,401,1.2,2912,6.8,11.5,9.2,3.8,0.7,5,5.1,1.1,2.6,10.1,1.2,9,53.6,c00b4406-8ffa-47fa-908b-d92a138a533f,0.389473816302598,3.88535382767872
276,36580,Somerset,5373.4335,https://linked.data.gov.au/dataset/asgsed3/LGA2021/36580,5536,6179,24.1,1656,6.4,3159,12.3,3270,12.7,1297,6.4,1868,7.3,2299,11.3,2906,11.3,1518,7.6,698,3.4,270,1.3,2072,8.3,13.1,10.7,3.9,0.6,6.4,5.5,1.3,3.4,12,1.3,9.5,51.4,a1f3efda-fb3a-4d4e-8c0f-2b6f879c7e9f,0.488635896253982,5.4590014146574
277,36630,South Burnett,8381.558,https://linked.data.gov.au/dataset/asgsed3/LGA2021/36630,6626,9935,30.9,3150,9.8,4766,14.8,5517,17.2,1935,7.5,2936,9.1,3542,13.7,5478,17.1,2111,8.3,1511,6.1,328,1.3,3287,10,14,10,4,0.9,6.5,6.2,1.4,3.5,12.3,1.6,10.1,48.2,466234ac-1303-4a65-a916-e219f3a86086,0.758235855672183,6.10229112532057
278,36660,Southern Downs,7106.436,https://linked.data.gov.au/dataset/asgsed3/LGA2021/36660,9369,8599,24.4,2235,6.3,4737,13.4,4536,12.9,1694,5.9,3154,8.9,3263,11.4,4065,11.5,1892,6.7,966,3.6,293,1.1,2881,7.9,12.8,9.4,3.8,0.9,6.2,5.8,1.3,3,10,1.4,8.5,51.9,8947cf25-a8ab-4d5f-a11e-534f9e8b43a4,0.654377807020865,5.63354831160246
279,36720,Sunshine Coast,2253.8522,https://linked.data.gov.au/dataset/asgsed3/LGA2021/36720,112481,63247,20,17142,5.4,31564,10,31730,10,12879,5,17527,5.5,22177,8.6,27799,8.8,14320,5.6,6279,2.5,2430,1,21211,6.2,10.5,8.1,3.8,0.9,3.7,4.7,0.9,2.2,9.4,1.1,8.7,57.5,d8a0f550-13c2-4e8f-95d3-95bfb1e81bf1,0.204399651938729,3.41018304369679
280,36820,Tablelands,11292.8695,https://linked.data.gov.au/dataset/asgsed3/LGA2021/36820,6626,5596,22.2,1672,6.6,3276,13,3383,13.4,1214,5.9,2224,8.8,2129,10.3,3025,12,1279,6.3,651,3.4,217,1.1,1698,6.5,10,7,3.8,0.8,5,5.2,1.1,2.4,8,1.2,7.8,54.3,ba2aed47-701b-4bb4-9ebb-4518ae20bd65,0.963072478791673,7.14020973618297
281,36910,Toowoomba,12957.2103,https://linked.data.gov.au/dataset/asgsed3/LGA2021/36910,57070,32903,20,9666,5.9,17303,10.5,18176,11,6626,5.1,11926,7.2,13244,10.2,16583,10.1,8284,6.5,3871,2.8,1447,1.1,12181,7,10.7,9.9,3.4,0.9,5.2,4.9,1.1,2.1,10.9,1.1,8.9,55.5,c13cbbc0-413b-40cc-b1d9-845f167fbf6a,1.18424321537054,8.18088018188878
282,36950,Torres,883.7402,https://linked.data.gov.au/dataset/asgsed3/LGA2021/36950,369,,,,,,,,,,,,,,,,,,,,,,,111,3.2,2.7,5.3,1.1,0.4,6.5,2.7,1.2,0.8,2.9,0.1,4.1,69.9,e6b5e6c6-ef6f-4b7c-a819-a65741cb1b32,0.0730400735830017,7.55309487637546
283,36960,Torres Strait Island,490.0453,https://linked.data.gov.au/dataset/asgsed3/LGA2021/36960,62,,,,,,,,,,,,,,,,,,,,,,,142,3.4,1.7,3.5,0.4,0.3,8.9,2.9,1,0.4,0.8,0.4,3,72.9,712cdf86-03bf-497e-8559-963d7d1a4ef7,0.0403936222675156,2.78274637559339
284,37010,Townsville,3730.8199,https://linked.data.gov.au/dataset/asgsed3/LGA2021/37010,55973,31492,16.5,10008,5.2,17457,9.1,23681,12.4,6914,4.5,16041,8.4,13608,8.9,17044,8.9,6596,4.4,4564,2.7,1800,1.1,11362,5.9,8.8,8.1,3,0.7,4.6,4,1,2,10.4,0.9,8.3,56.5,df6b70b6-9f6d-45d0-9aa9-0dbde3283cad,0.320845653763399,4.91912931518255
285,37300,Weipa,10.4643,https://linked.data.gov.au/dataset/asgsed3/LGA2021/37300,1629,,,,,,,,,,,,,,,,,,,,,,,84,2,2.7,4.8,1.2,0.2,2.2,1.1,0.3,0.4,3.9,0.2,4.1,68.3,6ed1cf9f-b1f2-4414-aee8-f0eccb641a87,0.000870677921852803,0.31902839797233
286,37310,Western Downs,37922.5007,https://linked.data.gov.au/dataset/asgsed3/LGA2021/37310,9972,6361,18.7,2300,6.8,3497,10.3,3539,10.4,1389,5.3,1981,5.8,2263,8.6,3325,9.8,1437,5.6,1057,3.7,338,1.2,2182,6.4,9.6,10.2,3,0.6,5.4,4.4,1.1,2.1,9.9,1.1,7.1,54.1,fe11cbad-0777-48b0-8f15-9356bae13fdb,3.44363935808769,12.7234391625724
287,37340,Whitsunday,23818.9729,https://linked.data.gov.au/dataset/asgsed3/LGA2021/37340,9825,5769,16.6,1625,4.7,3549,10.2,3485,10,1264,4.5,2124,6.1,2441,8.6,2573,7.4,1261,4.5,741,2.5,298,1,1876,5,7.9,6.8,2.8,0.7,4.1,3.8,0.8,2.1,7.6,0.9,6.3,57.7,2b197297-9322-46a1-8f1e-d869f464b186,2.06523337805788,15.7387996219132
288,37400,Winton,53813.4826,https://linked.data.gov.au/dataset/asgsed3/LGA2021/37400,393,,,,,,,,,,,,,,,,,,,,,,,45,4,8.5,9.1,3.1,0.4,6.3,3.3,1.1,1.3,4.2,1.1,4.5,53.8,ea05245f-f78c-4ae3-a258-df1520f73805,4.72431609857813,12.7330054207447
289,37550,Woorabinda,390.5578,https://linked.data.gov.au/dataset/asgsed3/LGA2021/37550,22,,,,,,,,,,,,,,,,,,,,,,,40,3.9,3.8,7.5,0.3,,10.8,5,0.6,0.8,3.6,0.3,4.1,62.4,72c7fa82-7b86-4e2e-a70a-06ed9c8d06d0,0.0346414598720912,1.73962333887361
290,37570,Wujal Wujal,11.842,https://linked.data.gov.au/dataset/asgsed3/LGA2021/37570,,,,,,,,,,,,,,,,,,,,,,,,5,1.8,2.1,2.9,,,13.6,5.7,1.1,,,,3.6,62.9,9a40370e-da36-4f1c-b81f-69881e36be6c,0.000999650093035598,0.257410402132843
291,37600,Yarrabah,158.8381,https://linked.data.gov.au/dataset/asgsed3/LGA2021/37600,52,,,,,,,,,,,,,,,,,,,,,,,86,3.4,1.8,4.5,0.8,1,9,5.3,1,1,2.8,0.4,5.4,68.7,8f8ba4f1-48f6-4fa8-93a6-037649b22899,0.0134779318013898,0.983645238666729
292,39499,No usual address (Qld),,https://linked.data.gov.au/dataset/asgsed3/LGA2021/39499,,,,,,,,,,,,,,,,,,,,,,,,,,,,,,,,,,,,,,278d13fb-9bf7-4226-b88a-29d27f33458c,,
293,39799,Migratory - Offshore - Shipping (Qld),,https://linked.data.gov.au/dataset/asgsed3/LGA2021/39799,,,,,,,,,,,,,,,,,,,,,,,,,,,,,,,,,,,,,,14ab94ab-edec-436b-bd78-ad3c82e7c2c3,,
294,40070,Adelaide,15.5733,https://linked.data.gov.au/dataset/asgsed3/LGA2021/40070,9462,3339,13.8,776,3.2,1383,5.7,1344,5.6,621,2.7,943,3.9,1047,4.6,1427,5.9,833,3.7,330,1.6,152,0.7,850,3.4,5.3,6.1,2.7,0.6,2.8,3,0.4,1,9,0.6,6.9,64.4,e2393e95-8f08-46ef-9771-7d0e91aab356,0.00153618445528991,0.157649995122564
295,40120,Adelaide Hills,794.4957,https://linked.data.gov.au/dataset/asgsed3/LGA2021/40120,19505,6636,16.7,1699,4.3,3719,9.4,4391,11.1,1449,4.5,3487,8.8,2680,8.3,3556,8.9,1350,4.3,773,2.4,263,0.8,1540,3.8,8.8,8.5,3.4,0.7,3.6,4,0.7,1.4,8.2,0.8,8.3,60.9,aa950373-9d96-40f4-9992-9929a843135b,0.0783482662800452,1.88177250318661
296,40150,Adelaide Plains,932.4913,https://linked.data.gov.au/dataset/asgsed3/LGA2021/40150,3234,1888,20.8,489,5.4,951,10.5,1089,12,388,5.3,781,8.6,784,10.6,987,10.9,470,6.5,273,3.5,92,1.2,593,6,10.8,11.2,2.6,0.5,5.9,4.4,0.9,2.3,9.8,1,8.3,55.8,b71c6f4b-8c71-4ad1-be75-99df87d7507a,0.0915082036667627,1.61025457161645
297,40220,Alexandrina,1826.8067,https://linked.data.gov.au/dataset/asgsed3/LGA2021/40220,9310,6524,24.4,1694,6.3,3808,14.2,2850,10.7,1363,6,1806,6.8,3020,13.3,3387,12.7,1615,7.2,557,2.9,190,1,2270,7.9,14.6,9,4.8,1.2,6.6,7.1,1.1,2.8,11.2,1.6,9.8,51,830da374-94de-437c-bb44-61a53cc73a93,0.181147802402393,2.18138773700741
298,40250,Anangu Pitjantjatjara Yunkunytjatjara,102348.117,https://linked.data.gov.au/dataset/asgsed3/LGA2021/40250,65,,,,,,,,,,,,,,,,,,,,,,,104,4.5,0.8,4.5,0.3,0.6,9.5,3.8,0.7,0.5,2.7,,5.8,67,fe3cbfca-e228-442c-ac33-e7810e866c95,9.30752987651817,15.1382544305592
299,40310,Barossa,893.5424,https://linked.data.gov.au/dataset/asgsed3/LGA2021/40310,9619,4617,18.8,1354,5.5,2685,10.9,2715,11,987,4.9,1986,8.1,1897,9.5,2143,8.7,1198,6.1,446,2.3,202,1,1470,5.9,11.3,9.4,3.5,0.9,5.4,4.6,0.9,1.9,10.3,0.9,8.4,56.8,4edbd331-c721-4e62-bcdc-220dd67b197a,0.0878313688790513,2.06210135062563
300,40430,Barunga West,1590.3887,https://linked.data.gov.au/dataset/asgsed3/LGA2021/40430,883,588,23.3,169,6.7,389,15.4,261,10.4,139,6.4,198,7.9,287,13.3,324,12.9,145,6.8,59,3.3,23,1.3,276,10.5,17.9,11.1,5,1.9,8.5,6.7,1.5,3.3,10.5,1.9,10.5,46.3,6fc651fe-5f23-41cc-8cc9-3b06203e0a83,0.154838871364973,2.48919726084455
301,40520,Berri Barmera,476.1962,https://linked.data.gov.au/dataset/asgsed3/LGA2021/40520,2530,2343,21.8,711,6.6,1540,14.3,1180,11,504,5.7,875,8.1,1195,13.6,1325,12.3,566,6.5,263,3.1,100,1.2,915,8.7,13.6,10.9,3.6,1.1,7.7,5.7,1.2,3.4,11.3,1.2,8.8,52.3,e7c8f834-c201-43d0-bcb2-e663833fa245,0.0466131056118684,1.98721576291435
302,40700,Burnside,27.5183,https://linked.data.gov.au/dataset/asgsed3/LGA2021/40700,25246,6560,14.5,1928,4.3,3947,8.7,3730,8.3,1484,4,2655,5.9,2742,7.3,3194,7.1,1641,4.5,550,1.5,215,0.6,2196,4.8,8.1,6.6,3.6,1.1,4,4.5,0.7,1.3,6.8,0.9,7.9,65.1,b64ec49d-d71b-45e0-bb77-6e9e3ba6ea0c,0.00271523046103539,0.32682402765221
303,40910,Campbelltown (SA),24.3485,https://linked.data.gov.au/dataset/asgsed3/LGA2021/40910,23882,9387,18.4,2830,5.5,5188,10.2,4709,9.2,1922,4.5,3506,6.9,4245,10,4531,8.9,2075,5,821,2,373,0.9,3509,6.4,8.6,6.8,3,1,5.5,4.5,0.8,1.5,7.8,0.9,8.2,63.5,f0f11070-ea81-4b28-aadc-6cb2c1ffc7a9,0.00240094789569412,0.272299796403441
304,41010,Ceduna,5420.3435,https://linked.data.gov.au/dataset/asgsed3/LGA2021/41010,864,,,,,,,,,,,,,,,,,,,,,,,132,3.8,7.8,7.9,2.9,0.5,5.9,4.6,1.1,1.8,6.5,0.7,5.7,58.6,902b03bc-f2a5-4fa3-ab61-5142668bb91d,0.51788393656625,5.99471690294971
305,41060,Charles Sturt,54.7876,https://linked.data.gov.au/dataset/asgsed3/LGA2021/41060,49584,19404,16.7,6394,5.5,10966,9.4,9862,8.5,4579,4.7,7224,6.2,8883,9.1,10987,9.4,5727,5.9,2184,2.3,855,0.9,8586,7,9.3,7.6,3.1,1.2,5.5,4.4,1,1.7,9,1.1,8.6,60.6,82d0c476-f031-42f7-8604-18c2bac63e96,0.00540283953932885,0.437964794847391
306,41140,Clare and Gilbert Valleys,1892.4466,https://linked.data.gov.au/dataset/asgsed3/LGA2021/41140,3459,2120,23,495,5.4,1182,12.8,1265,13.7,406,5.4,935,10.1,792,10.5,832,9,454,6.1,195,2.7,79,1.1,578,6.3,11.8,9.5,3.5,0.8,6,5.2,1.2,2.4,10.4,1,7.9,54.4,3ba376cb-9965-4cd0-8c20-ffe69ba3ff22,0.184682405205422,2.38458581293104
307,41190,Cleve,5018.8483,https://linked.data.gov.au/dataset/asgsed3/LGA2021/41190,636,318,17.7,81,4.5,229,12.8,196,10.9,64,4.5,164,9.1,135,9.4,152,8.5,95,6.7,36,2.5,14,1,88,5.1,9.1,9.5,2.8,0.9,5.2,3.5,0.2,1.3,6.5,0.9,5.7,60.8,1843bff0-45c9-4b38-9708-58e435ef7699,0.48780246023307,2.81091272056736
308,41330,Coober Pedy,77.6795,https://linked.data.gov.au/dataset/asgsed3/LGA2021/41330,255,,,,,,,,,,,,,,,,,,,,,,,90,5.7,8.8,6.5,3,0.7,6,5.2,0.2,2.6,6.3,1.5,5.5,49.3,d2ed764d-602d-4ee3-8abc-a16dc2d63fe8,0.00719376099527835,0.34515033537909
309,41560,Copper Coast,772.9149,https://linked.data.gov.au/dataset/asgsed3/LGA2021/41560,4300,3556,24.2,1215,8.3,2485,16.9,2140,14.5,843,6.8,1441,9.8,1791,14.5,2098,14.3,859,7.1,457,4.3,133,1.2,1344,8.9,16.2,11.3,4.8,1,8.7,7.2,1.4,3.9,11.4,1.4,10.2,46.8,a59a78da-79eb-430f-9394-ea8eae8194af,0.0754100448889403,1.49367115683949
310,41750,Elliston,6741.9317,https://linked.data.gov.au/dataset/asgsed3/LGA2021/41750,298,,,,,,,,,,,,,,,,,,,,,,,49,4.8,11,7.9,2.5,2,5,5.5,1.3,3,7.4,0.6,5.2,56.4,a333ff77-9769-41b0-9d92-db0adbc376b8,0.654615674256547,5.09832915935551
311,41830,Flinders Ranges,4070.4827,https://linked.data.gov.au/dataset/asgsed3/LGA2021/41830,500,,,,,,,,,,,,,,,,,,,,,,,137,8.3,13.1,8.4,3.6,1.6,8.4,6.4,0.8,2.7,8.6,1,6.6,51.8,e36d5d2a-9f9d-4e2f-bf47-ed87bc5eafc1,0.388797582081224,3.38856954174717
312,41960,Franklin Harbour,2755.5639,https://linked.data.gov.au/dataset/asgsed3/LGA2021/41960,442,286,22.4,72,5.6,206,16.1,166,13,57,5.5,129,10.1,120,11.5,141,11,77,7.5,28,3,11,1.2,83,6.4,14,8.7,4.6,1.4,6.7,4.9,0.5,2.3,6.1,1,6.6,52.4,c0924b29-961e-474d-bc07-9df521a22097,0.267471086469868,2.3690155965231
313,42030,Gawler,41.1379,https://linked.data.gov.au/dataset/asgsed3/LGA2021/42030,7915,6123,25.7,1559,6.6,3096,13,2384,10,955,4.9,1815,7.6,2153,11.1,2944,12.4,1485,7.8,595,3.1,209,1.1,2177,8.7,12.7,11.4,3.8,1.4,7,5.6,1,2.8,13.3,1.2,10.4,51.2,a00e2a8d-a8b2-4219-ba91-bb0467c4652b,0.00404368137378697,0.384624763621907
314,42110,Goyder,6715.1418,https://linked.data.gov.au/dataset/asgsed3/LGA2021/42110,1157,1001,24,253,6.1,597,14.3,632,15.1,218,6.3,560,13.4,481,13.8,465,11.1,209,6.1,124,3.8,40,1.2,329,8.1,14.6,10.1,4.3,1,7,5.5,1,3.1,11.4,1.5,9.3,50.3,f0dcd931-91df-4143-8f48-ac614d39b0ee,0.652646468065996,3.97231175113003
315,42250,Grant,1897.8235,https://linked.data.gov.au/dataset/asgsed3/LGA2021/42250,2616,1341,16.8,447,5.6,826,10.4,924,11.6,330,5.1,720,9,577,9,858,10.8,265,4.2,210,3.2,85,1.3,325,3.8,8.5,7.5,2.5,0.2,4.5,4,0.8,1.5,6.1,0.8,6.1,54,405fb3c9-e149-4e76-85d5-3f049a94c6c0,0.194266924764179,2.66425608502241
316,42600,Holdfast Bay,13.752,https://linked.data.gov.au/dataset/asgsed3/LGA2021/42600,18670,6719,18.6,1802,5,3943,10.9,2803,7.8,1315,4.2,1569,4.3,2576,8.3,2474,6.8,1769,5.8,539,1.9,158,0.6,2448,6.5,10.9,8,4.3,1.4,4.5,5.6,0.9,2,8.9,1.1,8.8,57.9,9621c418-20a6-4bb8-97ba-43d72a1fa430,0.00135794002108014,0.234186722589892
317,42750,Kangaroo Island,4400.863,https://linked.data.gov.au/dataset/asgsed3/LGA2021/42750,1352,884,18,273,5.6,657,13.4,527,10.7,208,5.1,370,7.5,371,9.1,415,8.4,272,6.7,103,2.7,40,1.1,213,4.4,10.5,7.9,3.7,0.6,5.2,5.2,0.9,1.8,8.1,1.2,7.5,54.6,a5a4268f-5f4f-4eba-a4b7-99dceb0f9a29,0.438950697344353,5.73041191530898
318,43080,Karoonda East Murray,4415.796,https://linked.data.gov.au/dataset/asgsed3/LGA2021/43080,257,218,20.1,70,6.5,146,13.5,141,13,50,5.7,101,9.3,95,10.7,130,12,61,7,30,3.7,11,1.4,85,8.4,10.7,8.7,2.8,1.2,5.2,5.1,0.7,3.2,8.9,1,8.7,51.4,797c9ced-b81c-4552-84d1-41218db9f9c4,0.435761063318751,3.1014519109265
319,43220,Kimba,5697.1074,https://linked.data.gov.au/dataset/asgsed3/LGA2021/43220,444,168,15.9,45,4.3,124,11.8,97,9.2,34,4.3,84,8,71,9,86,8.2,51,6.6,20,2.4,8,0.9,55,5.3,9.4,11.5,4.5,1.1,5.7,4.3,2.1,1.8,8.3,0.8,4.7,57.4,d6a8359b-3c10-48b4-999e-1e06e5a74af8,0.54970704507241,4.62536658683636
320,43360,Kingston (SA),3339.7952,https://linked.data.gov.au/dataset/asgsed3/LGA2021/43360,770,499,21.1,143,6,347,14.7,251,10.6,104,5.2,188,7.9,207,10.4,261,11,123,6.3,45,2.6,12,0.7,137,5.9,13.2,8.2,3.5,0.8,7.7,6.5,0.7,2.3,7.8,1.8,6.6,54.6,3acf1127-702e-4a12-beb8-fb3abfb93d27,0.336551936096839,3.21299458702736
321,43650,Light,1276.8453,https://linked.data.gov.au/dataset/asgsed3/LGA2021/43650,5860,2595,16.9,768,5,1347,8.8,1752,11.4,592,4.9,1245,8.1,967,8,1203,7.8,659,5.5,357,2.7,143,1.1,819,5.2,9.6,10.7,2.9,0.5,4.9,3.7,0.7,1.9,10.1,0.6,8.5,57.8,e921a1a4-34de-4fd1-a249-92dc8bfbbb1f,0.125198368685233,2.44174608711429
322,43710,Lower Eyre Peninsula,4721.3922,https://linked.data.gov.au/dataset/asgsed3/LGA2021/43710,1980,,,,,,,,,,,,,,,,,,,,,,,193,3.3,9,8.2,2.7,0.5,4.4,3.6,0.3,1.8,6.3,0.8,5.6,60,a209d217-3dae-48dc-bab2-d85c8c6a1de5,0.4629583591136,8.33233310343224
323,43790,Loxton Waikerie,7763.8714,https://linked.data.gov.au/dataset/asgsed3/LGA2021/43790,3202,2365,20.3,775,6.6,1486,12.7,1381,11.8,552,5.8,931,8,1175,12.3,1428,12.2,607,6.4,292,3.2,101,1.1,858,7.4,12.7,9.4,3.9,1.4,6.4,5.1,0.7,2.2,8.7,1,8.3,54.4,68eefdd3-7c02-4783-bfd0-80d762ee4292,0.76214601450738,5.57557530802197
324,44000,Maralinga Tjarutja,105766.3105,https://linked.data.gov.au/dataset/asgsed3/LGA2021/44000,,,,,,,,,,,,,,,,,,,,,,,,10,10.4,3.2,3.2,,,,,,,3.2,,,25.5,3a68429c-6ecf-4929-8314-aaa173cca3dc,9.83240475048819,13.2085234896777
325,44060,Marion,55.6406,https://linked.data.gov.au/dataset/asgsed3/LGA2021/44060,38207,16298,17.8,4640,5.1,9023,9.9,8347,9.1,3529,4.6,5751,6.3,6858,9,8166,8.9,4398,5.8,1829,2.4,669,0.9,6225,6.6,9.4,8.6,3.2,1.1,5.3,4.5,0.9,1.9,9.8,1.1,9.3,60,221f11e4-95af-4d20-9e10-38c9df286708,0.00549585987118917,0.413258006422361
326,44210,Mid Murray,6271.6255,https://linked.data.gov.au/dataset/asgsed3/LGA2021/44210,2196,2865,33,674,7.8,1541,17.7,1567,18,489,6.5,1222,14.1,1336,17.8,1376,15.8,671,9.1,245,3.9,78,1.2,706,7.7,14.7,9.2,4,0.6,7.5,6.2,0.9,3.6,11.4,1.5,8.8,47.7,5704daca-2965-4883-8d8b-bc888df39802,0.615246417986327,4.83921916565552
327,44340,Mitcham,75.5468,https://linked.data.gov.au/dataset/asgsed3/LGA2021/44340,33277,10384,15.6,2963,4.5,6268,9.4,5413,8.1,2271,4.2,4349,6.5,4460,8.2,4887,7.3,2532,4.7,990,1.8,401,0.7,3626,5.4,9,8.1,3.6,1,4.3,4.6,0.7,1.4,8.6,0.9,8.9,61.3,40bde4b8-a841-4247-9c8e-1d7d0c743140,0.00745994020962826,0.440742764601272
328,44550,Mount Barker,594.6406,https://linked.data.gov.au/dataset/asgsed3/LGA2021/44550,15755,7085,20.2,1658,4.7,3590,10.2,4184,11.9,1343,4.8,2946,8.4,2709,9.7,3347,9.5,1596,5.8,733,2.5,291,1,2084,5.3,9.2,9.7,3.2,0.8,4.5,4,0.8,1.7,10.6,0.9,8.9,58.4,caf9290c-2450-4830-896f-7c8e2209ef4d,0.0587758126775952,1.61640201400282
329,44620,Mount Gambier,33.8938,https://linked.data.gov.au/dataset/asgsed3/LGA2021/44620,7186,5692,21.2,1397,5.2,3282,12.2,3180,11.8,1087,5.1,2509,9.3,2573,12,2787,10.4,1457,6.9,576,2.6,230,1,2022,7.5,10.4,10.5,3.2,1,6.6,5.5,1.1,2.7,11,1.3,8.8,53.5,cb8ef00b-4946-41f4-b853-f6e8e0fff2c4,0.00346854088775217,0.270364109810718
330,44830,Mount Remarkable,3422.7733,https://linked.data.gov.au/dataset/asgsed3/LGA2021/44830,911,592,20.9,169,6,421,14.8,392,13.8,156,6.4,354,12.5,270,11.1,303,10.7,136,5.7,77,3.7,23,1.1,205,7.2,14.2,9.6,4.1,1.3,7,5.6,0.8,3.5,8.4,1.2,8.4,51.6,32579e1a-a748-449a-bd72-5435ea7aa965,0.329363678858954,2.76534018386813
331,45040,Murray Bridge,1831.7597,https://linked.data.gov.au/dataset/asgsed3/LGA2021/45040,4576,5280,24.4,1335,6.2,3091,14.3,2650,12.2,1021,5.7,2096,9.7,2491,14,2587,11.9,1548,8.8,491,2.8,185,1.1,1868,8.6,11.9,9.8,3.5,1,7.2,5.3,1.1,2.8,11.3,1.3,8.9,51.3,c3ada22a-86e3-46c5-b62b-97311f10c298,0.181215041178802,2.48959883050192
332,45090,Naracoorte Lucindale,4519.715,https://linked.data.gov.au/dataset/asgsed3/LGA2021/45090,2890,1261,14.9,423,5,894,10.6,940,11.1,309,4.5,713,8.4,546,8,679,8,305,4.5,164,2.4,51,0.7,374,4.3,8.5,8.1,2.3,0.9,4.3,4.1,0.6,1.5,6.8,0.7,6.2,61.5,0cbb54b8-d162-4c47-8f62-73eb46a70176,0.457407232502646,3.0989906054678
333,45120,Northern Areas,2986.1818,https://linked.data.gov.au/dataset/asgsed3/LGA2021/45120,1556,907,19.9,275,6,594,13,608,13.3,205,5.5,414,9.1,374,10.1,452,9.9,201,5.5,116,3.3,41,1.2,320,7,12.7,10.1,3.7,1.2,7.2,5.5,1.4,2.7,10.4,1.1,8.6,53.7,2ea68768-915d-44e9-b1bb-0df7fd602dcc,0.289045402571446,2.74303421757019
334,45290,Norwood Payneham and St Peters,15.1036,https://linked.data.gov.au/dataset/asgsed3/LGA2021/45290,17513,6138,17,1830,5.1,3069,8.5,3081,8.5,1237,4,2340,6.5,2792,9,3279,9.1,1566,5.1,518,1.8,262,0.9,2181,5.8,8.8,7.5,3.2,1.1,4.3,4.3,0.8,1.4,8.8,1,8.6,62.2,b61d2ac3-773e-4e37-8cc8-3ea2b8d71ee0,0.00148964174877619,0.200564792379613
335,45340,Onkaparinga,518.1255,https://linked.data.gov.au/dataset/asgsed3/LGA2021/45340,60037,34672,20.4,10079,5.9,17868,10.5,18802,11,7300,5.3,12146,7.1,14977,10.8,18700,11,8066,5.9,4197,3,1538,1.1,12095,6.9,11.3,10.5,3.5,0.9,6,4.9,1,2.4,11.8,1.2,10,54.2,725fd3df-55a7-48b6-b9fe-0ef9bb0e257f,0.0512699195596724,1.17609338652652
336,45400,Orroroo Carrieton,3321.8239,https://linked.data.gov.au/dataset/asgsed3/LGA2021/45400,331,191,21.8,61,6.9,126,14.4,112,12.8,43,5.8,102,11.6,96,13,101,11.5,52,7.2,23,3.7,7,1.1,70,8,14.4,9.6,3.5,2.3,5.1,7.7,0.6,2.7,9.4,1,8.9,51.2,0817247b-68d6-4b81-9b8f-83d063661402,0.318818713594737,2.54570711116113
337,45540,Peterborough,3020.142,https://linked.data.gov.au/dataset/asgsed3/LGA2021/45540,231,513,30.5,156,9.3,327,19.4,328,19.5,104,7.2,240,14.3,292,20.2,257,15.3,106,7.5,64,5.2,20,1.6,161,9.8,16.4,10.4,4.1,1.2,8.6,7.3,1.2,3.8,13.7,1.6,9.7,40.8,54d0c7f4-5884-45af-b88b-c00fa1d513fb,0.290958425329336,2.31310599406035
338,45680,Playford,345.2038,https://linked.data.gov.au/dataset/asgsed3/LGA2021/45680,21253,23747,25.6,7549,8.1,10107,10.9,11841,12.7,4179,5.9,7295,7.9,9350,13.2,14082,15.2,4708,6.8,4170,5.1,1133,1.4,8373,8.4,10.3,11.7,2.4,0.7,6.7,4,1,2.6,13.1,1,9.7,53.9,35d6c55a-f4cb-47b2-a64b-0c013977f0a9,0.0339592737973362,1.4777550382028
339,45890,Port Adelaide Enfield,91.7588,https://linked.data.gov.au/dataset/asgsed3/LGA2021/45890,42123,23417,18.9,6912,5.6,11702,9.5,11151,9,5081,5,8613,7,9525,9.3,11624,9.4,6265,6.2,2702,2.6,1069,1,9348,7.1,8.9,7.9,2.5,1,5.7,4,0.9,1.9,9.6,1,8.7,60.9,dd8cccdb-e953-44a5-a09e-05bb9dca4c84,0.00904292083305336,0.883850581675214
340,46090,Port Augusta,1157.9905,https://linked.data.gov.au/dataset/asgsed3/LGA2021/46090,3115,3333,25.5,916,7,1662,12.7,1583,12.1,611,5.9,840,6.4,1167,11.3,1570,12,728,7.2,369,3.4,125,1.1,866,6.3,10.2,10.9,3,0.8,7.4,4.6,1.4,2.2,8.4,1,7.2,51.3,092e9a47-aefa-4779-8df0-73e67817668e,0.111226249636275,2.87189384470555
341,46300,Port Lincoln,30.3681,https://linked.data.gov.au/dataset/asgsed3/LGA2021/46300,4102,2522,17.4,861,5.9,1724,11.9,1584,10.9,611,5.3,1144,7.9,1199,10.3,1267,8.7,827,7.2,320,2.7,132,1.1,940,6.5,8.8,9,3,1,5.4,4.2,0.7,2.2,8.3,0.9,7.2,57.6,3509ba77-8449-48ee-a592-6ffa3ea6f854,0.00298888628867644,0.395050539133938
342,46450,Port Pirie,1760.7097,https://linked.data.gov.au/dataset/asgsed3/LGA2021/46450,4273,4691,26.9,1349,7.7,2595,14.9,2827,16.2,910,6.4,2259,13,2396,16.8,3144,18.1,1020,7.3,595,4.3,151,1.1,1560,9,14,10.7,3.3,1.4,8.8,6,1.5,3.5,12.8,1.3,8.6,50.7,0396045b-6455-4163-bac8-a6c50f6ad323,0.170599922013025,2.72866617570826
343,46510,Prospect,7.7915,https://linked.data.gov.au/dataset/asgsed3/LGA2021/46510,10086,3086,14.6,902,4.3,1531,7.3,1775,8.4,673,3.9,1575,7.5,1187,6.8,1402,6.7,829,4.8,342,1.9,158,0.9,1098,4.9,7.2,7.4,2.5,0.6,4.2,3.4,0.6,1.2,8.5,0.7,8,65,925cf12a-6494-471e-b503-2096bc0aec60,0.000768300039453607,0.121920572506909
344,46670,Renmark Paringa,916.442,https://linked.data.gov.au/dataset/asgsed3/LGA2021/46670,2363,1948,19.8,649,6.6,1204,12.3,1220,12.4,447,5.5,768,7.8,972,11.9,1174,12,494,6.2,237,3,104,1.3,690,7.1,11.3,8.8,3.4,1.1,6.6,5.3,0.8,2.5,8.9,1.2,7.2,56.9,ae1ee979-0e1c-499b-bb88-bdd74be0ddf9,0.0896194757947342,2.052571286072
345,46860,Robe,1091.7162,https://linked.data.gov.au/dataset/asgsed3/LGA2021/46860,613,292,20.2,85,5.9,205,14.2,146,10.1,63,5,116,8,116,9.3,158,10.9,65,5.3,29,2.7,7,0.7,58,3.8,10.6,7,4,0.7,5,4.3,1,2.6,8.4,0.4,6.1,60.7,dd1035b8-dc8d-4e2c-83ff-76108bd6a048,0.11078612448182,1.73837753983346
346,46970,Roxby Downs,110.4778,https://linked.data.gov.au/dataset/asgsed3/LGA2021/46970,1522,327,8.2,119,3,225,5.6,254,6.4,86,2.9,196,4.9,92,3.1,141,3.5,127,4.4,71,1.8,40,1,44,1.1,2.4,6.3,1.1,,1.8,1.2,0.4,0.4,5.4,0.1,4.8,68.1,1ef9f61b-ce29-4d31-a874-dcd31aed1889,0.0103862500204741,0.442310026608829
347,47140,Salisbury,159.8432,https://linked.data.gov.au/dataset/asgsed3/LGA2021/47140,36729,28236,19.9,8023,5.7,14525,10.2,13573,9.6,5895,5.2,9830,6.9,12341,10.9,13950,9.8,6754,6.1,3410,2.8,1409,1.2,10950,7.5,9.4,9.3,2.5,0.8,6.8,4,1,2,9.7,1,8.7,59.4,7f6f2d2c-71c2-4cc7-8bf1-b2374f165181,0.0157404893307103,0.683813646021385
348,47290,Southern Mallee,5702.2024,https://linked.data.gov.au/dataset/asgsed3/LGA2021/47290,702,352,17.3,114,5.6,250,12.3,231,11.4,87,5.2,164,8.1,140,8.4,216,10.6,112,6.8,49,3.1,17,1.1,110,5.6,10.4,11.2,2.8,0.9,5.7,5.2,0.7,2.5,9,1.3,6.3,53.5,7e155cef-4d15-45ea-9edb-e38c88fe5ad4,0.565726171135339,3.3455820114053
349,47490,Streaky Bay,6222.8591,https://linked.data.gov.au/dataset/asgsed3/LGA2021/47490,725,,,,,,,,,,,,,,,,,,,,,,,90,4.2,10.5,6.7,3.5,0.8,4.3,4,0.5,2,5.3,1,5.6,59.6,8ec631fb-d22a-48e1-95cc-c155afe1c7ab,0.598484150246804,6.29056952037455
350,47630,Tatiara,6527.2342,https://linked.data.gov.au/dataset/asgsed3/LGA2021/47630,2369,1007,14.9,320,4.7,761,11.3,717,10.6,237,4.3,557,8.2,429,7.8,565,8.4,248,4.6,119,2.2,53,1,312,4.5,8.8,7.4,2.6,0.7,4.5,3.6,0.8,1.5,6.7,0.7,6.1,60.9,8c7531c4-8b3c-4c08-a62c-b7919d67d54c,0.654301868325092,3.75576287639357
351,47700,Tea Tree Gully,95.2109,https://linked.data.gov.au/dataset/asgsed3/LGA2021/47700,41407,18864,19,5221,5.3,10047,10.1,10491,10.6,3823,4.7,8304,8.4,8185,10,10164,10.3,4576,5.7,2050,2.5,788,1,6007,5.9,10.3,9,3.3,0.8,5.7,4.7,0.8,1.7,9.4,0.9,9.1,58.3,b54a0b78-7b46-4e54-9dcd-3f8aa195263c,0.00937901023235099,0.60489168221324
352,47800,Coorong,8833.4339,https://linked.data.gov.au/dataset/asgsed3/LGA2021/47800,1566,1143,21.1,347,6.4,747,13.8,865,16,262,5.9,570,10.5,578,13.1,526,9.7,288,6.6,143,3.4,52,1.2,362,6.6,12.9,9.5,3.5,0.7,6.1,5.8,1.3,2.9,9.4,1.2,8.8,50.4,b35c04cc-7a0a-4089-a4dd-9996283cad09,0.879835043661842,6.36370502731968
353,47910,Tumby Bay,2669.0794,https://linked.data.gov.au/dataset/asgsed3/LGA2021/47910,986,587,21.7,173,6.4,399,14.8,390,14.4,122,5.4,296,10.9,270,12.1,300,11.1,186,8.4,59,3,15,0.8,197,7,11.2,8.9,4.1,1.2,7.2,5.9,1.1,2.6,9,1,6.8,54.8,470dc9ca-7d46-4e02-9467-746fbb6c3544,0.261004375371613,2.87925041915182
354,47980,Unley,14.2703,https://linked.data.gov.au/dataset/asgsed3/LGA2021/47980,19801,5158,13.5,1497,3.9,3275,8.6,3891,10.2,1223,3.8,3317,8.7,2407,7.5,2588,6.8,1361,4.3,491,1.6,224,0.7,2404,6.2,8.4,7.4,3.5,1.5,4,4.3,0.7,1.4,9.2,1,8.8,62.1,5ea94e36-e819-4812-ade5-8b3da1186b22,0.00140834086505492,0.170839249961129
355,48050,Victor Harbor,384.6255,https://linked.data.gov.au/dataset/asgsed3/LGA2021/48050,4699,4632,30.7,1247,8.3,2630,17.4,1661,11,882,6.8,921,6.1,2456,18.8,2568,17,1221,9.5,336,3.6,73,0.8,1582,9.8,17.4,9.6,5.9,1.6,7.6,8.6,1.2,3.4,11.7,1.8,11.2,46.1,157a4e5a-1fd0-4e7d-b684-bfb64d3fcaeb,0.0382147612722292,1.02421019245227
356,48130,Wakefield,3468.4879,https://linked.data.gov.au/dataset/asgsed3/LGA2021/48130,2079,1393,20.5,377,5.5,792,11.6,592,8.7,298,5.4,454,6.7,649,11.8,651,9.6,329,6.1,159,2.9,75,1.4,585,8.6,13.1,11.3,3.1,1.3,7,5.8,0.9,3,11.9,1.4,9.1,52.3,1329ee89-1a2c-4fb3-9008-b1b3375ca280,0.338439006888166,2.94946643601665
357,48260,Walkerville,3.53,https://linked.data.gov.au/dataset/asgsed3/LGA2021/48260,4264,1300,16.7,352,4.5,704,9.1,681,8.8,270,4.1,475,6.1,532,8.1,613,7.9,303,4.7,110,1.8,38,0.6,444,5.5,8.8,6.3,3.5,1.4,4.4,4.9,0.7,1.6,6.9,1.2,8.5,62.8,0e19a401-ed09-4022-99c9-40e59b51c920,0.000348087931342889,0.117538111878015
358,48340,Wattle Range,3926.2101,https://linked.data.gov.au/dataset/asgsed3/LGA2021/48340,3446,2633,22.1,704,5.9,1621,13.6,1546,13,573,5.9,1238,10.4,1197,12.3,1528,12.8,500,5.2,297,3.2,111,1.2,854,7.2,12.6,9.9,3.5,1,6.7,5.4,1,2.8,10.2,1.1,7.5,53.4,2f3da5c8-ed8f-4358-941f-37ff9282fa55,0.399904612060254,3.52979915204598
359,48410,West Torrens,37.0886,https://linked.data.gov.au/dataset/asgsed3/LGA2021/48410,25067,9521,16.1,2968,5,5390,9.1,4370,7.4,2044,4.1,3295,5.6,3856,7.7,4295,7.3,2717,5.4,905,1.8,416,0.8,4084,6.6,8.4,7.4,2.8,1.3,4.8,4.3,0.9,1.5,8.8,0.9,8.2,63,bb0fc373-1489-4cef-925a-82070cf72f51,0.00365959992222997,0.283226885081059
360,48540,Whyalla,1071.3397,https://linked.data.gov.au/dataset/asgsed3/LGA2021/48540,5427,4856,22.4,1471,6.8,2871,13.2,3075,14.2,971,5.6,2069,9.5,2271,13,2427,11.2,1025,6,640,3.6,199,1.1,1651,7.8,12.2,11.3,3.3,1.1,8.2,5.1,1.3,3.2,10.7,1.2,9,51.9,e0bc4adc-bab9-4b36-85bb-ecc3a585c09f,0.10341282384843,2.44165340057644
361,48640,Wudinna,5075.2783,https://linked.data.gov.au/dataset/asgsed3/LGA2021/48640,413,,,,,,,,,,,,,,,,,,,,,,,48,4.2,6.9,7.2,2.7,0.3,4.7,4.3,0.4,1.1,5.7,0.6,5,60.1,90ff571f-b075-4cb3-9970-b7b7dcc0ef15,0.489843108787682,3.71914483267702
362,48750,Yankalilla,751.2577,https://linked.data.gov.au/dataset/asgsed3/LGA2021/48750,1858,1521,27.8,370,6.8,808,14.8,606,11.1,300,6.4,399,7.3,726,15.5,851,15.6,324,7,134,3.5,29,0.8,393,6.7,16.2,8.5,5.2,1.1,6.8,6.6,1,3.3,11,1.2,10.2,50.6,fc3b180c-58fb-452f-b7a5-527eb35365a2,0.0746472332511985,1.63342270381888
363,48830,Yorke Peninsula,5899.6397,https://linked.data.gov.au/dataset/asgsed3/LGA2021/48830,3834,2698,24.2,794,7.1,1861,16.7,1513,13.6,623,6.5,966,8.7,1308,13.7,1439,12.9,713,7.5,279,3.7,71,0.9,898,7.7,17.1,9.8,4.8,1,8.9,7.5,1.3,3.6,9.2,1.8,8.6,47.7,083bc0be-e450-4d97-902d-2e6f88146879,0.580349857794317,5.72073840546027
364,49399,Unincorporated SA,619426.0858,https://linked.data.gov.au/dataset/asgsed3/LGA2021/49399,542,,,,,,,,,,,,,,,,,,,,,,,96,3.2,7.5,6.7,2.2,0.1,5.5,4,0.9,2.3,5.8,0.8,4.9,57.2,86e4a448-31c3-4b2a-9974-cf082a14960d,57.7158405370681,57.0358568327766
365,49499,No usual address (SA),,https://linked.data.gov.au/dataset/asgsed3/LGA2021/49499,,,,,,,,,,,,,,,,,,,,,,,,,,,,,,,,,,,,,,5b6bfeee-bd48-407f-a248-66c7f508256c,,
366,49799,Migratory - Offshore - Shipping (SA),,https://linked.data.gov.au/dataset/asgsed3/LGA2021/49799,,,,,,,,,,,,,,,,,,,,,,,,,,,,,,,,,,,,,,6246f361-771d-44e2-95ca-23ab2ab9e43b,,
367,50080,Albany,4308.458,https://linked.data.gov.au/dataset/asgsed3/LGA2021/50080,13288,6744,18.3,1813,4.9,4403,11.9,3829,10.4,1230,4.1,3069,8.3,2895,9.7,3675,10,1226,4.2,820,2.8,166,0.6,2462,6.4,11.1,8.8,3.7,1.1,5.4,4.8,0.8,2.2,10.6,1.2,8.5,54,7e3d63b6-62d5-4d33-a074-28ee5a5f038b,0.424098710399448,7.55705166199458
368,50210,Armadale,559.5258,https://linked.data.gov.au/dataset/asgsed3/LGA2021/50210,36083,13812,15.9,3403,3.9,6993,8,7571,8.7,2328,3.5,5540,6.4,4905,7.3,6963,8,2716,4.1,1774,2.3,536,0.7,4373,4.6,7.1,7.9,2.2,0.4,4.9,3.2,0.8,1.7,9,0.7,7.6,62.5,bc949cc3-3b93-495b-8267-6d56c5542094,0.0534948483718836,1.40374894639138
369,50250,Ashburton,100817.3112,https://linked.data.gov.au/dataset/asgsed3/LGA2021/50250,2616,,,,,,,,,,,,,,,,,,,,,,,89,1.2,2.8,5.7,1.3,0.2,2.8,1.5,0.2,0.6,4.4,0.2,3.5,62.2,1756c6d7-10e5-4286-994d-f4d2c16f38d1,8.84791127236417,26.0859952129352
370,50280,Augusta Margaret River,2122.375,https://linked.data.gov.au/dataset/asgsed3/LGA2021/50280,7054,2241,14.4,520,3.3,1386,8.9,1845,11.8,460,3.8,1555,10,886,7.3,1061,6.8,429,3.6,300,2.3,88,0.7,579,3.4,7.3,6.2,2.9,0.6,2.2,3.3,0.6,1.2,7.2,0.7,6.2,63,2e137f4d-b079-40af-af12-43eac0964afd,0.207185745315883,3.10436021549364
371,50350,Bassendean,10.3449,https://linked.data.gov.au/dataset/asgsed3/LGA2021/50350,7136,3346,21.5,721,4.6,1626,10.4,1490,9.6,498,3.9,899,5.8,985,7.7,1246,8,609,4.8,294,2.2,95,0.7,954,6,8.4,8.5,3.1,0.8,4.7,4.2,1,2.2,10.7,1,8.8,57.1,ffdb4c42-aa10-4de0-be70-14b974802272,0.00098624198426478,0.145784478453975
372,50420,Bayswater,34.6169,https://linked.data.gov.au/dataset/asgsed3/LGA2021/50420,31605,11285,16.8,2615,3.9,5880,8.7,6857,10.2,1893,3.4,5104,7.6,3954,7,4685,7,2280,4.1,1032,1.8,316,0.6,3663,5.3,7.4,7.4,2.7,0.9,4.7,3.7,0.8,1.6,9,0.9,8.1,61.8,ea4873b6-c8ed-4383-82c1-2edfb39ec395,0.00330029908445795,0.347092810174916
373,50490,Belmont,39.8246,https://linked.data.gov.au/dataset/asgsed3/LGA2021/50490,17230,5802,14.1,1445,3.5,3512,8.6,2855,7,1058,3.1,2266,5.5,2484,7.3,2414,5.9,1559,4.6,584,1.6,206,0.6,2042,4.8,6.9,6.8,2.4,0.7,4.8,3.4,0.7,1.6,7.9,1,7.1,62.8,60b4eece-9d94-43ca-a901-6acf5d6c6e3d,0.00379900556322355,0.303009523189557
374,50560,Beverley,2370.5195,https://linked.data.gov.au/dataset/asgsed3/LGA2021/50560,670,396,22.8,93,5.3,281,16.1,262,15.1,74,5,185,10.6,174,11.8,216,12.4,61,4.2,41,3.3,10,0.8,115,6.8,14.3,10,4.1,0.8,7.9,6,1.4,3,9.3,1.2,8.1,46.2,9a228946-4e62-4d9e-bef4-8e0a4e123641,0.226661171715932,3.01552427158655
375,50630,Boddington,1904.4791,https://linked.data.gov.au/dataset/asgsed3/LGA2021/50630,766,358,19.6,73,4,212,11.6,189,10.4,59,4.1,116,6.4,116,8.1,156,8.5,65,4.6,48,3.1,12,0.8,60,3.5,9.3,9,2.5,,3.8,3.1,0.6,1.8,8.9,0.9,5.8,57,a82cdee3-d875-47cd-b0f4-26ef8a084336,0.183379061608093,2.17926638439122
376,50770,Boyup Brook,2826.4585,https://linked.data.gov.au/dataset/asgsed3/LGA2021/50770,771,249,14.4,74,4.3,198,11.5,162,9.4,58,4.3,115,6.7,101,7.4,151,8.7,52,3.9,41,3.1,7,0.5,86,4.7,11.4,6,4,0.4,4.8,4.4,0.9,2,8.8,0.5,6.7,54.8,f28b37b1-9c88-4713-bf22-a270019bb769,0.275475490203235,3.33530822607571
377,50840,Bridgetown-Greenbushes,1337.361,https://linked.data.gov.au/dataset/asgsed3/LGA2021/50840,1898,851,18.1,226,4.8,583,12.4,474,10.1,174,4.5,356,7.6,337,8.7,460,9.8,178,4.7,99,2.8,19,0.5,318,6.1,12.3,7.6,4.4,0.6,4.7,4.8,0.5,2.4,10,1.3,8.5,53.6,3367ef7b-03df-44f3-90ed-60d3c35b31f5,0.13051117560758,2.20913178654551
378,50910,Brookton,1601.1532,https://linked.data.gov.au/dataset/asgsed3/LGA2021/50910,374,183,19.8,47,5.1,106,11.4,129,13.9,33,4.5,90,9.7,59,8.1,96,10.4,29,4,20,2.8,7,1,91,9.8,16,9.3,5.1,3.9,6.2,5.9,1.9,1.8,11,1.4,6.2,46.8,9f366749-a027-4926-abbf-9e0ce07a2a2f,0.153406956735807,2.65870579925483
379,50980,Broome,54401.8236,https://linked.data.gov.au/dataset/asgsed3/LGA2021/50980,4692,1799,12.7,441,3.1,994,7,1189,8.4,360,3.3,564,4,267,2.5,813,5.7,468,4.4,345,2.6,96,0.7,440,2.6,3.6,4.9,1.6,0.3,3.1,2.1,0.8,1.1,5,0.4,4.5,63.6,0f6082d6-e3a6-4df6-9f38-4b6d43150433,4.65526610529412,20.9996789503693
380,51080,Broomehill-Tambellup,2609.6612,https://linked.data.gov.au/dataset/asgsed3/LGA2021/51080,416,184,16.3,64,5.7,120,10.7,145,12.9,38,4.5,107,9.5,76,9.1,116,10.3,35,4.2,30,3.2,8,0.8,51,4.9,10.1,8,2.9,0.3,5.3,2.7,0.8,1.8,9.2,0.4,6.2,56.1,512e8f02-bd1e-48dc-bb36-e4fbcf66c49b,0.254668519746247,2.86043891070885
381,51120,Bruce Rock,2724.6944,https://linked.data.gov.au/dataset/asgsed3/LGA2021/51120,390,178,19.2,57,6.1,118,12.7,126,13.6,30,4.1,109,11.7,69,9.4,128,13.8,41,5.7,29,4,6,0.8,52,5.3,10.9,9.8,3.3,0.3,5.9,4.4,,3.1,7.5,0.3,8.2,44.8,223017f7-c440-41ba-952d-44a83f30bf7d,0.259907356704616,2.75227473068617
382,51190,Bunbury,65.4163,https://linked.data.gov.au/dataset/asgsed3/LGA2021/51190,12240,5742,18.4,1575,5,3604,11.5,3277,10.5,1077,4.2,2480,7.9,2648,10.4,2971,9.5,1436,5.7,695,2.7,172,0.7,2220,6.7,11.2,8.6,3.4,1.2,5.8,4.5,1,2.2,11.3,1.2,8.4,53.2,c5cf579e-afb6-45fc-9227-da69183d6539,0.00633658937886139,0.49888996331893
383,51260,Busselton,1454.0509,https://linked.data.gov.au/dataset/asgsed3/LGA2021/51260,17772,8189,21.2,1904,4.9,4405,11.4,5123,13.3,1377,4.5,3568,9.2,3153,10.2,4678,12.1,1593,5.3,828,2.7,157,0.5,2072,5.1,10.3,7.7,3.6,0.9,4.1,4.2,0.8,1.9,8.9,1,7.4,58.1,8a6ddcb8-66e9-4cbb-a9f1-938da12362a3,0.141433520436067,2.48794645256903
384,51310,Cambridge,21.9555,https://linked.data.gov.au/dataset/asgsed3/LGA2021/51310,17327,3709,13.3,977,3.5,1830,6.5,3040,10.9,597,2.7,2459,8.8,1348,6.1,1727,6.2,696,3.2,408,1.7,133,0.6,1187,4.1,6.5,6.6,3.3,1.2,2.3,3.6,0.6,1.2,6.6,0.7,7.3,66.9,cda2038a-044f-4b66-9bc8-6356d7094aa2,0.00209393968566474,0.292830218084379
385,51330,Canning,64.8791,https://linked.data.gov.au/dataset/asgsed3/LGA2021/51330,41785,11830,12.8,3283,3.6,6721,7.3,8300,9,2459,3.3,5746,6.2,4976,6.6,5671,6.1,2582,3.5,1426,1.8,444,0.6,3841,4,6.1,5.5,2.4,0.6,4.7,3.1,0.7,1.2,6.2,0.7,6.8,68.1,3594f0de-ea5f-48b1-a491-7261d5a59596,0.00619432269218123,0.492120141958377
386,51400,Capel,557.8983,https://linked.data.gov.au/dataset/asgsed3/LGA2021/51400,8095,2973,16.7,631,3.5,1653,9.3,2415,13.5,508,3.7,1946,10.9,978,7.2,1223,6.9,504,3.8,397,2.5,111,0.7,715,3.9,8.6,8.6,2.7,0.4,4.5,3.2,0.7,1.6,8.9,0.6,7.5,60.4,fa9f13b9-2314-44ff-9a76-91a92836f2b2,0.0541513941832363,1.19758892473625
387,51470,Carnamah,2870.9316,https://linked.data.gov.au/dataset/asgsed3/LGA2021/51470,243,92,17.3,39,7.3,62,11.6,72,13.5,19,4.3,43,8.1,30,6.8,63,11.8,26,6.1,14,3.2,4,0.9,25,4.5,10,5.3,3.6,,5.6,5.3,0.9,3.6,9.8,0.5,4.9,49.6,bd0f494a-bb12-4972-94a1-df2ad683238e,0.267821467826025,3.53833807658707
388,51540,Carnarvon,46574.705,https://linked.data.gov.au/dataset/asgsed3/LGA2021/51540,1374,,,,,,,,,,,,,,,,,,,,,,,210,4,6.3,5.7,2.1,0.4,5.3,3.9,1.2,1.9,4.6,0.7,5.5,54.7,684fc234-7ae9-4c04-9da6-1cfb98d3f9dc,4.14415880482784,15.0338138865912
389,51610,Chapman Valley,3981.3333,https://linked.data.gov.au/dataset/asgsed3/LGA2021/51610,706,192,13.6,70,5,134,9.5,145,10.3,45,4.2,113,8,67,6.2,87,6.2,42,4,31,2.6,10,0.9,48,3.1,7.9,6.1,2.3,0.3,4.4,2.8,0.9,1.2,6.1,0.5,7,55.6,4d325e6b-d074-41b3-8514-aaf37ded652a,0.366327729032264,3.95016383118916
390,51680,Chittering,1219.9032,https://linked.data.gov.au/dataset/asgsed3/LGA2021/51680,2861,1107,19.5,238,4.2,621,10.9,523,9.2,179,3.9,336,5.9,430,9.3,619,10.9,182,4,129,2.7,34,0.7,275,4.6,8.6,7.4,3.5,0.5,4.7,3.6,1,2,7.9,1,7.7,58.8,347216e1-1a09-4f96-bceb-59bd01e61eb8,0.11565813156335,1.95067778846437
391,51710,Christmas Island,136.1356,https://linked.data.gov.au/dataset/asgsed3/LGA2021/51710,380,,,,,,,,,,,,,,,,,,,,,,,25,1.5,2.4,5.1,1.2,,3.5,1.3,0.2,0.7,1.9,,3.6,55.6,50876076-e2b1-4fb9-8d2a-dfb8a260043a,0.0112426246076893,0.68903850802362
392,51750,Claremont,4.9554,https://linked.data.gov.au/dataset/asgsed3/LGA2021/51750,6364,1497,14.7,361,3.5,825,8.1,889,8.7,238,2.8,630,6.2,630,7.4,699,6.8,338,4,132,1.7,33,0.4,547,4.8,8,6.5,3.9,1.2,2.7,4.5,0.6,1.6,7,0.9,6.7,62.9,e2794524-9b05-4f81-869c-fdad3a0e21ce,0.000472854825147806,0.11816072326884
393,51820,Cockburn,167.9415,https://linked.data.gov.au/dataset/asgsed3/LGA2021/51820,56502,16989,15.3,4359,3.9,8496,7.6,9728,8.7,2990,3.4,7402,6.7,6709,7.6,8721,7.8,3275,3.7,2165,2.2,607,0.6,5278,4.5,6.9,7.3,2.4,0.6,4.1,3.1,0.7,1.3,8.4,0.7,7.5,63.8,04456612-e765-4a44-8dc6-2dc1cf2dfef3,0.0160474292893014,0.950975634270969
394,51860,Cocos Islands,13.7258,https://linked.data.gov.au/dataset/asgsed3/LGA2021/51860,43,,,,,,,,,,,,,,,,,,,,,,,31,5.2,2.5,3.3,0.8,,2.2,0.5,,,0.5,,3.5,62.2,b907d579-9c61-4e34-ab16-5175893fa7e8,0.0011399120793385,1.16343099303921
395,51890,Collie,1709.815,https://linked.data.gov.au/dataset/asgsed3/LGA2021/51890,2961,1851,21.4,424,4.9,1081,12.5,1031,11.9,321,4.6,790,9.1,880,12.7,707,8.2,467,6.8,223,3.1,59,0.8,583,6.6,12.3,9.1,3.6,0.8,6.6,4.5,0.9,2.9,10.4,1.3,7.9,51.7,46728cb9-6efa-4479-adce-599da5f076f7,0.165494680700476,2.6415688248086
396,51960,Coolgardie,30297.6977,https://linked.data.gov.au/dataset/asgsed3/LGA2021/51960,980,,,,,,,,,,,,,,,,,,,,,,,122,3.5,6.7,7.3,1.9,0.1,5.5,2.9,0.8,2.6,7.5,0.5,5.1,49.8,5eac936e-1d4c-487d-8bca-d28529cfa59c,2.86696541527749,7.90884637184372
397,52030,Coorow,4189.8721,https://linked.data.gov.au/dataset/asgsed3/LGA2021/52030,418,213,21.1,70,6.9,169,16.7,153,15.2,41,4.8,88,8.7,67,7.9,126,12.5,51,6,26,3.5,7,0.9,52,4.9,11.7,7.8,4.3,0.3,7.4,6.8,1.6,2.5,5.5,1,6.4,50.5,d9313488-69b7-4e41-9850-7a5ad813728d,0.391819005596517,4.2250054168963
398,52100,Corrigin,2681.271,https://linked.data.gov.au/dataset/asgsed3/LGA2021/52100,549,209,18.3,56,4.9,127,11.1,138,12.1,36,4,91,8,66,7.3,114,10,49,5.4,24,2.7,8,0.9,44,4.4,15.8,10.5,4.8,0.9,6.9,5,1.8,2.9,7.7,1.1,7.1,50.6,8a758d66-900c-4bad-8968-68fa06fd71b0,0.256884291970891,2.74680371187205
399,52170,Cottesloe ,3.8564,https://linked.data.gov.au/dataset/asgsed3/LGA2021/52170,5076,854,10.6,238,2.9,480,5.9,596,7.4,161,2.4,415,5.1,357,5.4,389,4.8,200,3.1,102,1.5,29,0.4,198,2.5,6.9,5.8,3.6,0.6,1.9,3.8,0.5,1,5.7,0.6,5.8,66.6,ff19cb2e-69bc-4482-9c4d-d8d959655afe,0.00036799969166168,0.099863897348103
400,52240,Cranbrook,3276.0464,https://linked.data.gov.au/dataset/asgsed3/LGA2021/52240,383,184,17.2,51,4.8,131,12.3,132,12.4,38,4.5,104,9.7,67,7.9,104,9.7,32,3.8,25,3,7,0.8,63,5.7,9.7,8.8,2.8,,5,5.2,,1.7,8,1.1,8,54.4,75d13f40-e94a-44c8-af5e-3a84692b6c7d,0.320862781390815,4.03938976340466
401,52310,Cuballing,1195.3369,https://linked.data.gov.au/dataset/asgsed3/LGA2021/52310,319,167,19.4,40,4.7,113,13.2,209,24.3,32,4.6,171,19.9,54,7.7,84,9.8,30,4.3,19,2.9,6,0.9,55,6.1,13.2,6.7,3.6,0.3,7,4.9,1.3,2.5,8.7,0.8,7.6,53.4,5d5fad84-645a-419b-9e26-b916c9bd5394,0.114994269448971,1.79173022535838
402,52380,Cue,13582.1956,https://linked.data.gov.au/dataset/asgsed3/LGA2021/52380,29,,,,,,,,,,,,,,,,,,,,,,,12,5.6,10.3,2.3,4.2,,6.1,4.7,,1.4,8.5,,4.7,49.3,5d41a030-6b4f-4d3a-a815-dfb3c29fa612,1.23837616040601,6.86646295558457
403,52450,Cunderdin,1862.4457,https://linked.data.gov.au/dataset/asgsed3/LGA2021/52450,488,233,16.3,66,4.6,144,10,166,11.6,48,4.1,123,8.6,87,7.5,149,10.4,39,3.4,33,2.7,9,0.7,45,3.5,7.4,9.8,2.7,,4.4,3.4,1.1,1.8,5.8,0.3,5.9,59.8,62d235ce-c73f-460a-87d9-ff0a4fc2d587,0.176994158036678,2.29971128009788
404,52520,Dalwallinu,7224.3566,https://linked.data.gov.au/dataset/asgsed3/LGA2021/52520,669,210,14.8,58,4.1,126,8.9,205,14.4,38,3.4,181,12.7,70,6.2,118,8.3,54,4.9,28,2.3,9,0.7,47,3.4,5.1,7.2,2.4,,4.5,2.3,1.2,1,5.9,0.7,5.4,55.8,8a9486e1-14fc-4bfe-954c-eaa3041c9db7,0.676286786503852,5.13960762697074
405,52590,Dandaragan,6711.5721,https://linked.data.gov.au/dataset/asgsed3/LGA2021/52590,1652,645,19.8,148,4.5,433,13.3,283,8.7,110,4,214,6.6,218,7.9,306,9.4,108,3.9,60,2.5,11,0.5,135,4,11.4,6.5,4.3,0.3,4.9,4.8,0.8,2.4,7.8,1.1,5.9,55.2,25c757dd-88ae-4aee-93ce-4e7294d02714,0.630895132720525,4.18819107112584
406,52660,Dardanup,525.8017,https://linked.data.gov.au/dataset/asgsed3/LGA2021/52660,6282,1966,13.9,515,3.6,1223,8.7,1230,8.7,395,3.6,998,7.1,778,7.1,816,5.8,531,4.9,261,2.2,82,0.7,770,5.2,10.3,8.7,3.1,0.7,5,3.6,0.9,1.9,9.7,0.9,7.6,56.8,4ccc327a-844f-4480-bfd6-09cd70e9554d,0.0509684072364962,1.69896913758991
407,52730,Denmark,1859.8487,https://linked.data.gov.au/dataset/asgsed3/LGA2021/52730,2215,1551,25.2,309,5,987,16,846,13.7,244,4.8,620,10.1,546,10.8,564,9.2,224,4.5,130,2.8,28,0.6,299,4.7,11.9,7.6,4,0.6,4.4,4,0.6,2.2,9,0.8,7.9,54.2,39ebe1ad-b8b4-4b21-81cd-a46e16cdee43,0.183404546769452,2.94684822694623
408,52800,Derby-West Kimberley,119730.9696,https://linked.data.gov.au/dataset/asgsed3/LGA2021/52800,788,,,,,,,,,,,,,,,,,,,,,,,247,3.5,3.1,3.7,1.1,0.5,5.6,2.5,1.2,0.7,3,0.5,4.1,60.2,c0e3d964-4884-40fa-bcda-df8875375fc2,10.2040170061364,48.0754118407232
409,52870,Donnybrook-Balingup,1559.856,https://linked.data.gov.au/dataset/asgsed3/LGA2021/52870,2600,1174,19.5,273,4.5,740,12.3,859,14.2,218,4.4,607,10.1,397,8.1,559,9.3,256,5.3,109,2.3,31,0.7,331,5.4,11.6,7.2,3.6,0.8,4.9,4.7,0.7,2,9.1,1.2,7.7,56.7,e44d0ef2-44ca-44a4-9b65-7f5330a4b88b,0.151641107874866,2.4292447484464
410,52940,Dowerin,1863.0851,https://linked.data.gov.au/dataset/asgsed3/LGA2021/52940,319,119,17.8,38,5.7,78,11.7,95,14.2,23,4.5,72,10.8,40,7.8,86,12.9,22,4.3,16,3.1,5,1,30,4.2,12.6,11,4.5,0.4,9.5,5.1,0.4,3.2,10.2,1,6.9,50.4,347348b1-2db3-445c-8357-b21806438e3d,0.176149511695257,2.42573629077805
411,53010,Dumbleyung,2539.2249,https://linked.data.gov.au/dataset/asgsed3/LGA2021/53010,319,88,13.3,30,4.5,73,11,80,12.1,20,3.8,59,8.9,41,7.8,65,9.8,23,4.4,19,3.5,4,0.7,24,3.5,10.3,8.8,2.1,,6.7,4.5,0.6,1.8,7.3,0.4,5.2,51.9,46a72db5-9bc0-4f1a-9de0-3b33d7539a5d,0.245610973316388,3.05361911093698
412,53080,Dundas,92886.3668,https://linked.data.gov.au/dataset/asgsed3/LGA2021/53080,117,,,,,,,,,,,,,,,,,,,,,,,43,6.4,9.9,8.2,2.7,0.4,6.2,5.5,0.4,4.2,9.2,1.6,7.4,41.4,f9ed8298-90a5-4fea-9582-4a179352f82a,8.86662199299144,21.2059229311945
413,53150,East Fremantle,3.1384,https://linked.data.gov.au/dataset/asgsed3/LGA2021/53150,4445,905,11.7,240,3.1,540,7,570,7.4,194,3.1,402,5.2,362,5.8,357,4.6,190,3.1,105,1.6,28,0.4,362,4.6,7.1,6.5,3.4,0.9,2.6,3.5,0.7,1.3,8.4,0.7,7.5,61.4,81a972ae-b88c-4447-b74a-983b0a280ae4,0.00029965917701702,0.0769044714392536
414,53220,East Pilbara,372295.6721,https://linked.data.gov.au/dataset/asgsed3/LGA2021/53220,1725,,,,,,,,,,,,,,,,,,,,,,,124,1.3,2,4.8,0.6,,3,1.6,0.4,0.5,3.7,0.1,3,59,5dcfa390-7f39-4bdc-870a-99066f57ffc0,32.5235694055073,33.7379698835125
415,53290,Esperance,44797.5456,https://linked.data.gov.au/dataset/asgsed3/LGA2021/53290,5256,2232,18.5,729,6.1,1237,10.3,1072,8.9,402,4.2,652,5.4,980,10.1,1145,9.5,600,6.3,290,2.9,70,0.7,598,4.3,8.3,8.3,2.9,0.6,4.8,4,0.8,1.7,7.4,0.8,5.8,57.4,dedf2c32-3876-499a-8947-4f5f7cd63408,4.33338855319334,17.419767185228
416,53360,Exmouth,6488.2097,https://linked.data.gov.au/dataset/asgsed3/LGA2021/53360,1145,,,,,,,,,,,,,,,,,,,,,,,71,2.3,6,4.7,2.3,0.5,2.8,2.3,0.6,0.9,6,0.5,5.8,66.2,3c5c9c99-67bc-48ae-8439-16c1a219a9e5,0.569512862654619,7.00958496180453
417,53430,Fremantle,19.2892,https://linked.data.gov.au/dataset/asgsed3/LGA2021/53430,15730,4805,15.8,1343,4.4,2381,7.8,2937,9.7,969,3.8,1704,5.6,1929,7.5,2175,7.1,1089,4.3,528,2.1,151,0.6,1598,5,8.4,7.2,3.4,0.9,3.4,3.8,0.8,1.7,10.3,0.8,8.6,58.6,0a9d1498-a782-4194-bf4f-36d771564bd4,0.00184199662635365,0.425229097706342
418,53570,Gingin,3208.3585,https://linked.data.gov.au/dataset/asgsed3/LGA2021/53570,2178,1127,21.4,243,4.6,658,12.5,459,8.7,186,4.2,332,6.3,362,8.2,482,9.2,198,4.5,100,2.5,19,0.5,259,4.6,10.8,7,3.6,0.4,4.9,5.6,0.8,2.8,6.8,1.5,6.3,57.2,ee5eee24-e5bf-4ae6-ac24-5e14fba57dbc,0.303605139650699,2.64622760918297
419,53640,Gnowangerup,4265.0423,https://linked.data.gov.au/dataset/asgsed3/LGA2021/53640,496,157,12.9,50,4.1,117,9.6,142,11.7,36,3.8,107,8.8,77,8.2,122,10,47,5,38,3.7,8,0.8,70,5.8,9.7,6,2.7,0.5,5.7,3.3,0.2,1.7,10,1.1,5.2,58.5,61f052fd-1936-4c8c-94ea-8f126379e3ef,0.416500074024498,3.64485888272151
420,53710,Goomalling,1835.4294,https://linked.data.gov.au/dataset/asgsed3/LGA2021/53710,430,199,20.1,63,6.4,124,12.6,146,14.8,36,4.6,110,11.1,63,8.1,141,14.3,37,4.8,25,3.2,7,0.9,41,4.3,9.4,7.7,3.4,0.9,6.4,6.3,0.3,2.2,9.5,0.8,7,51,55257ff3-2f08-44d0-a7dc-e01040eb785c,0.173777691672058,2.28003599653416
421,53780,Gosnells,127.2976,https://linked.data.gov.au/dataset/asgsed3/LGA2021/53780,45895,22589,18.6,5120,4.2,10778,8.9,11333,9.3,3331,3.5,8164,6.7,8081,8.5,10287,8.5,3526,3.8,2406,2.3,756,0.7,5987,4.7,6.8,7,2.2,0.5,5.5,3.4,0.8,1.6,7.2,0.7,7.2,63.4,0bd98596-6416-4fee-8cfd-3d7140e5312d,0.0121577034742586,0.57766278606533
422,53800,Greater Geraldton,9909.0002,https://linked.data.gov.au/dataset/asgsed3/LGA2021/53800,14576,6254,16.4,1810,4.7,3926,10.3,3784,9.9,1169,3.9,2705,7.1,2304,7.7,2805,7.4,1214,4.1,852,2.6,247,0.8,2136,5.4,8.6,8.7,3.2,0.9,5.6,4.2,1.2,2.1,9.1,0.9,7.3,54.7,2b58e311-50b3-490b-9726-14920da11e02,0.9137655831762,8.98109880081772
423,53920,Halls Creek,133045.9733,https://linked.data.gov.au/dataset/asgsed3/LGA2021/53920,202,,,,,,,,,,,,,,,,,,,,,,,140,3.9,1.5,3.7,0.5,0.3,5.6,3.1,0.8,0.8,2.5,0.8,3.9,63.2,0aa82b99-d8c8-4466-bc15-4dee1b0849ed,11.4258301026157,19.1459609867303
424,53990,Harvey,1727.607,https://linked.data.gov.au/dataset/asgsed3/LGA2021/53990,12329,4092,14.8,1062,3.8,2646,9.6,2592,9.4,824,3.8,2103,7.6,1761,8.2,1677,6.1,893,4.2,575,2.4,163,0.7,1319,4.6,9.4,8.4,3.2,0.5,4.8,3.6,0.8,1.8,8.9,0.8,7.4,59.3,4df0171b-47ba-46da-9e64-fd65a773de12,0.166875466413558,2.34692818998202
425,54060,Irwin,2369.3298,https://linked.data.gov.au/dataset/asgsed3/LGA2021/54060,1396,653,18.3,221,6.2,483,13.6,380,10.7,134,4.5,244,6.9,261,8.8,363,10.2,151,5.2,78,3,14,0.5,195,5.3,11.8,7.3,3.8,0.7,6.4,4.9,1.2,3,7.3,1,6.3,52.9,3b2e5830-1b94-4437-a89b-c8d068ab0c5f,0.220072886883145,2.26514741269488
426,54130,Jerramungup,6511.1803,https://linked.data.gov.au/dataset/asgsed3/LGA2021/54130,517,145,13.2,44,4,114,10.4,121,11,34,4,84,7.6,70,8.3,113,10.3,45,5.4,32,3.4,7,0.8,36,3.1,9.3,7.5,1.5,0.4,2.6,4.2,0.4,1.4,6.9,0.5,4.6,60.2,20b9c129-8def-43a6-933f-f7533271db0b,0.63591451450543,5.02450543762418
427,54170,Joondalup,98.942,https://linked.data.gov.au/dataset/asgsed3/LGA2021/54170,84510,23531,14.8,5881,3.7,12298,7.7,14002,8.8,4078,3.2,10571,6.6,8947,7,11539,7.3,3988,3.2,2856,2.1,769,0.6,6213,3.9,8.2,7.5,3.1,0.6,3.8,3.8,0.6,1.4,7.7,0.8,7.7,62.9,d9e2ffb8-015f-4c28-8d79-73a0be9c5326,0.0094208639302451,0.502512968118113
428,54200,Kalamunda,324.2958,https://linked.data.gov.au/dataset/asgsed3/LGA2021/54200,27451,9130,15.7,2414,4.1,5367,9.2,5144,8.8,1649,3.5,3741,6.4,3709,7.9,4108,7,1935,4.2,1098,2.3,266,0.6,2752,4.7,8.7,7.7,3.1,0.7,5,4.1,0.8,1.8,8.6,1,7.8,60.3,68a41a19-9e99-4736-87e7-6fb10f671def,0.0309535541632613,1.02474409038596
429,54280,Kalgoorlie-Boulder,95500.292,https://linked.data.gov.au/dataset/asgsed3/LGA2021/54280,12004,2475,8.4,887,3,1910,6.5,1857,6.3,675,3,1380,4.7,1028,4.6,1398,4.7,570,2.6,596,2.2,173,0.6,908,3.1,5.6,6.5,1.9,0.4,4.2,2.4,0.9,1.3,6.5,0.6,5.6,62,922ebae1-8573-4731-a3c3-304b2133deb6,8.99926982268721,18.864203620687
430,54310,Karratha,15238.2934,https://linked.data.gov.au/dataset/asgsed3/LGA2021/54310,8808,1298,7.8,403,2.4,837,5,1214,7.3,264,2.2,830,5,504,4.2,646,3.9,333,2.8,267,1.7,136,0.8,332,1.5,2.8,5.4,1,0.1,2.6,1.1,0.4,0.5,4.9,0.2,4,63.1,f81b05d9-ddf5-4e01-94d5-0ac58c49286b,1.3242001660642,21.5439577663067
431,54340,Katanning,1518.1854,https://linked.data.gov.au/dataset/asgsed3/LGA2021/54340,1121,672,16.6,172,4.3,505,12.5,785,19.4,133,4.2,638,15.8,242,7.6,357,8.8,144,4.6,77,2.3,29,0.9,208,5.1,10.2,7.5,2.6,0.7,6.1,3.4,1.1,1.6,7.9,1,6.4,57.3,fe92f282-70ec-40f8-8bdb-a317a402f6d9,0.147554405200026,2.07145778053126
432,54410,Kellerberrin,1915.433,https://linked.data.gov.au/dataset/asgsed3/LGA2021/54410,425,274,23.5,73,6.3,158,13.5,201,17.2,47,5,126,10.8,116,12.3,162,13.9,48,5.2,30,3.4,9,1,130,11.4,15.2,11.3,2.6,2,6.4,5.6,1.6,3.6,8.6,1.4,9.6,48,f4a6e422-148b-44f9-ab19-72f8d36328f4,0.181996848279141,2.23096026560091
433,54480,Kent,5624.5818,https://linked.data.gov.au/dataset/asgsed3/LGA2021/54480,231,62,11.2,22,4,52,9.4,58,10.5,15,3.6,47,8.5,26,6.2,55,9.9,19,4.5,15,3.2,3,0.6,10,2,6.2,9.5,0.8,,6.4,2.3,,1.4,5.3,,3.3,64.6,c3288676-a4bb-4a41-8e15-4ac8e703de69,0.546059347422897,4.61085119593375
434,54550,Kojonup,2930.9925,https://linked.data.gov.au/dataset/asgsed3/LGA2021/54550,919,300,15.3,79,4,218,11.2,202,10.3,58,3.8,166,8.5,109,7.2,169,8.6,56,3.7,40,2.5,12,0.8,93,4.9,12.1,8.5,5,1.1,6.1,4.8,0.6,1.3,7.9,0.9,6.3,55,4c1e5d32-b94a-453a-b10f-693ae4f88e65,0.28571539875702,2.87759088643462
435,54620,Kondinin,7440.8016,https://linked.data.gov.au/dataset/asgsed3/LGA2021/54620,413,,,,,,,,,,,,,,,,,,,,,,,41,4.8,11.4,7.7,1.5,0.8,5.1,4.7,,2.2,8.8,0.6,6,53.5,9762e1ea-b2f1-4524-992a-1a3efb56dc8c,0.713434090479495,5.31490599846367
436,54690,Koorda,2832.313,https://linked.data.gov.au/dataset/asgsed3/LGA2021/54690,158,81,20.1,25,6.2,50,12.4,60,14.9,15,4.9,40,10,26,8.5,58,14.4,17,5.6,11,3.4,3,0.9,18,5,13.4,10.4,3.8,,10.1,7.1,1.4,3.6,9.3,,4.9,55.6,516087d0-6e80-4d10-8154-06e1588b6a2b,0.266376957634748,2.65703707723089
437,54760,Kulin,4718.9219,https://linked.data.gov.au/dataset/asgsed3/LGA2021/54760,395,107,13.9,32,4.2,79,10.3,86,11.2,21,3.6,59,7.7,42,7.1,68,8.9,30,5.1,22,3.5,4,0.6,21,2.7,9,8.5,2.5,,3.4,1.6,,1.2,7.8,0.7,3,58.3,d70b22b6-d790-446a-92ae-b4e8d5c4fc76,0.453882441549013,5.14742326584985
438,54830,Kwinana,120.0123,https://linked.data.gov.au/dataset/asgsed3/LGA2021/54830,16367,6368,15.2,1595,3.8,3231,7.7,3396,8.1,1112,3.5,2493,5.9,2207,6.9,3134,7.5,1143,3.6,869,2.3,258,0.7,2175,4.7,6.7,8.1,1.9,0.5,4.8,2.9,0.8,1.6,9.7,0.7,7.5,60.2,1e63646e-805c-45dd-95ab-3f151738fbc6,0.011481732915172,0.494821970378791
439,54900,Lake Grace,11886.3198,https://linked.data.gov.au/dataset/asgsed3/LGA2021/54900,695,,,,,,,,,,,,,,,,,,,,,,,26,2.1,8.1,6.6,2.4,,5.3,1.6,0.2,0.9,5.3,,3.8,64.6,25018413-b341-4260-b394-91378beb4354,1.14760963962681,6.42807448176943
440,54970,Laverton,179993.971,https://linked.data.gov.au/dataset/asgsed3/LGA2021/54970,72,,,,,,,,,,,,,,,,,,,,,,,25,1.9,3.2,6,0.9,,6.2,3.1,1.1,1.1,3.7,0.3,3.6,44.4,9aa450a9-9ae0-401b-9ded-20e65ffa21f5,16.4971402185713,21.4276491690457
441,55040,Leonora,31915.0562,https://linked.data.gov.au/dataset/asgsed3/LGA2021/55040,309,,,,,,,,,,,,,,,,,,,,,,,30,1.9,3.4,6,0.6,,3,1.6,0.2,0.3,4.6,0.4,3.6,48.2,a145cf0d-7c27-4ab7-9eef-60cd97b3884f,2.93370105900249,11.3599564124318
442,55110,Mandurah,174.8968,https://linked.data.gov.au/dataset/asgsed3/LGA2021/55110,34960,19752,23.4,4928,5.8,10165,12,9912,11.7,3030,4.4,6548,7.7,6833,10,10170,12,3824,5.7,1777,2.7,470,0.7,5954,6.6,12.1,8.3,4.1,0.8,5.8,5.6,1.2,2.7,9.9,1.4,8.6,54.2,02a5709f-ca24-45bd-a1b7-20317c02a948,0.0168067311246887,1.33691639633217
443,55180,Manjimup,7029.6076,https://linked.data.gov.au/dataset/asgsed3/LGA2021/55180,3418,1354,14.9,401,4.4,1088,12,989,10.9,319,4.3,706,7.8,538,7.3,647,7.1,292,4,192,2.6,46,0.6,584,6.4,10.9,7.8,3.4,0.9,5.4,4.5,0.8,2.1,9.5,0.9,7.9,55.6,46a04dad-c8fa-4799-a84e-c1fa35983d2a,0.690463642485611,5.21954884347368
444,55250,Meekatharra,100188.5478,https://linked.data.gov.au/dataset/asgsed3/LGA2021/55250,126,,,,,,,,,,,,,,,,,,,,,,,16,1.3,3.8,4.3,1.1,0.3,5.9,4.4,0.5,0.9,4.7,0.6,4.1,54.7,209e41dd-eecb-4954-972b-16c1696e8c87,8.97087135040647,16.1541767364491
445,55320,Melville,52.8505,https://linked.data.gov.au/dataset/asgsed3/LGA2021/55320,56828,14396,14.3,3808,3.8,8486,8.4,9810,9.8,2731,3.3,6445,6.4,5899,7.1,7294,7.3,3020,3.7,1345,1.6,356,0.4,4868,4.7,7.6,6.5,3.2,0.9,3.8,4,0.7,1.3,7.4,0.8,8,63.6,10457630-8e67-4185-974f-2f0a3ec72ff2,0.00504649475510632,0.424880339640685
446,55390,Menzies,124115.424,https://linked.data.gov.au/dataset/asgsed3/LGA2021/55390,,,,,,,,,,,,,,,,,,,,,,,,13,2.5,3.8,5.5,,,3.9,1.3,,1.3,3.2,,3,50.9,35618250-a4ae-4f5a-bc7d-6b6d3387618b,11.5546331692242,25.7299742145038
447,55460,Merredin,3293.7824,https://linked.data.gov.au/dataset/asgsed3/LGA2021/55460,1215,597,17.9,176,5.3,373,11.2,426,12.7,98,3.7,392,11.7,238,8.9,375,11.2,110,4.2,97,3.5,21,0.7,177,5.7,10.2,9.3,3,0.7,5.6,4.2,1.3,2.2,8.8,1,6.6,54,b3ae12e2-5fb7-4c28-b453-5e67d2c5b818,0.312742075669803,3.11859250339283
448,55530,Mingenew,1934.8857,https://linked.data.gov.au/dataset/asgsed3/LGA2021/55530,200,67,15.7,36,8.4,47,11,56,13.1,16,4.7,29,6.8,23,6.7,56,13.1,17,5,13,3.6,4,1.1,12,2.9,8.9,4.3,1.9,,6.7,4.1,0.7,1,2.9,,7.2,53.8,d231d693-855c-4743-a68c-9a6f34f2fa6f,0.179430764043673,2.08175361162352
449,55600,Moora,3763.0254,https://linked.data.gov.au/dataset/asgsed3/LGA2021/55600,974,408,16.9,118,4.9,251,10.4,420,17.4,69,3.7,337,14,151,8.1,237,9.8,86,4.7,55,2.7,17,0.8,107,4.7,9.1,8.6,2.7,1,5.6,4.7,1.1,1.8,7.6,1.1,5.8,53.7,70198962-30c2-4d1b-92a3-8e31a5153940,0.353578498088382,3.20250531109647
450,55670,Morawa,3510.5929,https://linked.data.gov.au/dataset/asgsed3/LGA2021/55670,201,,,,,,,,,,,,,,,,,,,,,,,33,5,8.4,10.2,2.4,1.2,4.7,4.1,1.7,0.5,6.1,2,7.8,48.2,7b56cddf-fb5f-4132-bf24-ff357c1e7ac9,0.325271607208606,3.10379097670123
451,55740,Mosman Park,4.3472,https://linked.data.gov.au/dataset/asgsed3/LGA2021/55740,4941,1133,13,281,3.2,631,7.2,792,9.1,202,2.8,471,5.4,434,6,563,6.4,230,3.2,121,1.7,46,0.6,403,4.4,6.8,6.1,3.3,0.9,2.7,3.8,0.6,1.3,7.9,1,7.3,64.3,33d1f434-fe8f-408a-8304-b50f927941eb,0.000414970562815142,0.0936498943073383
452,55810,Mount Magnet,13858.1182,https://linked.data.gov.au/dataset/asgsed3/LGA2021/55810,83,,,,,,,,,,,,,,,,,,,,,,,23,3.5,4.6,4.6,2.7,,3.7,2,1.5,3.2,6,0.5,3.4,28.9,4d040667-5e66-4e4e-9a18-2afacc39c6d7,1.27411909327611,7.31270908539029
453,55880,Mount Marshall,10184.5937,https://linked.data.gov.au/dataset/asgsed3/LGA2021/55880,221,83,16.1,21,4.1,50,9.7,62,12,17,4.4,49,9.5,23,5.9,50,9.7,18,4.6,14,3.2,3,0.7,31,6.8,9.1,9.1,1.3,0.9,3.5,6.9,,1.1,5.9,,5.6,55.5,9cf5c603-55a1-4265-b685-abf594d8cc1b,0.953966505330527,5.86365875573644
454,55950,Mukinbudin,3426.944,https://linked.data.gov.au/dataset/asgsed3/LGA2021/55950,282,93,17.6,23,4.3,57,10.8,66,12.5,18,4.4,46,8.7,32,7.9,56,10.6,26,6.5,13,3.1,3,0.7,20,3.5,5.5,10.5,1.4,,4.5,3.1,,0.7,7.2,1.2,6.5,55.7,e948beee-27ef-4164-9d0f-d05fae549e12,0.322430261157706,2.87238206173261
455,56090,Mundaring,643.2012,https://linked.data.gov.au/dataset/asgsed3/LGA2021/56090,18139,6861,18.6,1748,4.7,3546,9.6,4912,13.3,1205,4,3527,9.5,2464,8.2,2914,7.9,1155,3.9,771,2.5,212,0.7,1731,4.4,9.1,8,3.5,0.7,4.3,4,0.8,1.9,8.9,0.9,8.4,55.2,89e2c8b5-02a7-4896-9f81-a343943a45be,0.0613201319793006,1.79718026953246
456,56160,Murchison,45046.0922,https://linked.data.gov.au/dataset/asgsed3/LGA2021/56160,,,,,,,,,,,,,,,,,,,,,,,,6,5.9,,4.1,,,7.2,,,,5.2,,,66,64c30b59-ffa5-4bc8-a076-1c957a9edbd9,4.08737924189882,13.0539219858257
457,56230,Murray,1703.4688,https://linked.data.gov.au/dataset/asgsed3/LGA2021/56230,7079,4443,25.3,820,4.7,2716,15.4,1787,10.2,626,4.4,1230,7,1449,10.2,2168,12.3,871,6.2,348,2.5,99,0.7,1153,6.4,11.6,8.6,4.3,0.4,5.7,4.9,1.2,3,9.9,1.3,8.2,52.7,aae9e6f3-5b31-438a-a6ce-8585f20875bc,0.16367716001082,2.38525696133505
458,56300,Nannup,3053.9361,https://linked.data.gov.au/dataset/asgsed3/LGA2021/56300,519,256,18.4,80,5.8,194,14,170,12.2,59,5.1,117,8.4,98,8.5,156,11.2,47,4.1,35,3.5,6,0.6,72,4.7,13,8.4,3.8,0.4,4.8,5.1,0.7,2.6,10.4,1.2,8.6,49,5bbb2395-0ce1-45d4-96f8-16054f368eec,0.298461672073245,2.78945046798349
459,56370,Narembeen,3809.0285,https://linked.data.gov.au/dataset/asgsed3/LGA2021/56370,378,137,16.6,38,4.6,93,11.3,109,13.2,25,3.7,94,11.4,54,8.1,90,10.9,35,5.3,25,3.8,4,0.6,26,3.3,9,8.1,2.9,1.1,3.7,4.6,,1.5,5.8,0.5,2.9,53.2,deab76b0-44b2-4fab-b8e4-9a989e2a93fc,0.363708350557772,3.10668631976492
460,56460,Narrogin,1631.3024,https://linked.data.gov.au/dataset/asgsed3/LGA2021/56460,1609,906,18.6,250,5.1,584,12,732,15,164,4.2,502,10.3,334,8.5,389,8,159,4.1,107,2.7,32,0.8,307,6.4,10.6,7.9,2.8,1.4,5.6,5.2,0.7,2.3,10.1,1,8.8,54,52f04bca-05c5-438a-86dc-ef9e224866f8,0.157387130535881,2.49916796748986
461,56580,Nedlands,19.6449,https://linked.data.gov.au/dataset/asgsed3/LGA2021/56580,13046,2326,10.5,609,2.8,1425,6.4,1716,7.8,453,2.5,1370,6.2,1069,6,1245,5.6,525,3,315,1.7,80,0.4,826,3.7,7,6.6,3.6,0.7,2.9,4.1,0.6,0.9,6.6,0.7,7.9,64.9,2390cd0b-528e-4856-9758-780ed9e18d5a,0.00187438266266327,0.3130134655809
462,56620,Ngaanyatjarraku,159815.9632,https://linked.data.gov.au/dataset/asgsed3/LGA2021/56620,,,,,,,,,,,,,,,,,,,,,,,,64,4.7,0.4,2.9,0.2,1.1,9.6,5.6,2.3,0.8,2.4,0.5,6.8,66.4,f8461289-ab43-463d-8463-314d63bf1110,14.3067165692623,15.2770824376856
463,56730,Northam,1431.2215,https://linked.data.gov.au/dataset/asgsed3/LGA2021/56730,3657,2269,21.3,622,5.9,1236,11.6,941,8.9,387,4.5,540,5.1,834,9.8,881,8.3,513,6.1,269,3.1,76,0.9,717,6.3,10.7,8.5,3.3,0.7,6.6,4.9,1.2,2.4,9.7,1.3,7.7,49.5,10d79cbf-ba30-4615-adf8-cc5eca1b27c7,0.136137261366912,2.43889632374786
464,56790,Northampton,12543.7142,https://linked.data.gov.au/dataset/asgsed3/LGA2021/56790,1089,547,17.8,152,4.9,434,14.1,320,10.4,115,4.5,248,8.1,233,9.2,210,6.8,147,5.9,66,2.8,19,0.8,192,5.9,11.5,7,3.4,0.7,5.7,5,1.2,2.4,6.8,1.1,6.7,50.4,2eac6c74-b1a2-47ca-8a8f-7145104f83b2,1.1482110426482,5.76356732519342
465,56860,Nungarin,1166.0245,https://linked.data.gov.au/dataset/asgsed3/LGA2021/56860,78,51,21.6,17,7.2,33,14,37,15.7,9,4.5,27,11.4,18,9,39,16.5,14,7,6,3.2,1,0.5,15,5.9,10.9,5.2,3.6,1.2,7.3,9.7,1.2,1.6,11.7,1.6,6,37.5,f24e5de0-af70-4a04-8e4c-60c5eb71616c,0.110291741457786,2.10169525373089
466,56930,Peppermint Grove,1.0677,https://linked.data.gov.au/dataset/asgsed3/LGA2021/56930,1044,218,13.7,54,3.4,110,6.9,173,10.9,46,3.4,97,6.1,85,6.3,109,6.9,39,3,26,2.1,9,0.7,45,2.8,6.2,7.2,4.1,0.2,1.7,3.1,,0.9,5.6,0.7,6,66.2,4729b044-93a6-4c97-80ff-da4e36e073b3,0.000101887947039359,0.0496272287257846
467,57000,Perenjori,8301.3551,https://linked.data.gov.au/dataset/asgsed3/LGA2021/57000,183,69,11.7,27,4.6,53,9,69,11.7,17,3.4,43,7.3,20,4,47,8,24,4.8,15,2.8,4,0.8,7,1.1,7.4,5.1,2.9,,2.4,1.3,,0.5,3,,1.4,49.4,54ebe509-02cd-4f88-8cc9-5026f065f71b,0.77194000956797,5.14303734089519
468,57080,Perth,13.7335,https://linked.data.gov.au/dataset/asgsed3/LGA2021/57080,12472,2601,9.5,600,2.2,1372,5,1694,6.2,470,1.8,1194,4.4,1169,4.6,1164,4.3,669,2.6,276,1.1,97,0.4,624,2.2,3.8,5.7,1.9,0.3,2.4,2.2,0.4,0.8,8.1,0.5,5.7,66.2,dce06e3f-abeb-41a1-9164-9c69d2f8c582,0.0013101655401897,0.262786908635196
469,57140,Pingelly,1294.5721,https://linked.data.gov.au/dataset/asgsed3/LGA2021/57140,413,319,27.8,87,7.6,186,16.2,209,18.2,49,5.2,114,9.9,120,12.7,173,15.1,47,5,29,3.4,10,1.2,77,7.4,11.7,8.3,4.3,0.6,6.7,6.6,0.8,3,10.5,0.7,7.7,50.9,b1ab348c-0fb5-46fd-a055-663e23a54b68,0.124247033746997,2.32147135956556
470,57210,Plantagenet,4876.682,https://linked.data.gov.au/dataset/asgsed3/LGA2021/57210,1647,1168,22.8,288,5.6,681,13.3,780,15.2,215,5.2,481,9.4,435,10.4,520,10.2,160,3.9,123,3,40,1,354,6.6,11.9,8.5,4.1,0.7,4.8,5.3,0.9,2.7,9.8,1.5,8.5,51.4,5486693a-b7b9-4cf9-b452-59f143515018,0.479224970820042,4.70131447802958
471,57280,Port Hedland,18417.0777,https://linked.data.gov.au/dataset/asgsed3/LGA2021/57280,5352,1240,8.7,508,3.6,750,5.3,1223,8.6,273,2.6,824,5.8,593,5.6,760,5.4,426,4.1,317,2.3,116,0.8,322,2.1,3,6.2,1,0.1,3.2,1.6,0.6,0.6,4.8,0.4,4.5,62.8,e76d1188-28e7-431a-91f5-1f11572805c7,1.59923770793034,12.8342414645324
472,57350,Quairading,2016.9268,https://linked.data.gov.au/dataset/asgsed3/LGA2021/57350,360,,,,,,,,,,,,,,,,,,,,,,,54,5.6,9.6,7,4.4,0.3,5.5,6,2.2,2.8,7.2,0.7,5.1,40,1f4b0d0c-eab7-482c-bf90-e76b92a52053,0.192501055352295,2.55353791252958
473,57420,Ravensthorpe,9841.7504,https://linked.data.gov.au/dataset/asgsed3/LGA2021/57420,692,,,,,,,,,,,,,,,,,,,,,,,89,4.3,9.4,6.8,2.6,0.4,3.9,4.2,0.8,3.1,8,0.1,6.3,58.5,25faa53a-05f7-4999-9ecd-f2af92faf475,0.956190104611096,5.4954308555217
474,57490,Rockingham,257.4979,https://linked.data.gov.au/dataset/asgsed3/LGA2021/57490,53037,21077,15.9,5534,4.2,11086,8.4,12298,9.3,3609,3.5,8735,6.6,7840,7.7,9999,7.6,4113,4.1,2719,2.3,782,0.7,6912,5.1,8.6,8.5,2.8,0.5,4.7,3.6,0.8,2,10,0.8,8,58.6,1955ca0e-2449-4890-844a-7235dffbf422,0.0246661362482428,1.18595269156169
475,57630,Sandstone,32605.2912,https://linked.data.gov.au/dataset/asgsed3/LGA2021/57630,29,,,,,,,,,,,,,,,,,,,,,,,3,2.8,11.4,,,,14.3,6.7,,4.8,,,,38.1,02fb8e71-8ce4-4679-8b32-4daf84b4dadd,3.00061611402498,10.5113434984422
476,57700,Serpentine-Jarrahdale,901.2054,https://linked.data.gov.au/dataset/asgsed3/LGA2021/57700,14126,4806,15.7,1151,3.8,2034,6.7,2997,9.8,751,3.3,2250,7.4,1729,7.5,2392,7.8,770,3.4,657,2.4,208,0.7,1151,3.6,6.4,8.1,2.2,0.4,4,2.8,0.6,1.4,8.5,0.7,6.8,62.7,59458a04-d9c0-4309-a2fe-1da73e7ab70a,0.0863282068985427,1.45874602779675
477,57770,Shark Bay,24201.5491,https://linked.data.gov.au/dataset/asgsed3/LGA2021/57770,267,,,,,,,,,,,,,,,,,,,,,,,33,3.2,6.3,5.7,4,,4.2,3,,1.3,6.8,0.4,3.5,56.3,f2552938-44c0-4030-853c-94b923eea6de,2.19189025508308,18.8533992859684
478,57840,South Perth,19.8114,https://linked.data.gov.au/dataset/asgsed3/LGA2021/57840,22983,4686,11,1323,3.1,2679,6.3,2985,7,955,2.6,2247,5.3,1829,5,2123,5,1065,3,504,1.4,132,0.4,1826,4.2,7.1,6.8,3.1,1,3.5,3.8,0.7,1.3,7.9,0.8,7.4,63.3,83b9da23-3e01-49fb-be72-1becd372834d,0.001890715789159,0.253593900685683
479,57910,Stirling,104.7273,https://linked.data.gov.au/dataset/asgsed3/LGA2021/57910,105748,34064,15.6,9045,4.1,17587,8.1,20892,9.6,5960,3.3,14094,6.5,13240,7.3,16801,7.7,7420,4.2,3550,1.9,1005,0.5,11031,4.9,7.2,6.7,2.8,0.9,4,3.5,0.7,1.4,8,0.8,7.4,64.1,c51c364d-2b06-4810-9cf7-8caf774ff53d,0.00998260128085349,0.49275480998699
480,57980,Subiaco,5.6182,https://linked.data.gov.au/dataset/asgsed3/LGA2021/57980,9645,1995,12,535,3.2,1001,6,1174,7,329,2.4,965,5.8,946,6.8,1050,6.3,472,3.4,185,1.4,50,0.4,639,3.7,7.1,6.9,3.3,0.9,2.7,3.3,0.5,1.4,8.7,0.8,7.5,63.1,4fa904b2-93a1-458c-8b33-0fdfd3463834,0.000535866055088263,0.113219153005285
481,58050,Swan,1042.9936,https://linked.data.gov.au/dataset/asgsed3/LGA2021/58050,62816,20035,14.1,5657,4,10184,7.2,14006,9.9,3875,3.5,10123,7.1,7981,7.2,9949,7,4030,3.7,3143,2.5,879,0.7,6998,4.6,6.6,7.9,2.2,0.5,4.8,3.1,0.7,1.4,8.6,0.7,7.3,62.8,62ac69fd-118b-4534-aeb3-595f171743c7,0.0992673151229155,1.79831234920712
482,58190,Tammin,1101.692,https://linked.data.gov.au/dataset/asgsed3/LGA2021/58190,161,78,19.3,29,7.2,48,11.9,62,15.3,15,5,37,9.2,28,9.3,61,15.1,11,3.7,11,3.2,4,1.1,15,3.9,7.3,6.3,2.3,0.8,6.3,7.3,,1.8,6.8,1.5,6.8,51.4,39910e5b-d8a9-4d2b-97bf-ded2becf03a7,0.104705129585454,1.73041024136179
483,58260,Three Springs,2656.6928,https://linked.data.gov.au/dataset/asgsed3/LGA2021/58260,187,84,14.4,32,5.5,60,10.3,68,11.7,19,4.4,35,6,25,5.8,53,9.1,25,5.8,14,3,4,0.9,25,4.3,10.3,7,3.7,1.2,2.4,3.1,0.7,2.3,8,0.5,3.8,52.8,4d3252a7-2627-4699-a509-db4370b8d7b8,0.247235249252071,2.57087722431359
484,58330,Toodyay,1691.6485,https://linked.data.gov.au/dataset/asgsed3/LGA2021/58330,1779,1074,24.2,244,5.5,567,12.8,523,11.8,181,4.8,359,8.1,435,11.4,459,10.3,197,5.2,102,3.1,25,0.8,227,4.9,12,7.2,4.3,0.4,5.4,5.6,1.1,2.7,9.3,1.3,8.8,49.8,1cb8fae3-6833-4742-ad13-edf5f75d7ed9,0.160546042206761,2.06437837696455
485,58400,Trayning,1651.2043,https://linked.data.gov.au/dataset/asgsed3/LGA2021/58400,128,79,23.9,22,6.6,49,14.8,48,14.5,13,4.7,32,9.7,28,10.1,52,15.7,22,8.1,10,3.9,3,1.2,26,8.7,17.3,11.2,2.2,,12.9,7.9,1.8,5.8,9.7,3.6,9,42.4,bf829613-7ca4-4741-9fc5-6bf8820884eb,0.156175068534594,2.03025433924871
486,58470,Upper Gascoyne,57809.8737,https://linked.data.gov.au/dataset/asgsed3/LGA2021/58470,,,,,,,,,,,,,,,,,,,,,,,,5,2.9,1.7,3.4,1.7,,4.5,,1.7,,10.2,,,48.9,d27a3a39-533f-4492-b802-5cb86a91cb30,5.15884649681948,13.3869471155032
487,58510,Victoria Park,17.9396,https://linked.data.gov.au/dataset/asgsed3/LGA2021/58510,16822,4466,12.6,1272,3.6,2354,6.7,2547,7.2,869,2.9,1823,5.2,1860,6.1,2147,6.1,1382,4.6,500,1.6,179,0.6,1747,4.7,6.3,6.7,2.5,0.9,3.8,3.1,0.7,1.4,9.4,0.8,7.7,62.5,e904a8cd-507f-4a94-b351-055bda806a3a,0.00171175318428141,0.243387162373185
488,58540,Victoria Plains,2551.0132,https://linked.data.gov.au/dataset/asgsed3/LGA2021/58540,446,155,16.6,40,4.3,105,11.2,167,17.9,31,4.1,141,15.1,53,7,86,9.2,33,4.4,25,3.2,6,0.8,33,4.1,9.4,8.1,2.4,,6.5,4,,,6.8,1.3,5.1,54.6,9b8bbd50-d6f5-4b90-a219-eb0a16d7024b,0.240959048167724,2.70857321303629
489,58570,Vincent,11.3771,https://linked.data.gov.au/dataset/asgsed3/LGA2021/58570,18895,4556,12.9,1109,3.1,2235,6.3,2817,8,801,2.6,2232,6.3,1786,5.9,2159,6.1,1018,3.4,478,1.5,166,0.5,1467,4,5.3,7,2.2,0.7,2.8,2.4,0.5,0.9,10.1,0.6,7.3,64.2,175a0c3b-d724-49d9-af29-a40852f0acbe,0.00108497073142644,0.165414565802735
490,58610,Wagin,1946.1763,https://linked.data.gov.au/dataset/asgsed3/LGA2021/58610,707,381,21,91,5,278,15.3,460,25.4,68,4.6,353,19.5,152,10.3,206,11.4,73,5,37,2.7,13,1,105,6,12.4,8.6,4.4,0.6,5.6,5.3,1,2.2,8.4,0.9,8.3,50.4,5a919b32-66b9-48c6-b2d4-0498cefa255d,0.188357546832094,2.6888490206465
491,58680,Wandering,1903.8645,https://linked.data.gov.au/dataset/asgsed3/LGA2021/58680,252,78,18.2,19,4.4,46,10.7,59,13.8,16,4.7,36,8.4,21,6.2,42,9.8,12,3.6,10,2.9,4,1.2,18,3.4,10.7,7.2,3,,2.8,2,,2.4,5.4,0.6,3.3,50.5,b0bf0e6f-2b11-485d-9112-66959ceb3777,0.182781571551914,2.46356578248754
492,58760,Wanneroo,683.2602,https://linked.data.gov.au/dataset/asgsed3/LGA2021/58760,88061,30556,15.1,7970,3.9,14558,7.2,17197,8.5,5256,3.4,11864,5.9,10744,6.9,14337,7.1,5498,3.6,4220,2.3,1224,0.7,9214,4.4,6.7,7.7,2.3,0.6,4.3,3.1,0.7,1.4,8.3,0.7,7.5,63.8,7355b908-c090-4abb-8267-9955ea990413,0.064940821897153,1.33948328160427
493,58820,Waroona,832.2285,https://linked.data.gov.au/dataset/asgsed3/LGA2021/58820,1652,797,19.5,215,5.3,493,12.1,384,9.4,150,4.5,273,6.7,316,9.5,372,9.1,172,5.3,91,2.8,27,0.8,242,5.7,12.5,8.3,4,0.2,5.9,4.5,1,1.9,8.9,1.1,7.9,53.7,2ce5092e-1711-4bd9-bb89-bd6d8c170bd9,0.0801701609636893,1.75675621117398
494,58890,West Arthur,2831.8272,https://linked.data.gov.au/dataset/asgsed3/LGA2021/58890,421,128,16.1,34,4.3,94,11.8,173,21.8,28,4.4,151,19,41,6.4,78,9.8,26,4.1,19,2.9,6,0.9,22,2.8,11.8,7.1,1.6,,5.6,4.4,0.5,1.9,5.3,0.5,3,53.5,f09b6342-d8df-4ffe-bbc9-3a97a59311b9,0.274633043611402,3.0489701222401
495,59030,Westonia,3319.4496,https://linked.data.gov.au/dataset/asgsed3/LGA2021/59030,100,45,15.3,18,6.1,31,10.5,33,11.2,9,3.6,27,9.2,14,5.7,37,12.5,14,5.7,8,3.2,2,0.8,8,3.2,7.4,6.2,,,5.4,1.2,,1.6,7.8,1.2,4.7,54.5,542a6934-538d-4773-9b3b-a10b78ec5a58,0.313413744332593,3.47017848619557
496,59100,Wickepin,2040.8985,https://linked.data.gov.au/dataset/asgsed3/LGA2021/59100,304,117,16.2,43,5.9,86,11.9,99,13.7,24,4.3,65,9,54,9.7,84,11.6,26,4.7,23,3.9,5,0.9,30,4.3,10.4,5.9,3.3,,3.7,3,0.4,2.4,5.6,,7.1,49.7,50a03927-c7ab-44d5-ae08-a7fbebfcd471,0.196494714673463,2.47271900285404
497,59170,Williams,2304.7119,https://linked.data.gov.au/dataset/asgsed3/LGA2021/59170,495,153,14.9,41,4,112,10.9,194,18.9,34,4.3,157,15.3,53,6.6,89,8.7,33,4.2,21,2.5,6,0.7,33,3.2,9.9,6.7,3.9,,3.4,2.7,0.6,0.7,6.7,1,5.8,61.4,7929bb30-eb1f-4b1e-982c-41cec10543d9,0.222545715614842,2.60692918062708
498,59250,Wiluna,181297.3382,https://linked.data.gov.au/dataset/asgsed3/LGA2021/59250,26,,,,,,,,,,,,,,,,,,,,,,,19,3.6,3.1,3.3,,,12.2,6.6,4.4,1.3,4.6,,5.2,47.2,a2f01f3b-0c53-4eef-8ce0-c84642ef6201,16.2556473511472,18.1032840309391
499,59310,Wongan-Ballidu,3365.0675,https://linked.data.gov.au/dataset/asgsed3/LGA2021/59310,600,215,16.7,62,4.8,141,11,174,13.6,41,4.1,135,10.5,70,7,138,10.7,37,3.7,33,3.1,8,0.8,72,5.6,9.7,8.2,3.6,,5.3,4.3,1,3.1,7.6,1.2,6.7,56.5,e809e1f9-c5f1-4e19-9736-ceaf07a4b4e2,0.316886937250956,2.948585255332
500,59320,Woodanilling,1128.8348,https://linked.data.gov.au/dataset/asgsed3/LGA2021/59320,158,66,15.8,19,4.5,48,11.5,80,19.1,14,4.6,71,16.9,21,6.8,41,9.8,14,4.6,10,2.8,3,0.8,16,3.6,12.1,5.6,3.8,,5.2,6.3,2.5,,13,,10.5,52.2,ebfd198e-c8db-48aa-a222-27988a3ffa80,0.109569971207293,2.193667444156
501,59330,Wyalkatchem,1594.4884,https://linked.data.gov.au/dataset/asgsed3/LGA2021/59330,196,134,28.3,42,8.9,89,18.8,98,20.7,19,4.8,67,14.2,56,14.1,89,18.8,29,7.3,13,3.9,3,0.9,28,6,16.8,8.9,5.3,,10.2,9.6,0.6,4.7,11,0.6,11.3,44.2,cb5cdfaf-234f-4560-b545-d8c18f6e59f9,0.15087765232488,2.20637957258334
502,59340,Wyndham-East Kimberley,112066.3217,https://linked.data.gov.au/dataset/asgsed3/LGA2021/59340,1691,,,,,,,,,,,,,,,,,,,,,,,193,2.6,3.5,5,1.3,0.3,4.2,2.2,1.1,1,3.7,0.3,4.1,60,7ea2e454-da7f-43c5-9cec-6f44cc1be5ad,9.44226540149532,75.2663089588081
503,59350,Yalgoo,27949.4641,https://linked.data.gov.au/dataset/asgsed3/LGA2021/59350,35,,,,,,,,,,,,,,,,,,,,,,,3,0.9,,5,,,5.8,0.9,,,2,,1.2,37.6,bf3c7d3d-3a90-4629-9603-b82dfd69898d,2.57759921426191,13.5566679822966
504,59360,Yilgarn,30428.7648,https://linked.data.gov.au/dataset/asgsed3/LGA2021/59360,385,216,18.6,57,4.9,147,12.6,150,12.9,39,3.9,101,8.7,73,7.3,138,11.9,61,6.2,32,3.3,7,0.7,38,3.2,8.1,7.2,3.7,0.5,4.3,4.4,1.1,2.1,7.8,0.4,5.4,51.7,6e0d17f8-a811-4e4f-9d25-694f95f8ab31,2.87269052832721,8.23196784263812
505,59370,York,2131.5916,https://linked.data.gov.au/dataset/asgsed3/LGA2021/59370,1356,896,25,166,4.6,541,15.1,479,13.4,148,5,373,10.4,350,11.8,403,11.3,165,5.6,78,3,21,0.8,197,5.7,12.9,8.6,5.2,1.6,6.9,6.6,1.4,2.9,8.6,1,8,49.7,cd3d1a5b-eea1-46fc-86bf-ccd6e5b07eed,0.203274234918354,2.97456246358178
506,59499,No usual address (WA),,https://linked.data.gov.au/dataset/asgsed3/LGA2021/59499,,,,,,,,,,,,,,,,,,,,,,,,,,,,,,,,,,,,,,c1b17a07-8ad1-49c4-befc-c4dfeee8d9e1,,
507,59799,Migratory - Offshore - Shipping (WA),,https://linked.data.gov.au/dataset/asgsed3/LGA2021/59799,,,,,,,,,,,,,,,,,,,,,,,,,,,,,,,,,,,,,,17e72dff-be1b-4788-b42a-953e9801da77,,
508,60210,Break O'Day,3523.8858,https://linked.data.gov.au/dataset/asgsed3/LGA2021/60210,1476,1989,32.4,672,11,1008,16.4,1330,21.7,394,7.5,869,14.2,1041,19.8,1242,20.3,433,8.3,327,7.6,57,1.3,619,9.1,17.2,8.8,4.8,0.4,6.1,6.3,1.2,4.3,11.7,1.5,10.2,48.1,195b2a18-3ae4-4273-9bc6-f1b30be60ea4,0.379572453269702,5.78651116335238
509,60410,Brighton,171.1508,https://linked.data.gov.au/dataset/asgsed3/LGA2021/60410,4702,5192,30.4,1407,8.2,1932,11.3,3084,18.1,885,6.8,1684,9.9,2419,18.5,3149,18.5,1310,10.2,943,6.3,203,1.4,1435,7.6,11.5,11,2.7,0.5,5.6,3.9,1,2.5,13.2,1,8.7,53.6,2328d360-2cb2-4c17-b711-d23e94514ab2,0.0188092713569858,1.15767926364277
510,60610,Burnie,610.9528,https://linked.data.gov.au/dataset/asgsed3/LGA2021/60610,4587,5368,28.3,1280,6.7,2478,13.1,3206,16.9,974,6.3,1866,9.8,2609,16.9,3660,19.3,1238,8.1,610,3.9,207,1.3,1559,7.8,11.5,11.2,3.1,0.8,5.8,4.4,1.2,3.2,12.7,1.1,9.2,52.8,a7078c02-a2ca-4616-9ce8-b0f7301d8fbd,0.0655999895493551,1.62575347398886
511,60810,Central Coast (Tas.),933.0891,https://linked.data.gov.au/dataset/asgsed3/LGA2021/60810,5791,6245,29,1327,6.2,3221,15,4046,18.8,1094,6.1,2826,13.1,3029,16.9,3845,17.9,1395,7.9,566,3.4,191,1.1,1699,7.5,14.1,10.1,3.8,0.8,5.2,5.1,1.6,3.1,10.5,1.5,8.7,52.6,b8cca0ab-0924-44e5-a1c7-9d171b6372ea,0.100287019740335,2.40801549524556
512,61010,Central Highlands (Tas.),7982.4155,https://linked.data.gov.au/dataset/asgsed3/LGA2021/61010,588,782,37.2,159,7.6,354,16.8,444,21.1,134,7.7,221,10.5,414,23.7,516,24.5,168,9.7,103,6.5,24,1.5,189,7.5,13.7,8.7,4.5,0.4,5.1,5.6,1,3.2,10,1.1,9,50.7,5783dd28-2e5d-4ae1-a464-bfe49c8c88b9,0.87028548401986,5.39457268980785
513,61210,Circular Head,4897.6511,https://linked.data.gov.au/dataset/asgsed3/LGA2021/61210,1782,2076,26,534,6.7,980,12.3,1586,19.9,352,5.5,912,11.4,812,12.8,1358,17,451,7.2,239,3.6,80,1.2,434,5.3,11,9.2,3.4,0.6,5.6,4.3,1.4,2.3,7.7,1.1,6.7,56.9,2d0e5af0-ebf2-4dc6-b652-8ea2af98e115,0.524788055344743,11.0926224423174
514,61410,Clarence,377.9614,https://linked.data.gov.au/dataset/asgsed3/LGA2021/61410,24651,11182,20.1,3296,5.9,6052,10.9,7149,12.9,2356,5.2,4255,7.7,5584,12.3,6467,11.7,3587,8,1458,3.3,411,0.9,3882,6.3,12.1,8.8,3.7,1,4.6,4.4,1,2,11.3,1.2,8.7,55.4,49bd7deb-ae46-4053-b054-8f75451782ba,0.0416153468663651,2.90263098430396
515,61510,Derwent Valley,4108.1113,https://linked.data.gov.au/dataset/asgsed3/LGA2021/61510,2587,3208,31.7,938,9.3,1300,12.8,1812,17.9,568,6.9,1080,10.7,1448,17.6,1717,16.9,874,10.8,430,5.2,116,1.4,892,8.2,12.6,9.7,3.2,0.7,6.2,4.4,1.1,3,13.3,1.2,8.9,51.3,69b920c2-6362-42fc-b2a8-55d0f2a43307,0.452150701622941,4.29465294778695
516,61610,Devonport,111.259,https://linked.data.gov.au/dataset/asgsed3/LGA2021/61610,5553,6951,28,1983,8,3172,12.8,4377,17.6,1389,6.8,2355,9.5,3884,19.1,4207,16.9,2083,10.4,918,4.7,248,1.3,2234,8.5,13.8,10.8,3.6,0.6,5.9,5,1.4,3.4,12.7,1.5,9.2,51.4,08064931-bd5c-4095-992b-8b9a8d438416,0.0119448461236971,0.990963064672624
517,61810,Dorset,3230.5456,https://linked.data.gov.au/dataset/asgsed3/LGA2021/61810,1690,1604,24.6,448,6.9,995,15.3,1091,16.7,350,6.4,559,8.6,888,16.3,873,13.4,412,7.7,182,3.7,62,1.2,514,7.5,14.1,9.2,3.3,0.8,5.7,6.1,1.1,3.4,9.7,1.5,7.6,52.7,8cf7ab4f-28d2-43d3-a91b-beb6a3af3943,0.346124967496507,4.67999645274988
518,62010,Flinders (Tas.),1996.6244,https://linked.data.gov.au/dataset/asgsed3/LGA2021/62010,262,,,,,,,,,,,,,,,,,,,,,,,67,7.3,14.6,9.4,6.2,1,4.5,7.9,1.5,3.3,8.3,1.4,8.4,52.3,2e9e0484-a1e7-4a0d-8601-84d5e073e713,0.210942299077033,9.90124580916692
519,62210,George Town,653.4308,https://linked.data.gov.au/dataset/asgsed3/LGA2021/62210,1481,1923,28.4,652,9.6,988,14.6,1140,16.8,437,7.8,568,8.4,958,17.1,1320,19.5,490,8.9,282,5.4,67,1.3,674,9.6,16.8,11,3.9,0.9,7.2,5.7,1.4,4.6,13.1,1.3,10.7,47,f595cde7-e90f-4ae4-a2d1-5d5b7022cb73,0.0700410188915157,1.87220391113477
520,62410,Glamorgan-Spring Bay,2591.591,https://linked.data.gov.au/dataset/asgsed3/LGA2021/62410,1502,1383,31.2,362,8.2,795,18,636,14.4,280,7.2,276,6.2,709,18.2,875,19.8,363,9.4,121,4,26,0.9,366,7.3,17.5,8.5,5.4,1.1,6.4,6.7,1,3.4,9.6,1.4,8.2,49.2,eb9cc14f-77e8-4640-8eb5-dc5bea23f257,0.282803269995838,9.19051813426589
521,62610,Glenorchy,121.1632,https://linked.data.gov.au/dataset/asgsed3/LGA2021/62610,13575,12313,26.3,3259,7,5591,11.9,8089,17.3,2272,5.9,4787,10.2,6742,17.6,7004,14.9,4062,10.8,1384,3.6,495,1.3,3800,7.5,11.6,8.9,2.9,1,5.5,4.3,1.1,2.4,12.6,1.3,8.9,55.8,e5cc7ebb-d3c9-47f1-91e0-9ceb24449b64,0.0133411196388806,0.874915249476862
522,62810,Hobart,77.8965,https://linked.data.gov.au/dataset/asgsed3/LGA2021/62810,24416,9783,18.7,2200,4.2,4888,9.3,6493,12.4,1744,3.9,4337,8.3,4544,10.2,4641,8.9,2561,5.8,914,2.1,394,0.9,2548,4.6,8.6,7.5,3.1,0.9,3.2,3.4,0.8,1.3,10.6,0.8,8.7,61.1,9d22d243-3979-4cdb-84f5-928ce2fce575,0.00858521285454117,0.610825337269018
523,63010,Huon Valley,5507.3541,https://linked.data.gov.au/dataset/asgsed3/LGA2021/63010,5047,3592,21.2,1008,5.9,2035,12,2797,16.5,945,6.8,1580,9.3,2084,15,2167,12.8,1012,7.4,467,3.4,165,1.2,1209,6.6,13.3,8.6,3.6,0.6,4.9,4.9,0.9,2.4,12.2,1.2,9.3,53,40c0a71f-8361-42b7-ba6d-0e9143f6eae6,0.61044424460124,13.1191314098449
524,63210,Kentish,1156.1888,https://linked.data.gov.au/dataset/asgsed3/LGA2021/63210,1300,1910,30.9,500,8.1,923,14.9,1520,24.6,369,7.1,1123,18.2,1087,20.9,1111,18,436,8.5,231,4.7,59,1.2,455,6.9,13.6,9.3,3.5,0.5,6.1,4.8,1.2,3.1,10.3,1.4,9.3,52.6,55403421-6008-46b3-91b8-89da85141ca0,0.124590866750168,2.43101983043917
525,63410,King Island,1095.7407,https://linked.data.gov.au/dataset/asgsed3/LGA2021/63410,486,,,,,,,,,,,,,,,,,,,,,,,63,3.9,10.2,6.9,4.2,0.5,4,5.1,1.3,2.3,7.8,0.8,6.6,54.4,ae8f1d44-b06a-489d-9294-dbe6c0f839dc,0.115338287573195,2.68098223341814
526,63610,Kingborough,720.1093,https://linked.data.gov.au/dataset/asgsed3/LGA2021/63610,16520,6895,18.6,2020,5.4,3686,9.9,4966,13.4,1531,5.1,2650,7.1,3638,12.2,3736,10.1,2049,7,775,2.6,272,0.9,2071,5.2,11.2,8.6,3.4,0.7,3.8,3.9,0.9,1.7,11,1.1,9.1,58.2,de04908d-8571-442b-aa15-56b49ba70fb6,0.0797373473155858,5.85938443329778
527,63810,Latrobe (Tas.),600.4619,https://linked.data.gov.au/dataset/asgsed3/LGA2021/63810,3110,2930,26.2,704,6.3,1556,13.9,1651,14.7,546,5.9,935,8.3,1690,18.1,1559,13.9,764,8.3,253,3,92,1.1,962,7.7,14.3,9.7,3.9,0.9,5.7,5.8,1.4,3.2,9.5,1.5,8.7,52.6,84a94634-2d96-47d1-99ea-650666781d21,0.0645007375305795,2.6491989035556
528,64010,Launceston,1413.6306,https://linked.data.gov.au/dataset/asgsed3/LGA2021/64010,19700,16189,24.5,4073,6.2,7618,11.5,10930,16.5,2833,5.2,7210,10.9,8600,15.8,8434,12.8,4618,8.6,1714,3.1,631,1.1,5028,7.2,11.3,10.1,3.2,0.9,5.1,4.2,1.2,2.6,11.8,1.3,8.9,55,01d631e5-1e53-440b-b88d-fad060c6435f,0.152118508745389,2.64398692868412
529,64210,Meander Valley,3330.8146,https://linked.data.gov.au/dataset/asgsed3/LGA2021/64210,6268,4293,22,1261,6.5,2223,11.4,2777,14.3,896,5.5,1634,8.4,2378,14.7,2422,12.4,1306,8.2,496,3.2,165,1.1,1414,6.8,13.8,10,3.7,0.7,5.6,4.8,1.3,2.9,10.4,1.4,8.8,54.4,28ba1a75-edd9-4b3c-8687-e28b360b995a,0.359870549031257,4.20138461454099
530,64610,Northern Midlands,5135.2505,https://linked.data.gov.au/dataset/asgsed3/LGA2021/64610,3945,2770,21.2,780,6,1635,12.5,1793,13.7,609,5.6,990,7.6,1496,13.8,1407,10.8,908,8.5,316,3.1,115,1.1,894,6.5,13,9.6,3.7,0.4,5.6,4.7,1.3,3,10.2,1.2,8.8,53.7,5be4d307-376f-40ed-b738-37d9b7624435,0.556654037800399,5.25436650690841
531,64810,Sorell,583.7723,https://linked.data.gov.au/dataset/asgsed3/LGA2021/64810,5314,3919,26.3,841,5.6,1867,12.5,3052,20.5,722,5.9,2067,13.9,1534,12.6,2151,14.4,1078,9,437,3.6,135,1.1,1116,6.7,13.1,9.3,3.7,0.6,5.2,4.6,1.1,2.6,12.1,1.3,8.7,53.2,1b8c7e0a-e7c6-4994-b051-8e1841cdd089,0.0642167298401546,2.27510020433383
532,65010,Southern Midlands,2615.4935,https://linked.data.gov.au/dataset/asgsed3/LGA2021/65010,1795,1473,24.3,392,6.5,783,12.9,1087,17.9,329,6.6,700,11.5,752,15.1,820,13.5,394,8.1,195,3.9,62,1.2,503,7.6,13.1,8.7,3,0.6,5.6,5,0.9,3,11,1.1,7.7,53,470b2c71-3372-4add-bfee-b416acb34c34,0.286149871161797,3.74046566198477
533,65210,Tasman,660.3947,https://linked.data.gov.au/dataset/asgsed3/LGA2021/65210,647,775,33,200,8.5,410,17.5,502,21.4,176,8.6,243,10.3,420,20.4,493,21,177,8.7,89,5.4,25,1.5,210,8.1,18.5,9,5.1,0.7,5.7,5.9,0.8,3.1,13,1.3,10,45,03117ad5-7891-460c-9a6d-b898742ee597,0.0729665316052888,4.6035856488204
534,65410,Waratah-Wynyard,3535.9075,https://linked.data.gov.au/dataset/asgsed3/LGA2021/65410,3285,3880,28.6,893,6.6,2046,15.1,2428,17.9,733,6.6,1710,12.6,1845,16.5,2304,17,846,7.7,378,3.6,128,1.2,1214,8.5,13.3,11,3.7,0.8,7,5.5,1.6,3.2,11.2,1.5,9.3,51.5,cb3f99c8-e7fe-42b9-ba4b-03253487fb91,0.380630491919874,3.66508519591464
535,65610,West Coast,9583.5388,https://linked.data.gov.au/dataset/asgsed3/LGA2021/65610,732,1253,30.4,319,7.7,614,14.9,836,20.3,230,6.8,461,11.2,598,17.8,755,18.3,385,11.6,167,4.9,45,1.3,394,9.2,13.4,9.6,3.2,0.3,6.9,5.8,1.8,3.2,12.7,1.2,9.8,50.3,e5baf7e7-5e7e-4cde-92c2-8bfc7c840541,1.04629130781859,13.1414153552071
536,65810,West Tamar,691.1537,https://linked.data.gov.au/dataset/asgsed3/LGA2021/65810,8264,5687,24.4,1360,5.8,3141,13.5,4378,18.8,1093,5.7,2691,11.6,2911,15.1,3162,13.6,1386,7.3,564,3.1,201,1.1,1507,6,12.8,9.2,3.5,0.6,4.9,4.7,1,2.5,10.8,1.3,9.2,54.2,a937c5f7-1a52-4457-969d-d5e77eae25ec,0.0742845352801851,2.67401914710032
537,69499,No usual address (Tas.),,https://linked.data.gov.au/dataset/asgsed3/LGA2021/69499,,,,,,,,,,,,,,,,,,,,,,,,,,,,,,,,,,,,,,9c97af84-1667-401b-b7aa-83cbab3740a6,,
538,69799,Migratory - Offshore - Shipping (Tas.),,https://linked.data.gov.au/dataset/asgsed3/LGA2021/69799,,,,,,,,,,,,,,,,,,,,,,,,,,,,,,,,,,,,,,d7c2b56c-f647-4718-aee6-379ae005d1e6,,
539,70200,Alice Springs,327.7132,https://linked.data.gov.au/dataset/asgsed3/LGA2021/70200,7771,3023,12,1117,4.4,1701,6.7,1385,5.5,879,4.4,738,2.9,995,5,1346,5.3,1064,5.4,595,2.6,241,1,999,3.9,4.9,6.8,1.8,0.5,5,2.9,1.2,1.1,6,0.7,6.7,64.9,7976ce0b-c308-40aa-b989-073aaf37583c,0.0290206639965618,0.879812732964584
540,70420,Barkly,322710.4145,https://linked.data.gov.au/dataset/asgsed3/LGA2021/70420,611,,,,,,,,,,,,,,,,,,,,,,,204,3.2,2.6,4,1,0.4,7.4,4.4,1.9,0.9,2.9,0.5,4.4,66,784f343c-e579-4c99-8581-2230e5d33e0f,27.770197206589,28.0087896158728
541,70540,Belyuen,41.4054,https://linked.data.gov.au/dataset/asgsed3/LGA2021/70540,,,,,,,,,,,,,,,,,,,,,,,,13,8.7,2.1,,,,6.9,,6.3,2.8,,2.1,7.6,66.7,83df54f0-37d8-4122-88ff-95385c0bfc80,0.00344383799802017,0.234741432073262
542,70620,Central Desert,281338.022,https://linked.data.gov.au/dataset/asgsed3/LGA2021/70620,117,,,,,,,,,,,,,,,,,,,,,,,90,2.5,1.7,2.8,0.4,0.7,9.9,4.1,1.4,0.7,1.9,0.3,3.7,68,e94bfebb-c0dd-488c-b115-4033b98c553d,24.5276137419519,33.7777406767864
543,70700,Coomalie ,2056.0547,https://linked.data.gov.au/dataset/asgsed3/LGA2021/70700,274,,,,,,,,,,,,,,,,,,,,,,,56,4.4,7.7,5.3,2.7,0.5,5.2,5.2,0.9,3.1,5.4,0.6,6.7,47.3,772881ca-9c44-43b4-9446-e8107fd9943b,0.17139892801822,2.70099692430383
544,71000,Darwin,111.2614,https://linked.data.gov.au/dataset/asgsed3/LGA2021/71000,30467,7543,9.3,2680,3.3,4945,6.1,3988,4.9,2118,3.2,4204,5.2,3399,5.1,4259,5.3,2246,3.4,1286,1.8,651,0.9,2933,3.6,5.3,5.5,2,0.4,3.9,2.5,0.8,1.1,5.6,0.6,6.5,66.1,67c112cc-22c8-4b10-afaa-8cce1a9e7e5b,0.00924914426218493,0.640486011580166
545,71150,Darwin Waterfront Precinct,0.7447,https://linked.data.gov.au/dataset/asgsed3/LGA2021/71150,122,,,,,,,,,,,,,,,,,,,,,,,,,6.6,4.5,1.4,,,1.4,,,4.5,,2.1,74.1,11c6353a-f410-4811-ba74-c8caa07bc916,6.19312933167748E-05,0.0394637154997942
546,71300,East Arnhem,33309.9334,https://linked.data.gov.au/dataset/asgsed3/LGA2021/71300,98,,,,,,,,,,,,,,,,,,,,,,,381,4.3,1,3.4,0.5,0.2,4.1,5.9,1.3,0.6,2.3,0.3,5.3,72.3,7ba8aa7d-ac48-4d5e-b81d-ead8d3672242,2.77465351204148,39.0055452560537
547,72200,Katherine,7416.6444,https://linked.data.gov.au/dataset/asgsed3/LGA2021/72200,2581,1267,12.6,497,4.9,821,8.1,869,8.6,364,4.6,650,6.5,475,6,612,6.1,504,6.5,226,2.4,125,1.4,325,3.4,4,5.6,1.5,0.4,4.5,3,0.9,1.2,5,0.6,5.9,60.4,182d40a8-7fab-4014-a618-3e73b5ecf2a8,0.622352789109755,3.97224304963011
548,72300,Litchfield,2903.3391,https://linked.data.gov.au/dataset/asgsed3/LGA2021/72300,8451,2637,11.3,941,4,1750,7.5,1586,6.8,718,3.8,1568,6.7,1218,6.4,1560,6.7,774,4.1,545,2.6,225,1.1,713,3.3,6.4,6.2,2.2,0.2,3.3,2.6,0.6,1.6,5.3,0.6,5.7,58.9,cc28110e-e796-4afa-b8cb-eb0ecf882c9d,0.241480411438715,4.42173476361586
549,72330,MacDonnell,268339.0281,https://linked.data.gov.au/dataset/asgsed3/LGA2021/72330,100,,,,,,,,,,,,,,,,,,,,,,,206,3.6,1.3,3.2,0.3,0.3,8.4,3.2,1.5,0.5,1.8,0.3,3.8,60.8,074fe87f-5994-4a52-b162-37f7566caf0e,23.9303613309692,26.4925804027414
550,72800,Palmerston,52.6559,https://linked.data.gov.au/dataset/asgsed3/LGA2021/72800,13275,2852,7.8,1027,2.8,1777,4.9,1578,4.3,869,3.2,1715,4.7,1126,4.2,1692,4.7,834,3.1,609,1.8,346,1,1487,4,4.8,7.2,1.5,0.4,3.6,2.1,0.7,1.2,6.7,0.5,6.8,64.1,6250a3cf-db59-46fa-9cca-95127a502738,0.00437886656447972,0.329653498783839
551,73600,Roper Gulf,185213.4546,https://linked.data.gov.au/dataset/asgsed3/LGA2021/73600,219,,,,,,,,,,,,,,,,,,,,,,,195,3,1.7,3.7,0.6,0.4,6.1,5.7,1.3,0.9,3,0.4,5,65.9,6b671b4f-1d8c-41d4-95b7-3b636695e625,15.5990138014589,33.2773394579947
552,74050,Tiwi Islands,7483.1661,https://linked.data.gov.au/dataset/asgsed3/LGA2021/74050,55,,,,,,,,,,,,,,,,,,,,,,,83,3.5,0.6,2.8,0.3,,4.4,4.1,2.6,1.5,2.4,0.1,5.8,71.1,fd9a6b97-60cd-4727-bd5c-fbb5dfc41209,0.620194630571063,8.82608979455843
553,74550,Victoria Daly,153287.3722,https://linked.data.gov.au/dataset/asgsed3/LGA2021/74550,182,,,,,,,,,,,,,,,,,,,,,,,86,3.1,2.8,4.1,0.7,0.6,6.7,3.9,1.2,0.8,2.1,0.4,3.1,68,c777589e-373d-46c5-8e01-278ea1adbb0c,12.9606944766002,26.5480763191644
554,74560,Wagait,5.6628,https://linked.data.gov.au/dataset/asgsed3/LGA2021/74560,150,,,,,,,,,,,,,,,,,,,,,,,25,5.9,8.5,5.6,5.6,1.9,2.4,6,,4.6,7.5,2.4,8.9,56.5,068fecd0-842d-444c-8a4a-a241bd1a57d9,0.000470829421033159,0.168181608426979
555,74660,West Arnhem,49675.0342,https://linked.data.gov.au/dataset/asgsed3/LGA2021/74660,298,,,,,,,,,,,,,,,,,,,,,,,170,2.7,1.4,5.7,0.4,0.2,4.9,7,2.2,1.1,3,0.3,6.2,66.4,62a2c7f0-a9c0-4ee8-9442-0b90fa4d597b,4.13057151146859,23.235318910242
556,74680,West Daly,14069.698,https://linked.data.gov.au/dataset/asgsed3/LGA2021/74680,56,,,,,,,,,,,,,,,,,,,,,,,93,3.1,0.7,2.7,0.4,,3,4.2,0.7,0.4,1.2,0.2,3.3,73.8,8213edb0-122b-4fc4-8b8c-ce312f19f93b,1.17826163944187,7.55652859466067
557,79399,Unincorporated NT,19792.8884,https://linked.data.gov.au/dataset/asgsed3/LGA2021/79399,2230,,,,,,,,,,,,,,,,,,,,,,,136,2,3.8,5,1.1,0.1,2.7,2.2,0.5,1.1,4.8,0.4,4.6,58.9,62a5913b-e7f8-412d-94b1-3bcff3651e15,1.65013277500918,19.2713067601589
558,79499,No usual address (NT),,https://linked.data.gov.au/dataset/asgsed3/LGA2021/79499,,,,,,,,,,,,,,,,,,,,,,,,,,,,,,,,,,,,,,4b312b31-29b7-44c1-9053-7fa2b2fbd2a5,,
559,79799,Migratory - Offshore - Shipping (NT),,https://linked.data.gov.au/dataset/asgsed3/LGA2021/79799,,,,,,,,,,,,,,,,,,,,,,,,,,,,,,,,,,,,,,76010a4c-c670-4797-83ef-a75d95dc6239,,
560,89399,Unincorporated ACT,2358.133,https://linked.data.gov.au/dataset/asgsed3/LGA2021/89399,201059,72808,17.7,15457,3.8,27912,6.8,48414,11.8,11939,3.6,28126,6.8,23803,7.2,29153,7.1,12306,3.8,7387,2,3219,0.9,20749,4.6,7.7,9,2.7,0.6,3.9,3.1,0.9,1.3,10,0.7,9.7,61,a2cdfe77-3302-4a30-b447-138bd2c00f01,0.234227203989121,3.03213303064297
561,89499,No usual address (ACT),,https://linked.data.gov.au/dataset/asgsed3/LGA2021/89499,,,,,,,,,,,,,,,,,,,,,,,,,,,,,,,,,,,,,,631521be-4603-436b-b738-8633f145ac6f,,
562,89799,Migratory - Offshore - Shipping (ACT),,https://linked.data.gov.au/dataset/asgsed3/LGA2021/89799,,,,,,,,,,,,,,,,,,,,,,,,,,,,,,,,,,,,,,341f250c-2fa0-4077-a1f4-dfceee70a30f,,
563,99399,Unincorp. Other Territories,105.8806,https://linked.data.gov.au/dataset/asgsed3/LGA2021/99399,533,,,,,,,,,,,,,,,,,,,,,,,118,4.7,7.9,6.3,3.2,0.9,4.4,4.6,1,1.6,5.6,1,7.3,56,8f87da60-9735-4271-afbe-e93b170cf0db,0.0102306443959606,1.30100845770358
564,99499,No usual address (OT),,https://linked.data.gov.au/dataset/asgsed3/LGA2021/99499,,,,,,,,,,,,,,,,,,,,,,,,,,,,,,,,,,,,,,706ce4c1-7aa6-4f90-9d45-1f8bb1239fd1,,
565,99799,Migratory - Offshore - Shipping (OT),,https://linked.data.gov.au/dataset/asgsed3/LGA2021/99799,,,,,,,,,,,,,,,,,,,,,,,,,,,,,,,,,,,,,,cd1a0d8b-735d-4158-8ae0-2371d43257a1,,
566,ZZZZZ,Outside Australia,,https://linked.data.gov.au/dataset/asgsed3/LGA2021/ZZZZZ,,,,,,,,,,,,,,,,,,,,,,,,,,,,,,,,,,,,,,918e0f50-9aae-49d1-8d73-9e03a5fb1af5,,
